db_company_id,db_company_code,db_company_name,db_legacy_id,match_type,matched_ssot_code,matched_ssot_name,fk_orders,fk_products,fk_equipment,total_fks,status
ea09189f-1e25-4c4d-8c6a-0684a2b63804,AHP,(株)アサヒプレシジョン 本社,COMP-182,Exact Code,AHP,アサヒプレシジョン,0,0,0,0,KEEP (Matched)
cd6a5f26-9ce7-4daa-a4c7-7bade1452ee5,MOK,MOK,CUST-2,No Match,,,22,10,4,36,ORPHAN WITH FKS (Requires Manual Check)
61bae885-4721-45d4-84a7-f5dd9c80c006,MPN,MPN,CUST-3,No Match,,,0,0,0,0,ORPHAN (Garbage?)
88bc5738-798d-4dc0-8048-d775386be468,MRY,MRY,CUST-4,No Match,,,7,47,1,55,ORPHAN WITH FKS (Requires Manual Check)
bdce0bfc-e432-483b-86d7-5018525804c8,MS,MS,CUST-5,No Match,,,0,6,2,8,ORPHAN WITH FKS (Requires Manual Check)
5cec4d0d-4fd8-4d27-a368-8521075aa089,MSM,MSM,CUST-6,No Match,,,0,17,2,19,ORPHAN WITH FKS (Requires Manual Check)
6b75f811-1912-4a50-8c18-45b529fec0e0,AIDK,アイデックス(株),,Exact Code,AIDK,アイデックス,0,0,0,0,KEEP (Matched)
0d13c26f-cbdd-4825-b210-9e98ccc4febf,AIDS,アイデックス(株),,Exact Code,AIDS,アイデックス,0,0,0,0,KEEP (Matched)
9ce59084-bd9f-46e4-a0cd-7f85b2e050a6,MTM,ミツミ電機☆,CUST-9,No Match,,,34,551,291,876,ORPHAN WITH FKS (Requires Manual Check)
8a6cf8fe-43ec-4e3a-8add-e6e7baf35ef4,AIDY,アイデックス(株),,Exact Code,AIDY,アイデックス,0,0,0,0,KEEP (Matched)
8e5845e3-0dcc-4577-b669-f0d3188f3d13,AIH,(有)相原製作所,COMP-39,Exact Code,AIH,相原製作所,0,0,0,0,KEEP (Matched)
d3e3ed9c-68d8-4d9e-a97b-620d7ad57e33,AIN,(株)アイン,COMP-222,Exact Code,AIN,アイン,0,0,0,0,KEEP (Matched)
6ee76930-3a5a-4d1e-9a73-6ef86b76f7c5,CUST13,CUST13,CUST-13,No Match,,,0,1,0,1,ORPHAN WITH FKS (Requires Manual Check)
db2285be-7bdd-487b-ac8a-1d3a719e3660,NFC,エヌ・エフ・シー(株),CUST-16,Exact Code,NFC,エヌ・エフ・シー,0,4,2,6,KEEP (Matched)
86586550-424e-455d-9c13-9403c41c479e,NSE,(株)ネモト・センサエンジニアリング,CUST-27,Exact Code,NSE,ネモト・センサエンジニアリング,1,7,4,12,KEEP (Matched)
100084a1-6abe-4b07-8c29-68f8b00f7a9c,NSK,(有)日三化成,CUST-28,Exact Code,NSK,日三化成,0,32,4,36,KEEP (Matched)
851447a1-8f43-4f69-9271-e9a90cc8d67b,NHK,NHK,CUST-21,No Match,,,0,24,25,49,ORPHAN WITH FKS (Requires Manual Check)
9cc2066f-2d63-4dee-b212-72deebaee867,NSM,西村(株),CUST-29,Exact Code,NSM,西村,0,4,1,5,KEEP (Matched)
c6e96642-9d92-4866-ae2a-b9fe2d353ee5,NWN,(株)ニワノ,CUST-31,Exact Code,NWN,ニワノ,5,6,1,12,KEEP (Matched)
3eab7c48-f189-4a45-a6ba-7a8364c21652,QA,(株)クエイザーシステム,CUST-48,Exact Code,QA,クエイザーシステム,0,6,1,7,KEEP (Matched)
800968a6-ea3b-4adf-9180-ee4a71cfad77,RYK,菱華工業(株) 平塚工場,CUST-51,Exact Code,RYK,菱華工業(株),5,19,2,26,KEEP (Matched)
eb11a948-879f-42d2-a94a-9677a97ed5f3,SAI,三愛化成商事(株),CUST-53,Exact Code,SAI,三愛化成商事,0,1,1,2,KEEP (Matched)
5fb0aee3-ab56-47e9-a61b-5ec26b10e8a1,NTT,NTT,CUST-30,No Match,,,0,1,0,1,ORPHAN WITH FKS (Requires Manual Check)
f239451c-1e31-409e-98ac-22547c2c2301,SDK,(株) SDK,CUST-57,Exact Code,SDK,SDK,0,3,3,6,KEEP (Matched)
864078da-8d09-49fe-9f38-42ddad3fcf8a,OID,OID,CUST-35,No Match,,,0,1,0,1,ORPHAN WITH FKS (Requires Manual Check)
7e90c664-c857-4593-8234-88808eab1343,OMG,OMG,CUST-36,No Match,,,1,7,2,10,ORPHAN WITH FKS (Requires Manual Check)
c323e745-afa5-463f-b190-92988f64647a,ONER,ONER,CUST-37,No Match,,,0,1,1,2,ORPHAN WITH FKS (Requires Manual Check)
23526c50-5ab8-42c2-9a38-e7aa4fac7fa2,ORM,ORM,CUST-40,No Match,,,16,5,3,24,ORPHAN WITH FKS (Requires Manual Check)
72603346-afe2-4b71-ac3e-86281c6591fb,OSI,大橋紙器印刷,CUST-41,No Match,,,0,3,2,5,ORPHAN WITH FKS (Requires Manual Check)
840b2a19-4bac-41a8-9dc5-575af5bfe595,OTAX,OTAX,CUST-42,No Match,,,9,46,8,63,ORPHAN WITH FKS (Requires Manual Check)
b7e7cc5d-7966-4c3f-af68-f9aa3569391e,OTD,オーテ電気,CUST-43,No Match,,,0,1,0,1,ORPHAN WITH FKS (Requires Manual Check)
d389b269-2fa1-4a48-9ab4-545fe48c4899,OTJ,OTJ,CUST-44,No Match,,,3,2,0,5,ORPHAN WITH FKS (Requires Manual Check)
2db88519-edde-46a5-8040-879ad822ae6b,PLX,PLX,CUST-45,No Match,,,3,4,1,8,ORPHAN WITH FKS (Requires Manual Check)
62eef472-27c7-4aca-8b1e-003c050f3eb4,POS,POS,CUST-47,No Match,,,0,1,0,1,ORPHAN WITH FKS (Requires Manual Check)
55769317-4f04-4568-8236-414d82d00381,RCH,RCH,CUST-49,No Match,,,0,21,16,37,ORPHAN WITH FKS (Requires Manual Check)
2bf9a975-1f07-4b9f-90fc-b90740713867,RKK,アール光学工業,CUST-50,No Match,,,0,1,0,1,ORPHAN WITH FKS (Requires Manual Check)
e17a7106-5779-4dd2-b868-6a9055b845af,RYOKA,RYOKA,CUST-52,No Match,,,0,3,0,3,ORPHAN WITH FKS (Requires Manual Check)
ac3e3800-56cc-4f57-8e29-2446648e009a,SAIKO,SAIKO,CUST-54,No Match,,,0,1,0,1,ORPHAN WITH FKS (Requires Manual Check)
32ccdd1b-8fd4-40f7-9395-e2b1da54d855,SAM,SAM,CUST-55,No Match,,,2,2,0,4,ORPHAN WITH FKS (Requires Manual Check)
bd75fc67-a784-4611-9578-20a9f7451793,SBK,SBK,CUST-56,No Match,,,0,1,0,1,ORPHAN WITH FKS (Requires Manual Check)
70d831f9-b84e-4fac-b265-a914a300035b,SDSJ,SDSJ,CUST-58,No Match,,,0,2,2,4,ORPHAN WITH FKS (Requires Manual Check)
9766b85e-bc61-4aeb-aa88-f1e6d286757b,SESK,SESK,CUST-59,No Match,,,0,1,0,1,ORPHAN WITH FKS (Requires Manual Check)
4d9a6612-8edd-4af4-8538-e14a4f708ba5,SHP,シャープ福山事業所,CUST-60,No Match,,,0,2,1,3,ORPHAN WITH FKS (Requires Manual Check)
c3beb0e0-806a-4216-a505-950ff87cd19a,SJT,SJT,CUST-64,No Match,,,0,1,0,1,ORPHAN WITH FKS (Requires Manual Check)
6af3b744-2d70-4d42-968b-329ca3a9f4cc,SK,SK,CUST-65,No Match,,,5,93,11,109,ORPHAN WITH FKS (Requires Manual Check)
9758caa6-e856-4b5f-baf4-94deede1b588,SKO,シンワ工機,CUST-68,No Match,,,0,1,0,1,ORPHAN WITH FKS (Requires Manual Check)
133dee5f-c394-4ae9-9490-340fb2d6ea16,SMT,スミテック,CUST-72,No Match,,,0,2,1,3,ORPHAN WITH FKS (Requires Manual Check)
3e7629aa-4bff-426d-91f6-584dc629bd2b,SNM,新名製作所,CUST-73,No Match,,,1,3,0,4,ORPHAN WITH FKS (Requires Manual Check)
e1473884-b581-43da-a6f2-43952cd64db9,AIS,(株)アイセス,COMP-165,Exact Code,AIS,アイセス,0,0,0,0,KEEP (Matched)
4de2067d-54f3-42b6-80a5-d05b529111e9,SP2,SP2,CUST-75,No Match,,,0,1,0,1,ORPHAN WITH FKS (Requires Manual Check)
027e0fba-cc3c-4cac-895b-18f374340156,SP30,SP30,CUST-76,No Match,,,0,1,0,1,ORPHAN WITH FKS (Requires Manual Check)
37999dfc-ef78-477b-b7c8-6b96eb423126,AKH,(株)愛幸発條,COMP-28,Exact Code,AKH,愛幸発條,0,0,0,0,KEEP (Matched)
c31c7c9a-57e8-4285-9f26-25bca7aa5ee3,AKK,朝日金属工業(株),COMP-180,Exact Code,AKK,朝日金属工業,0,0,0,0,KEEP (Matched)
44080e3e-da7c-40ce-8b0f-0a9317bf34de,SRI,シュライン精工,CUST-79,No Match,,,24,11,3,38,ORPHAN WITH FKS (Requires Manual Check)
c1158470-7e69-47c7-addf-db1d98214c4d,SSM,サンシャインモスキュー,CUST-81,No Match,,,94,87,39,220,ORPHAN WITH FKS (Requires Manual Check)
9a79a28f-10d0-4eb8-ac0e-67a94c5a7880,AKM,秋元製作所,,Exact Code,AKM,秋元製作所,0,0,0,0,KEEP (Matched)
82118a66-7f1a-4b38-abe8-4a9e82eb2215,AKS,アクセプト 株式会社,COMP-48,Exact Code,AKS,アクセプト,0,0,0,0,KEEP (Matched)
8985f67d-b1ff-4ce2-874e-c7105bfc070f,AKT,(株)アクト ・ジャパン 伊那工場,CUST-114,Exact Code,AKT,アクト,0,2,1,3,KEEP (Matched)
3cb8dd3b-cb9d-486d-8e72-88153be29e8d,T,T,CUST-89,No Match,,,0,4,0,4,ORPHAN WITH FKS (Requires Manual Check)
25180ecf-bbd3-4f04-a30c-7a9d03e3f4d8,TBG,TBG,CUST-90,No Match,,,6,44,15,65,ORPHAN WITH FKS (Requires Manual Check)
0775c226-d052-43fa-bdc4-949ac91b9451,SKC,セイコークロック(株),CUST-66,Exact Code,SKC,セイコークロック,0,2,0,2,KEEP (Matched)
9698ebd8-2a00-4272-9f7e-ee4dd3bc07be,SSK,(株)三泗計測機,CUST-80,Exact Code,SSK,三泗計測機,17,13,7,37,KEEP (Matched)
fbdd3750-68c9-46cd-bf97-05e26c69ac84,TE,TE,CUST-93,No Match,,,6,654,83,743,ORPHAN WITH FKS (Requires Manual Check)
1825d7d2-3490-4d07-870c-60eefaf93b17,STD,瀬戸電子(株),CUST-82,Exact Code,STD,瀬戸電子,2,22,15,39,KEEP (Matched)
68c752b8-d92c-4a45-bfa5-4de634f42d40,TMD,TMD,CUST-101,No Match,,,0,1,0,1,ORPHAN WITH FKS (Requires Manual Check)
6a4ef8dc-cfc6-40ab-be4a-ab77b5f5da1e,STF,埼玉富士,CUST-83,Exact Code,STF,埼玉富士,0,14,8,22,KEEP (Matched)
d64a8ade-0b91-4d47-9762-6eb3e8151b52,STN,佐藤抜型(有),CUST-84,Exact Code,STN,佐藤抜型,0,4,0,4,KEEP (Matched)
7be8a6f5-4499-4e56-8323-4c4d20fdf23f,SWJ,(株)照和樹脂,CUST-85,Exact Code,SWJ,照和樹脂,0,29,16,45,KEEP (Matched)
3fcac519-0997-4207-ba66-bdbf40663c60,TP,TP,CUST-105,No Match,,,0,1,0,1,ORPHAN WITH FKS (Requires Manual Check)
860c19e0-55c3-41a9-955a-7cf918ecfd7e,TRT,TRT,CUST-106,No Match,,,0,1,0,1,ORPHAN WITH FKS (Requires Manual Check)
6c31ef48-0af5-470b-87f0-cf340bf21a73,THP,東北プレス工業(株),CUST-94,Exact Code,THP,東北プレス工業,5,16,5,26,KEEP (Matched)
3e661d19-968a-4d81-9441-4eebe14abad0,TIH,(有) 大宝工業,CUST-95,Exact Code,TIH,大宝工業,8,36,13,57,KEEP (Matched)
4d426b50-b401-47bc-933b-f51370dcd69e,ADY,エーディーワイ（ｽﾋﾟｰﾄﾞｼﾞｬﾊﾟﾝ)☆,CUST-111,No Match,,,88,119,61,268,ORPHAN WITH FKS (Requires Manual Check)
e5738845-e195-4ff4-a4b1-cdbad5e29f56,AFMC,AFMC,CUST-112,No Match,,,0,7,0,7,ORPHAN WITH FKS (Requires Manual Check)
83cdbe9f-71de-4a7d-ba96-0668ef30a0c0,AGR,アグレス,CUST-113,No Match,,,1,1,0,2,ORPHAN WITH FKS (Requires Manual Check)
36db9ffb-2dbc-416e-946d-1a43d49f12c2,TKD,(株)テクシアマシナリー,CUST-96,Exact Code,TKD,テクシアマシナリー,1,34,16,51,KEEP (Matched)
cb31678b-d7aa-4b39-9cab-39c7c9dc94b2,TKN,タカノギケン株式会社,CUST-97,Exact Code,TKN,タカノギケン,0,3,1,4,KEEP (Matched)
c7853a63-a0b6-4d61-9e72-731bdc664574,TKO,(株)トーコー,CUST-98,Exact Code,TKO,トーコー,0,4,3,7,KEEP (Matched)
142e2676-6dac-42f3-a98a-d6b0eb5f5131,TSB,(株)東芝 デジタルメディアネットワーク社,CUST-107,Exact Code,TSB,東芝 デジタルメディアネットワーク社,0,7,2,9,KEEP (Matched)
1b234ffe-deeb-46a3-8408-47285e7ec1e9,YSD,(株)ヨシダ成形,CUST-108,Exact Code,YSD,ヨシダ成形,254,901,256,1411,KEEP (Matched)
9c92040f-c560-48de-a0f3-8030df3633c5,APF,エーピーエフ,CUST-119,No Match,,,4,8,2,14,ORPHAN WITH FKS (Requires Manual Check)
222a64ff-2864-47a5-a9be-0fa10dfa526b,ARD,ARD,CUST-120,No Match,,,0,1,0,1,ORPHAN WITH FKS (Requires Manual Check)
4f1c43a6-7fdc-4cb5-a5bb-fb16eb279876,ASC,ASC,CUST-122,No Match,,,8,5,1,14,ORPHAN WITH FKS (Requires Manual Check)
e5db2410-e3e2-44e0-98c9-f78abe6de77d,ATS,ATS,CUST-125,No Match,,,19,30,3,52,ORPHAN WITH FKS (Requires Manual Check)
ccfe3bbb-56cf-4b98-86ab-08a2862add19,AZUMA,AZUMA,CUST-126,No Match,,,0,1,0,1,ORPHAN WITH FKS (Requires Manual Check)
dc082e0c-b036-485d-a5ad-932aeed4dd5e,ALF,(株)アルファクト,CUST-115,Exact Code,ALF,アルファクト,0,2,0,2,KEEP (Matched)
38ec2fbe-d59c-4d54-91e5-d95248451928,C,C,CUST-128,No Match,,,0,1,0,1,ORPHAN WITH FKS (Requires Manual Check)
11409cab-e6e8-4a04-a8a1-fce05f425a34,ALJ,アレントジャパン(株),COMP-208,Exact Code,ALJ,アレントジャパン,0,0,0,0,KEEP (Matched)
8663720d-d7d5-4b42-85bf-507dee4496b0,ALM,(株)アラマキ 配送センター,COMP-196,Exact Code,ALM,アラマキ,0,0,0,0,KEEP (Matched)
7379b372-313c-471e-8ce7-652a7c8f7fc0,CSFHI,CSFHI,CUST-131,No Match,,,0,1,0,1,ORPHAN WITH FKS (Requires Manual Check)
d1afb26d-a76b-4895-9a8b-7e3376141c6a,CGI,CGI,CUST-132,No Match,,,0,5,0,5,ORPHAN WITH FKS (Requires Manual Check)
a3ace29d-8483-4a30-a49f-382bcf3e7c34,CGR,CGR,CUST-133,No Match,,,0,3,0,3,ORPHAN WITH FKS (Requires Manual Check)
fa54bf33-617d-4268-88b5-2ccb0ccd0968,CIPS,CIPS,CUST-134,No Match,,,0,5,3,8,ORPHAN WITH FKS (Requires Manual Check)
2773f1c4-c962-4318-8375-69df7085d162,CK,CK,CUST-135,No Match,,,29,13,2,44,ORPHAN WITH FKS (Requires Manual Check)
a9ed13dd-b68e-455f-a2c4-f28e895b9fde,ALP,アルプス電気(株),CUST-116,Exact Code,ALP,アルプス電気,0,5,2,7,KEEP (Matched)
f949ae79-bb5e-4613-98e5-1632eae5fcd1,AMEC,三晶MEC(株) 有金工場,,Exact Code,AMEC,三晶MEC(株),0,0,0,0,KEEP (Matched)
4ee6551d-a908-4e7d-8d3d-1bd4df2ec3ef,HKS,(有) ホクソウ,CUST-162,Exact Code,HKS,ホクソウ,12,16,8,36,KEEP (Matched)
21ae5b02-6194-419c-868c-ff14c2fcc647,DDB,第一電装部品,CUST-139,No Match,,,0,7,5,12,ORPHAN WITH FKS (Requires Manual Check)
b4e16651-b2b2-4973-b61c-75299be7d569,DHA,DHA,CUST-140,No Match,,,1,3,2,6,ORPHAN WITH FKS (Requires Manual Check)
384beeb3-4139-4ed1-aca0-eb143ce73941,HMP,浜松ホトニクス(株) 本社工場,CUST-163,Exact Code,HMP,浜松ホトニクス(株),0,18,5,23,KEEP (Matched)
eebd26f6-9588-4137-b633-ca3366a03cac,HNS,(株)H・Iシステック,CUST-164,Exact Code,HNS,H・Iシステック,3,2,0,5,KEEP (Matched)
522f3ef1-e7e5-472e-a2e6-3a4ae276abdc,ITS,(株)アイティエスエンジニアリング,CUST-175,Exact Code,ITS,アイティエスエンジニアリング,4,2,0,6,KEEP (Matched)
9284a3a9-a3b9-41a5-b2c5-ee852dabff5c,DK,DK,CUST-144,No Match,,,0,10,1,11,ORPHAN WITH FKS (Requires Manual Check)
8f9e7f3d-79d4-481d-9640-06399520654c,DNS,DNS,CUST-145,No Match,,,0,4,0,4,ORPHAN WITH FKS (Requires Manual Check)
01a73f4a-9ce5-4f2f-84b4-30fee669887c,E,E,CUST-146,No Match,,,117,14,0,131,ORPHAN WITH FKS (Requires Manual Check)
b65c28bb-ade5-4606-b138-af802d0c9fdf,EDK,EDK,CUST-147,No Match,,,0,1,0,1,ORPHAN WITH FKS (Requires Manual Check)
67c51eef-4fb4-44cd-9dc3-ce5a5ab050a7,EK,EK,CUST-148,No Match,,,0,2,0,2,ORPHAN WITH FKS (Requires Manual Check)
c8d7fb76-4c29-485b-88e7-a2d53224e0aa,ELI,アイ・ライティング・システム(岩崎電気様分),CUST-149,No Match,,,1,2,0,3,ORPHAN WITH FKS (Requires Manual Check)
539354aa-b478-4c96-abea-8dbbad19c3f1,IWD,岩機ダイカスト工業(株),CUST-176,Exact Code,IWD,岩機ダイカスト工業,0,3,2,5,KEEP (Matched)
2711a1c0-b406-4fec-9108-906bae043199,FHJ,冨士発條☆,CUST-154,No Match,,,0,1,0,1,ORPHAN WITH FKS (Requires Manual Check)
3f738951-7340-48bc-aaf7-bb04cd60f2b4,JIC,(株)ジャパンインターナショナルコマース,CUST-178,Exact Code,JIC,ジャパンインターナショナルコマース,0,2,2,4,KEEP (Matched)
4dcccf33-c881-40f5-9a01-42d2a3c03639,GKD,GKD,CUST-156,No Match,,,0,4,0,4,ORPHAN WITH FKS (Requires Manual Check)
8d168fc7-2954-4889-8030-0afd359e65a8,KAR,(株)ケーアライバル,CUST-181,Exact Code,KAR,ケーアライバル,2,2,1,5,KEEP (Matched)
fd3289f9-47d8-47c2-bd78-b81a2f59500e,H,H,CUST-158,No Match,,,0,27,1,28,ORPHAN WITH FKS (Requires Manual Check)
a7f8ebb4-6dc2-489c-9e20-b03f40902bdd,HAK,白山石川工場,CUST-159,No Match,,,12,2,2,16,ORPHAN WITH FKS (Requires Manual Check)
a65d8f25-2f99-4381-98a7-e60bed2d4a9c,HCP,HCP,CUST-160,No Match,,,0,1,0,1,ORPHAN WITH FKS (Requires Manual Check)
a4a4144f-02ae-4afe-823d-6aa2ba282f70,HIN,HIN,CUST-161,No Match,,,0,5,2,7,ORPHAN WITH FKS (Requires Manual Check)
879c1fcf-2612-4699-9d47-a799edc26d8a,HOKUTO,東北ﾀﾁﾊﾞﾅ,CUST-165,No Match,,,0,1,1,2,ORPHAN WITH FKS (Requires Manual Check)
44c4420e-a0af-4964-af11-1ff50f9d4c2f,HRT,HRT,CUST-166,No Match,,,0,5,2,7,ORPHAN WITH FKS (Requires Manual Check)
6d7d2f4b-7a06-4ec7-8184-8960d2608852,HSH,エイチエス,CUST-167,No Match,,,2,3,1,6,ORPHAN WITH FKS (Requires Manual Check)
5551651a-6ff6-4ba8-bef4-af2b61e8632a,JAE,日本航空電子工業株式会社,CUST-177,No Match,,,250,507,176,933,ORPHAN WITH FKS (Requires Manual Check)
9858baa4-d8f4-4c4c-9c63-985d206f318a,IGB,IGB,CUST-171,No Match,,,0,4,2,6,ORPHAN WITH FKS (Requires Manual Check)
25aa75f6-da19-40b3-bb2a-20247acbd14e,INP,INP,CUST-172,No Match,,,0,4,0,4,ORPHAN WITH FKS (Requires Manual Check)
d78bff0e-d5d2-4c57-b824-7c2fe68b3ae6,IPC,アイペック,CUST-173,No Match,,,0,1,0,1,ORPHAN WITH FKS (Requires Manual Check)
ee22199e-73f2-4584-a8a8-927fe0bdfa66,IR,IR,CUST-174,No Match,,,0,1,0,1,ORPHAN WITH FKS (Requires Manual Check)
4daaa7f6-3fab-4a7b-9633-4eec1c2be77b,JR,JR,CUST-179,No Match,,,0,3,1,4,ORPHAN WITH FKS (Requires Manual Check)
1356c567-f56e-4c9c-a4ac-b0eca71a633b,K,K,CUST-180,No Match,,,0,4,0,4,ORPHAN WITH FKS (Requires Manual Check)
17f8f067-fb73-4e88-b1d3-39689699267a,AMG,(有)アヅマ合成樹脂,COMP-192,Exact Code,AMG,アヅマ合成樹脂,0,0,0,0,KEEP (Matched)
1377542e-280b-4f85-95f2-bf402b36fa5b,AMP,タイコ エレクトロニクス ジャパン合同会社,CUST-117,Exact Code,AMP,タイコ エレクトロニクス ジャパン,91,218,9,318,KEEP (Matched)
ee5c25b7-10ef-4335-88ca-4eb9c815d4f3,KGP,キングパーツ,CUST-186,No Match,,,1,2,2,5,ORPHAN WITH FKS (Requires Manual Check)
11738a09-21ae-4af9-a69f-f40221b5a516,AND,(株)アドニクス,COMP-211,Exact Code,AND,アドニクス,0,1,0,1,KEEP (Matched)
1eeac57a-e525-4a6b-9eae-5a2507f0cdb0,AOM,青森 桜総業,,Exact Code,AOM,青森 桜総業,0,0,0,0,KEEP (Matched)
6880d25c-7b5c-4dc3-9ca0-6a8d20d24070,AON,(株)青野工業,CUST-118,Exact Code,AON,青野工業,4,6,1,11,KEEP (Matched)
f3a132d8-d6b6-4e2c-890e-2a859e692d8d,KOH,KOH,CUST-192,No Match,,,0,1,0,1,ORPHAN WITH FKS (Requires Manual Check)
22b7f529-f1d5-4131-a993-0c1f1c952c2a,KYD,(株)高陽電商,CUST-204,Exact Code,KYD,高陽電商,0,1,0,1,KEEP (Matched)
be714a96-54d6-4396-993c-42dc5c355686,KORYO KR,KORYO KR,CUST-194,No Match,,,0,1,0,1,ORPHAN WITH FKS (Requires Manual Check)
ede398b4-dcfd-435a-a4e2-acb3a77db9f0,KYM,(株)小山,CUST-205,Exact Code,KYM,小山,1,10,5,16,KEEP (Matched)
25a68aa9-e0fa-40ef-a9d8-27d40b9cecb6,MBS,三菱製鋼(株),CUST-209,Exact Code,MBS,三菱製鋼,0,8,1,9,KEEP (Matched)
92ecab15-803f-43ae-a086-dfa3a258f5cb,KSC,KSC,CUST-197,No Match,,,4,7,4,15,ORPHAN WITH FKS (Requires Manual Check)
991d22d8-dc92-4665-8a0e-d03c166c451f,MIS,(株)ミスミ,CUST-213,Exact Code,MIS,ミスミ,0,8,1,9,KEEP (Matched)
f9e83554-f457-4599-aa83-14f74fa17572,MIY,(株)名優,CUST-214,Exact Code,MIY,名優,0,7,6,13,KEEP (Matched)
f1c7f4b6-8f26-415a-84a0-3d0c46e840eb,KSR,KSR,CUST-200,No Match,,,0,1,0,1,ORPHAN WITH FKS (Requires Manual Check)
fb052d4a-f485-4159-941e-c352cb927581,MKN,(株)ミクニエーム,CUST-216,Exact Code,MKN,ミクニエーム,0,1,0,1,KEEP (Matched)
a854563e-f607-4fd1-a3be-7ce721ac0356,KWE,KWE,CUST-202,No Match,,,4,6,4,14,ORPHAN WITH FKS (Requires Manual Check)
07216dfd-cec8-4d42-8eaf-52567fc7de2c,KYANON,KYANON,CUST-203,No Match,,,0,1,1,2,ORPHAN WITH FKS (Requires Manual Check)
5018c52c-ce75-4318-ad4e-56fa75fa6c9d,MDS,前出産業,CUST-210,No Match,,,6,14,6,26,ORPHAN WITH FKS (Requires Manual Check)
2a46769f-9cbd-40e9-9377-1d72af39b145,MH,MH,CUST-211,No Match,,,0,1,0,1,ORPHAN WITH FKS (Requires Manual Check)
b0da96c3-19de-4026-8764-cb02caaed173,MKP,(有) 真木プラスチック工業所,CUST-217,Exact Code,MKP,真木プラスチック工業所,4,6,0,10,KEEP (Matched)
e35dda8f-d8e6-454f-91c2-f4c15949cea5,MKG,MKG,CUST-215,No Match,,,0,3,0,3,ORPHAN WITH FKS (Requires Manual Check)
9ede39ae-4a75-45dc-8b49-64c061f8c523,MMT,MMT,CUST-218,No Match,,,35,24,8,67,ORPHAN WITH FKS (Requires Manual Check)
0e93a657-9024-43f4-b1d3-22555ac2bb64,TSP,高崎プリント(株),CUST-219,Exact Code,TSP,高崎プリント,1,8,3,12,KEEP (Matched)
94cb5740-a2e7-4c34-aaa3-b7e23b56ec68,TSS,TSS株式会社 川崎営業所,CUST-220,Exact Code,TSS,TSS株式会社,2,8,4,14,KEEP (Matched)
fcb60aca-303f-4cae-8a14-42f21671308e,TYJ,東洋樹脂,CUST-223,No Match,,,3,2,1,6,ORPHAN WITH FKS (Requires Manual Check)
4ef51d59-20f5-404d-8617-9a29e38d148d,WKS,(株)和光精機 本社,CUST-228,Exact Code,WKS,和光精機,0,4,1,5,KEEP (Matched)
9d3f0b9c-26e2-4030-aeee-9df17b1630ec,TYU,TYU,CUST-225,No Match,,,0,1,0,1,ORPHAN WITH FKS (Requires Manual Check)
9250ff81-065b-4746-820a-7611e3436c68,WTN,渡辺化成工業(株),CUST-229,Exact Code,WTN,渡辺化成工業,2,11,3,16,KEEP (Matched)
952bce3d-a891-4829-a220-8c184763dff2,YCM,ワイコム(株),CUST-230,Exact Code,YCM,ワイコム,65,148,80,293,KEEP (Matched)
2c68bed4-0b5e-4ffb-aa5d-a66076bd3f91,YHM,横浜モジレート,CUST-233,No Match,,,0,2,1,3,ORPHAN WITH FKS (Requires Manual Check)
73d91685-79b6-400b-a6f9-8c5bcac3201e,YK,YK,CUST-234,No Match,,,0,1,0,1,ORPHAN WITH FKS (Requires Manual Check)
54d4d7df-d1a2-47d8-bdb4-cc9813089e32,YES,ユウエツ精機(株) 東京支社,CUST-231,Exact Code,YES,ユウエツ精機(株),0,7,5,12,KEEP (Matched)
66a537bc-3794-428b-9e23-d773f493b2b6,YFG,由布合成化学(株),CUST-232,Exact Code,YFG,由布合成化学,0,3,1,4,KEEP (Matched)
247012a1-ffb8-4dc4-80ee-979a1f4a7cdd,YPC,YPC,CUST-240,No Match,,,11,14,2,27,ORPHAN WITH FKS (Requires Manual Check)
123fee49-8091-435c-a941-2b301e9785fe,YSR,YSR,CUST-242,No Match,,,0,38,4,42,ORPHAN WITH FKS (Requires Manual Check)
7e997556-6bb3-4f27-bbd5-9c356defe25a,TH,TH,CUST-243,No Match,,,3,106,3,112,ORPHAN WITH FKS (Requires Manual Check)
17be48ae-cbaf-413d-8d8b-c63e92afc1dc,Other,Other,CUST-244,No Match,,,0,106,5,111,ORPHAN WITH FKS (Requires Manual Check)
8c783624-2563-479a-a291-7748d814881f,No Name,No Name,CUST-245,No Match,,,0,1,0,1,ORPHAN WITH FKS (Requires Manual Check)
35066cac-c8e1-4212-855b-dbeab6f6c4b9,AP,AP,CUST-246,No Match,,,5,12,0,17,ORPHAN WITH FKS (Requires Manual Check)
26cc6d50-228c-4401-b7e8-6cd08b75654c,ARK,(有)荒川パック,CUST-121,Exact Code,ARK,荒川パック,0,3,3,6,KEEP (Matched)
3116af1a-be47-40dd-a020-3696f9f83cb4,NNP,NNP,CUST-249,No Match,,,0,1,0,1,ORPHAN WITH FKS (Requires Manual Check)
6b6f219c-ae31-418a-846b-141949a8fb7d,KW,KW,CUST-250,No Match,,,0,3,1,4,ORPHAN WITH FKS (Requires Manual Check)
084b8398-d511-437c-849f-238f7762d4f9,ARM,(株)アロマ,,Exact Code,ARM,アロマ,0,0,0,0,KEEP (Matched)
e673301e-0ed3-452e-8bd1-3408f42756e6,TCB,ﾀﾁﾊﾞﾅﾊﾟｯｹｰｼﾞ(2023.9業務終了）,CUST-253,No Match,,,2,6,2,10,ORPHAN WITH FKS (Requires Manual Check)
92c6929a-f654-4b25-81df-6e6d2eb4e12b,YGE,ヤマガタエンジニアリング,CUST-254,No Match,,,1,2,1,4,ORPHAN WITH FKS (Requires Manual Check)
c51e3f00-2ed4-4f38-a4df-6380886ca600,MPL,エムプラス製作所,CUST-255,No Match,,,0,1,0,1,ORPHAN WITH FKS (Requires Manual Check)
ee882cb0-59f9-4eca-a4b9-7ca9e526785f,SSJ,SSJ,CUST-256,No Match,,,2,34,23,59,ORPHAN WITH FKS (Requires Manual Check)
e260fb3a-137a-425b-8248-2142a6b2ed95,SEKYW,SEKYW,CUST-257,No Match,,,0,1,0,1,ORPHAN WITH FKS (Requires Manual Check)
90fb27de-dfec-47a1-98c5-07601d714eba,ARS,(株)アローセブン,COMP-210,Exact Code,ARS,アローセブン,0,0,0,0,KEEP (Matched)
3fb8a481-5301-48be-82cb-1b02ca8a53a1,YNK,YNK,CUST-260,No Match,,,0,1,0,1,ORPHAN WITH FKS (Requires Manual Check)
d9d1b829-14e6-45c4-bb7c-0b399971db41,OGS,OGS,CUST-261,No Match,,,0,1,0,1,ORPHAN WITH FKS (Requires Manual Check)
c6d75e47-e566-4ff4-9c75-18c9fb49d196,TPS,タカハタプレシジョン,CUST-262,No Match,,,0,4,3,7,ORPHAN WITH FKS (Requires Manual Check)
9dcff45d-5010-47e4-b0ac-327e84567a8f,CL,CL,CUST-263,No Match,,,0,2,0,2,ORPHAN WITH FKS (Requires Manual Check)
4a8de660-48aa-4bd5-a682-92b3ba61e98c,TJS,ツジショー,CUST-264,No Match,,,0,8,8,16,ORPHAN WITH FKS (Requires Manual Check)
5359d1ec-9e44-4e67-b0dd-a1506ab100b5,STP,STP,CUST-266,No Match,,,0,1,1,2,ORPHAN WITH FKS (Requires Manual Check)
49fadeab-3cff-479a-a15f-81bd2c576317,NPK,日本ポリシール工業,CUST-267,No Match,,,0,4,1,5,ORPHAN WITH FKS (Requires Manual Check)
aa9341ce-e21d-4eb9-8b60-d763209b7be4,HTK,日立化成(株),CUST-286,Exact Code,HTK,日立化成,0,2,1,3,KEEP (Matched)
13e9234f-64ed-4ad0-83a4-946c114ec3c7,APE,APE,CUST-269,No Match,,,0,2,0,2,ORPHAN WITH FKS (Requires Manual Check)
9e7372c9-6d68-4426-afe0-eb178f7275f4,KDS,(有) 共同紙業,CUST-248,Exact Code,KDS,共同紙業,48,206,66,320,KEEP (Matched)
4615cf6a-ee33-4050-8b2c-97b9e0971a81,SSI,伸光精線工業,CUST-272,No Match,,,2,4,0,6,ORPHAN WITH FKS (Requires Manual Check)
0601978d-5d68-48a6-b32a-9a8058d8e5de,KMR,小森電機(株) 長野営業所,CUST-304,Exact Code,KMR,小森電機(株),0,2,1,3,KEEP (Matched)
65fec49f-e3f6-48bc-a916-eba8af9685b6,AKR,ARKERU(アーケル),CUST-276,No Match,,,0,1,1,2,ORPHAN WITH FKS (Requires Manual Check)
f6a1e85c-1f2f-4852-a4c7-8b7eaa334e36,NKP,(株)ネコ・パブリッシング,CUST-259,Exact Code,NKP,ネコ・パブリッシング,0,5,4,9,KEEP (Matched)
7941ce2e-beb7-4710-a753-1d59ebecd94e,LSK,LSK,CUST-278,No Match,,,0,1,0,1,ORPHAN WITH FKS (Requires Manual Check)
c4de337a-e459-4b5c-b774-6590e15a36fd,SCP,(株)シンワコーポレーション,CUST-270,Exact Code,SCP,シンワコーポレーション,0,1,0,1,KEEP (Matched)
6cde680e-c102-48e0-a702-d351a8767fa4,QAS,QAS,CUST-280,No Match,,,8,6,2,16,ORPHAN WITH FKS (Requires Manual Check)
a1612d4a-d4c8-4eb1-a88c-a9689179e041,SJK,SJK,CUST-281,No Match,,,4,17,10,31,ORPHAN WITH FKS (Requires Manual Check)
6c150b21-9105-4d9e-a616-9e582acacaf7,LKS,LKS,CUST-282,No Match,,,0,15,6,21,ORPHAN WITH FKS (Requires Manual Check)
8f8268c8-4a45-4e24-b6ee-d04b450d211f,KKC,KKC,CUST-283,No Match,,,0,3,1,4,ORPHAN WITH FKS (Requires Manual Check)
c6df7010-a681-4b4b-81e8-8f3bd3458bc3,SNK,白河日東工器(株),CUST-302,Exact Code,SNK,白河日東工器,1,4,0,5,KEEP (Matched)
0ca1b78a-26ac-4e78-a7c5-39a37454e355,SE,SE,CUST-288,No Match,,,0,11,0,11,ORPHAN WITH FKS (Requires Manual Check)
f10cf3a1-caea-4116-89aa-407831dd832f,OIK,OIK,CUST-289,No Match,,,2,2,2,6,ORPHAN WITH FKS (Requires Manual Check)
649377fa-f674-4499-801b-0086659afc45,TM,TM,CUST-290,No Match,,,12,1,0,13,ORPHAN WITH FKS (Requires Manual Check)
808caf83-3e37-40d7-8efd-a53d36e0a835,SWN,(有)スワニー,CUST-287,Exact Code,SWN,スワニー,0,2,1,3,KEEP (Matched)
c623a054-f98c-4792-abaa-83c00ebcf3ef,THK,THK(株)甲府工場,CUST-275,Exact Code,THK,THK(株)甲府工場,0,10,3,13,KEEP (Matched)
12ff6ce0-3053-4dd3-92d4-b28395e966b2,TNG,(株)タンゴ,CUST-274,Exact Code,TNG,タンゴ,0,1,0,1,KEEP (Matched)
8002539e-2b1a-464d-9ad3-58aa41a248bc,BMI,BMI,CUST-295,No Match,,,0,2,1,3,ORPHAN WITH FKS (Requires Manual Check)
01e4026d-4194-47c0-97a7-18e93c49828a,SFI,SFI,CUST-296,No Match,,,0,1,0,1,ORPHAN WITH FKS (Requires Manual Check)
e3d2049a-3b9a-4de0-a801-867578c9adef,NCD,NCD,CUST-297,No Match,,,0,3,2,5,ORPHAN WITH FKS (Requires Manual Check)
75bd8b0c-1b7b-42bb-8898-bffd2411cd86,QSK,QSK,CUST-299,No Match,,,0,1,0,1,ORPHAN WITH FKS (Requires Manual Check)
2ec438c8-6405-4751-a688-1e33ec8bb995,SG,SG,CUST-300,No Match,,,4,2,1,7,ORPHAN WITH FKS (Requires Manual Check)
495614ad-2cd9-4041-bb8f-06485208b0f1,JPS,JPS,CUST-301,No Match,,,0,2,0,2,ORPHAN WITH FKS (Requires Manual Check)
9da34643-cea2-4d45-bae3-34ac2f57a324,UTD,UTD,CUST-303,No Match,,,0,1,0,1,ORPHAN WITH FKS (Requires Manual Check)
45f6460c-8699-4d62-9492-9cca683a09fb,YZW,(有)矢沢工業,CUST-284,Exact Code,YZW,矢沢工業,0,2,2,4,KEEP (Matched)
407e80fd-5903-40d8-8a67-232a09e968ec,LDV,ＬＡＤＶＩＫ,CUST-305,No Match,,,0,1,0,1,ORPHAN WITH FKS (Requires Manual Check)
10d9186f-a5f7-4885-a9b7-006a77192fc9,ASA,(株)エイ・エス・エイ,,Exact Code,ASA,エイ・エス・エイ,0,0,0,0,KEEP (Matched)
4660fec9-4a12-449f-b002-2bd0965dff44,MMC,MMC,CUST-307,No Match,,,0,2,1,3,ORPHAN WITH FKS (Requires Manual Check)
26e91b4e-5fc1-4a11-a8dc-d7c6ca6732a1,MCC,MCCアドバンスドモールディングス,CUST-308,No Match,,,0,3,2,5,ORPHAN WITH FKS (Requires Manual Check)
e4ca9aa8-e90e-43c5-859f-2a0087a2f591,ENT,ENT,CUST-309,No Match,,,4,4,1,9,ORPHAN WITH FKS (Requires Manual Check)
0ea1a54f-c0d9-49a3-8159-a3397c2e2338,ASH,(株)朝日プラスチック,CUST-123,Exact Code,ASH,朝日プラスチック,21,45,9,75,KEEP (Matched)
a73e6589-b1a5-47fe-83c6-30029e5e1a7a,IMT,IMT,CUST-313,No Match,,,0,6,3,9,ORPHAN WITH FKS (Requires Manual Check)
1693cf0e-8fbb-4b0b-9fd5-513d53eea925,MBN,MBN,CUST-318,No Match,,,0,1,0,1,ORPHAN WITH FKS (Requires Manual Check)
86efc50f-67c3-45d7-b66d-c841884d3ea8,KR,KR,CUST-320,No Match,,,1,61,0,62,ORPHAN WITH FKS (Requires Manual Check)
7e1b089b-accf-4892-ba78-51b54c624607,EMI,EMI,CUST-321,No Match,,,0,1,0,1,ORPHAN WITH FKS (Requires Manual Check)
6dcef76e-bee0-4a30-b220-00f8d52c158e,HYS,(株)日吉製作所,CUST-334,Exact Code,HYS,日吉製作所,0,3,2,5,KEEP (Matched)
d0d9a2b8-87a3-46af-978f-856aaeba7ad1,AST,アストム,CUST-323,No Match,,,0,1,0,1,ORPHAN WITH FKS (Requires Manual Check)
00ef1648-df41-4e2f-b8d0-79bc7b559184,KBT,(株)クボタ,CUST-311,Exact Code,KBT,クボタ,0,2,1,3,KEEP (Matched)
8a641d35-4422-439f-a849-6a979cc988a6,MTS,松下電器産業(株) 照明社 LED事業化推進グループ,CUST-348,Exact Code,MTS,松下電器産業(株) 照明社 LED事業化推進グループ,0,1,0,1,KEEP (Matched)
62b24036-cef1-4324-8180-b4f7cd2ea2e2,IZW,IZW,CUST-327,No Match,,,0,4,2,6,ORPHAN WITH FKS (Requires Manual Check)
ebc5f6a1-b3bb-467f-bb18-653416f03699,FDE,FDE,CUST-328,No Match,,,0,3,4,7,ORPHAN WITH FKS (Requires Manual Check)
f1186f19-2cd2-452e-aabe-aef57b628970,SRD,ソルドジャパン(株),CUST-310,Exact Code,SRD,ソルドジャパン,0,3,2,5,KEEP (Matched)
089141b6-a2de-40c3-973a-44f2e292a3af,STY,(株)サン富安,CUST-317,Exact Code,STY,サン富安,0,2,1,3,KEEP (Matched)
91cfea73-965a-4a18-82d7-bbf7ca705188,OMR,オムロン野洲事業所,CUST-333,No Match,,,0,1,1,2,ORPHAN WITH FKS (Requires Manual Check)
696f6473-7dc1-49e2-8d9e-cf477067e2ba,NHL,NHL,CUST-335,No Match,,,0,0,0,0,ORPHAN (Garbage?)
562b58f3-6402-447b-8952-008aec67b953,KJK,川崎自動車工業,CUST-336,No Match,,,8,4,4,16,ORPHAN WITH FKS (Requires Manual Check)
bfec0781-e0c3-46d1-8d32-30f612c58401,ATK,ATK,CUST-337,No Match,,,0,1,0,1,ORPHAN WITH FKS (Requires Manual Check)
bf78eef3-8585-4ea8-ab33-b820e90dedd8,SP,SP,CUST-338,No Match,,,0,7,1,8,ORPHAN WITH FKS (Requires Manual Check)
e8317bb9-d6e3-4cbc-84ea-df7499ef2383,YPK,YPK,CUST-339,No Match,,,0,1,1,2,ORPHAN WITH FKS (Requires Manual Check)
3bd95bd5-4e9f-45e4-bf86-440e2b69a5ed,TK,TK,CUST-340,No Match,,,0,21,0,21,ORPHAN WITH FKS (Requires Manual Check)
91484597-9648-4cc2-ae22-de2568018ff8,ELP,ELP,CUST-341,No Match,,,0,4,0,4,ORPHAN WITH FKS (Requires Manual Check)
ceb274b0-ee5a-49fe-a74b-52411349a360,NPK２,NPK２,CUST-342,No Match,,,0,0,0,0,ORPHAN (Garbage?)
bb6b420c-bc2d-45d0-b5cc-3d5a68ad1df7,ESJ,遠州樹脂工業,CUST-343,No Match,,,0,3,0,3,ORPHAN WITH FKS (Requires Manual Check)
52d1b0ee-8892-4f49-9258-9c76190d59c3,GAS,GAS,CUST-344,No Match,,,0,1,0,1,ORPHAN WITH FKS (Requires Manual Check)
eb799bb9-52da-474d-94db-a1c79d47ef23,LMN,ルミナス,CUST-345,No Match,,,1,1,0,2,ORPHAN WITH FKS (Requires Manual Check)
53f9b4e8-260b-47d4-80b0-e5f2d02685ca,MCT,MCT,CUST-346,No Match,,,1,3,0,4,ORPHAN WITH FKS (Requires Manual Check)
d32b43e2-dd66-4731-9ba2-edd44c7464bb,MNP,モノプラス,CUST-347,No Match,,,0,1,0,1,ORPHAN WITH FKS (Requires Manual Check)
aa9cbecb-c0cc-45ef-8fdd-894e8f37f4d7,OKH,OKH,CUST-349,No Match,,,0,2,0,2,ORPHAN WITH FKS (Requires Manual Check)
1590ec97-bdcd-4480-a7f8-dc48aa285d8b,SGK2,SGK2,CUST-350,No Match,,,1,2,0,3,ORPHAN WITH FKS (Requires Manual Check)
7627fbda-5974-44b8-8c36-52e4566f3964,TDW,東京ドロウイング,CUST-351,No Match,,,0,1,1,2,ORPHAN WITH FKS (Requires Manual Check)
73e83bd3-c0af-43c3-8811-0538779935ad,社内,社内,CUST-352,No Match,,,0,0,0,0,ORPHAN (Garbage?)
8e38184f-784c-4140-b68b-95d5c84e7e20,TNR,TNR,CUST-365,No Match,,,2,3,2,7,ORPHAN WITH FKS (Requires Manual Check)
52e37a14-b282-4847-8d5e-5846b3fbd56b,TWG,東和合成工業(株) 東京営業所,CUST-331,Exact Code,TWG,東和合成工業(株),0,3,2,5,KEEP (Matched)
041333c6-13d8-46c8-a03c-b9ba298ab124,ESM,Eサーモジェンテック,CUST-370,No Match,,,0,0,0,0,ORPHAN (Garbage?)
90d05d25-7c7a-433c-bcf4-ab81dd540f82,ELJ,ＥＬＪコーポレーション,CUST-371,No Match,,,0,0,0,0,ORPHAN (Garbage?)
0c349414-9b80-44d9-81ef-393842799fbd,INT,ｲﾝﾃｯｸｽ,CUST-373,No Match,,,0,0,0,0,ORPHAN (Garbage?)
cbbefdaa-57f3-405b-bb0c-5236ec36ec26,IBK,IBUKI,CUST-374,No Match,,,0,0,0,0,ORPHAN (Garbage?)
5e5f328a-6b60-4cd7-9f74-3307cf44531a,IKK,IKK(伊藤),CUST-375,No Match,,,0,0,0,0,ORPHAN (Garbage?)
4cad649f-c7ea-41e9-ac2b-63c29ede8388,ITJ,I-TECHJAPAN,CUST-376,No Match,,,0,0,0,0,ORPHAN (Garbage?)
4f3280b7-b8e0-460a-8454-1c5e7d1eae2a,MMI,MMIセミコンダクター,CUST-377,No Match,,,0,0,0,0,ORPHAN (Garbage?)
4a4e7fab-2e4f-417c-bb6f-72bbd42beef2,MTB2,ＭＴＢblue,CUST-378,No Match,,,0,0,0,0,ORPHAN (Garbage?)
5fdc1a64-bffe-4d8d-88f4-aa5155a0eb06,NMK01,NMK化成,CUST-379,Exact Name,NMK,NMK化成,0,0,0,0,KEEP (Matched)
294480c6-6a1e-4098-a7c4-3c8df2e1f93f,ADN2,ADN2,CUST-380,No Match,,,0,0,0,0,ORPHAN (Garbage?)
41813c6d-f1bb-4d67-a10c-9c93d6bf0454,RKJ,R&KJAPAN,CUST-381,No Match,,,0,0,0,0,ORPHAN (Garbage?)
d80f71f3-5fbb-44b6-bc17-8cebb947b670,RON,Ｒ-one,CUST-382,No Match,,,0,0,0,0,ORPHAN (Garbage?)
6230ef89-4a26-4f1f-ab22-3b2007d99694,ASK4,(株)アセック,CUST-383,No Match,,,0,0,0,0,ORPHAN (Garbage?)
db48aa6c-0a28-41d0-8042-3e35a7427e3c,RMJ,ＲＭＪ,CUST-385,No Match,,,0,0,0,0,ORPHAN (Garbage?)
66996c0f-ee0d-41e3-9999-5921c1b7404c,ASK,(株)朝日化成,,Exact Code,ASK,朝日化成,0,0,0,0,KEEP (Matched)
ba90c7c0-8620-4ac2-a31c-820991d41777,ARK2,アーク産業,CUST-387,No Match,,,0,0,0,0,ORPHAN (Garbage?)
b6c2d08e-e857-4efb-82aa-c85dce6082f3,GOJ,(株)五事 茨城工場,CUST-419,Exact Code,GOJ,五事,0,5,0,5,KEEP (Matched)
e9052344-063c-4f30-aa96-2a946e22ed98,ATV,ｱｰﾄﾊﾞﾝ,CUST-389,No Match,,,0,0,0,0,ORPHAN (Garbage?)
50e59314-bb9c-4c1d-b894-2f4adb705e55,KGD,(株)古賀電子,CUST-418,Exact Code,KGD,古賀電子,0,1,0,1,KEEP (Matched)
89dc7b17-764a-4935-bca5-1d638738fcb4,ATF2,アートファイネックス東京,CUST-391,No Match,,,0,0,0,0,ORPHAN (Garbage?)
a004b4d6-208b-4927-bc02-ab8020be3307,NKB,NKB,CUST-393,No Match,,,0,2,0,2,ORPHAN WITH FKS (Requires Manual Check)
c816c0bf-a364-488f-8c78-6868b76ac7ff,SONY,SONY,CUST-394,No Match,,,0,1,0,1,ORPHAN WITH FKS (Requires Manual Check)
ba72654a-5566-4f67-a3cc-973d32829d0d,BSP,ビジネスパートナー,CUST-397,No Match,,,4,2,0,6,ORPHAN WITH FKS (Requires Manual Check)
fe164a11-d5c2-4b66-82af-23a41999c0e8,KMG,(株) Kamogawa,CUST-392,Exact Code,KMG,Kamogawa,0,1,0,1,KEEP (Matched)
94023311-73e9-4e8c-bd8a-cefbb2fb8a64,MRD,(有)丸大商会,CUST-425,Exact Code,MRD,丸大商会,3,1,0,4,KEEP (Matched)
27b53899-3e25-4b12-830a-a4a7b4215659,OPK,大塚プラスチック工業,CUST-400,No Match,,,2,1,0,3,ORPHAN WITH FKS (Requires Manual Check)
ccf7a4d0-1903-4307-b0c0-fa68eea8aa8b,MSP,エムエスパートナーズ,CUST-401,No Match,,,1,4,0,5,ORPHAN WITH FKS (Requires Manual Check)
c4c8f215-2a1f-4ecb-9072-e8a8d1cc17c5,MTY,MTY,CUST-402,No Match,,,10,2,0,12,ORPHAN WITH FKS (Requires Manual Check)
5ada6ca5-4bd0-4dd1-99b3-babdfffbdcf4,OTP,オートスプライス,CUST-403,No Match,,,0,6,0,6,ORPHAN WITH FKS (Requires Manual Check)
dcb8e52e-7b79-42cb-9e87-d499bfcb2601,SEW,(株)シーズウェア,CUST-396,Exact Code,SEW,シーズウェア,5,2,1,8,KEEP (Matched)
2acfd358-5ae5-4e88-88fc-e0e512af8cc4,TCT,TCT,CUST-405,No Match,,,3,1,0,4,ORPHAN WITH FKS (Requires Manual Check)
5a7bffd2-7686-46dc-a759-22494bf5b5de,NCP,NCP,CUST-406,No Match,,,0,1,0,1,ORPHAN WITH FKS (Requires Manual Check)
369e1936-d476-4aee-9e35-1afcc5e23133,PT,PT,CUST-407,No Match,,,0,2,0,2,ORPHAN WITH FKS (Requires Manual Check)
327ad1cf-9eba-4499-a172-9f43ad94783a,GW,GW,CUST-408,No Match,,,0,2,0,2,ORPHAN WITH FKS (Requires Manual Check)
27894e6b-528e-4cd0-9a63-ddddc63279a5,RS,RS,CUST-409,No Match,,,0,1,0,1,ORPHAN WITH FKS (Requires Manual Check)
f1dbcb63-bf61-45e5-89c3-4948feccb4a0,BOC,ＢoCo,CUST-411,No Match,,,0,2,1,3,ORPHAN WITH FKS (Requires Manual Check)
4685476e-bfed-4f41-bb29-fe9cb4159da0,NGD,NGD,CUST-412,No Match,,,0,1,0,1,ORPHAN WITH FKS (Requires Manual Check)
492793a4-38ca-4c33-a733-73caca30e83a,MIS2,MIS2,CUST-413,No Match,,,0,8,6,14,ORPHAN WITH FKS (Requires Manual Check)
085da32a-45fa-416e-8a9d-a76638cb50bc,IBG,IBG,CUST-415,No Match,,,0,1,0,1,ORPHAN WITH FKS (Requires Manual Check)
768c179a-3b87-4cab-9320-b1352c1bd4d1,TKP,東京プラスチックス(株),CUST-422,Exact Code,TKP,東京プラスチックス,0,1,0,1,KEEP (Matched)
a3ede8e0-135b-4d35-8138-7b46c00657ce,MKD,MKD,CUST-417,No Match,,,0,1,0,1,ORPHAN WITH FKS (Requires Manual Check)
633a3c69-ea1a-46d7-88e0-b03578909d6b,CANON,CANON,CUST-420,No Match,,,0,1,0,1,ORPHAN WITH FKS (Requires Manual Check)
eb1ac7aa-6a19-49d7-925c-d56457e3d082,TY,TY,CUST-423,No Match,,,0,2,0,2,ORPHAN WITH FKS (Requires Manual Check)
3910da33-03f6-4551-a4aa-abf7de0f4504,Noname,Noname,CUST-424,No Match,,,0,0,0,0,ORPHAN (Garbage?)
8aaee71a-ad48-4137-8072-44bc0a0d8cde,BSZ,BSZ,CUST-426,No Match,,,2,1,0,3,ORPHAN WITH FKS (Requires Manual Check)
541abac8-ac14-4ce2-a10d-53f0378dbbbd,SCW,ＳＣＷ,CUST-427,No Match,,,6,4,0,10,ORPHAN WITH FKS (Requires Manual Check)
5c72ab40-deb8-41d2-a5e2-98af09476bcc,RPD,RPD,CUST-428,No Match,,,2,7,0,9,ORPHAN WITH FKS (Requires Manual Check)
c85537f8-f4e2-4972-a86e-b7fdb465c33a,SHARP,SHARP,CUST-429,No Match,,,0,1,0,1,ORPHAN WITH FKS (Requires Manual Check)
e385a07b-8526-41c4-ad0f-d82315a33a83,OST,OST,CUST-430,No Match,,,0,0,0,0,ORPHAN (Garbage?)
0bc305d0-7585-4510-81f5-0df4836f8aad,HAYASHI,HAYASHI,CUST-431,No Match,,,0,1,0,1,ORPHAN WITH FKS (Requires Manual Check)
50b8e78b-ec3c-424c-8ac9-a3948e84f503,CHG,CHG,CUST-432,No Match,,,55,28,0,83,ORPHAN WITH FKS (Requires Manual Check)
bf189bf1-4ee1-4c34-8c8b-41fdcc4395fc,APS,APS,CUST-433,No Match,,,2,1,0,3,ORPHAN WITH FKS (Requires Manual Check)
f1c2faa6-bfb1-4fd1-94da-7aec38656824,NHR,NHR,CUST-434,No Match,,,0,1,0,1,ORPHAN WITH FKS (Requires Manual Check)
0f404a72-74eb-423b-b2c2-7c2780051f96,ASP,エーシップス,CUST-435,No Match,,,0,0,0,0,ORPHAN (Garbage?)
9d897893-232d-49fe-9fee-896434471dc5,STT,エスティテック,CUST-436,No Match,,,1,2,0,3,ORPHAN WITH FKS (Requires Manual Check)
f2d5495b-daa0-4d84-a8f8-862a707b32a7,PB,PB,CUST-437,No Match,,,0,14,0,14,ORPHAN WITH FKS (Requires Manual Check)
bfdb082e-34d9-44b3-aad4-f56ef89200d9,WB,WB,CUST-438,No Match,,,0,12,1,13,ORPHAN WITH FKS (Requires Manual Check)
dc902de9-c28f-493e-aee8-07af61a9425f,IRI,IRI,CUST-439,No Match,,,0,16,3,19,ORPHAN WITH FKS (Requires Manual Check)
0057a064-7367-4667-8a68-35dab9625447,MTI,MTI,CUST-440,No Match,,,0,3,0,3,ORPHAN WITH FKS (Requires Manual Check)
95cd5d41-59ea-429c-a60c-46cada8711ec,RAI,RAI,CUST-443,No Match,,,0,1,0,1,ORPHAN WITH FKS (Requires Manual Check)
c8b6d3c0-e1af-46e4-8aca-ad41d95f5fd6,MARUDAI,茨城（株）丸大,COMP-1,No Match,,,0,0,0,0,ORPHAN (Garbage?)
7361cc64-5542-4f2c-ac98-0119bbf7e256,SAKATA,坂田精文書,COMP-3,No Match,,,0,0,0,0,ORPHAN (Garbage?)
c6d79338-132f-42c7-b9a0-2e3370b56b06,NICHISAN,日三化成,COMP-4,Exact Name,NSK,日三化成,0,0,0,0,KEEP (Matched)
991adc25-9c4d-45e6-901a-100a8d2cb032,AOMORI,青森工場,COMP-5,No Match,,,0,0,0,0,ORPHAN (Garbage?)
dcc1f199-5b16-48db-9e05-3d4b5aee473c,RETURN,金型返却,COMP-6,No Match,,,0,0,0,0,ORPHAN (Garbage?)
a474fe0d-f673-4dbd-a8af-0f23bca99495,TEFLON,テフロン加工,COMP-7,No Match,,,0,0,0,0,ORPHAN (Garbage?)
91f96656-4751-46ca-9b5e-49bd886d7fb0,WAK,和晃(株),CUST-442,Exact Code,WAK,和晃,0,2,0,2,KEEP (Matched)
58149387-27e4-4c3f-a4d2-47b7b56f6d48,VIETNAM,ベトナム工場,COMP-8,No Match,,,0,0,0,0,ORPHAN (Garbage?)
511eaf8f-fa5b-452d-8962-bd2d4f99abcf,DISPOSED,廃棄済,COMP-10,No Match,,,0,0,0,0,ORPHAN (Garbage?)
bbce56dd-91a8-437c-b83b-b126f4d00d2f,INT3,I・N・T,COMP-17,No Match,,,0,0,0,0,ORPHAN (Garbage?)
46ff8c38-cfc0-490e-9c6e-847e7a0c3a05,AMF,アミーファースト,COMP-20,No Match,,,0,0,0,0,ORPHAN (Garbage?)
43bf492a-5490-4946-a80f-08a51dca0ffc,ARP,アルプレート,COMP-22,No Match,,,0,0,0,0,ORPHAN (Garbage?)
c5dcf461-2aa1-4811-a6a7-931ac0bcc5a3,AZA,亜細亜製作所,COMP-24,No Match,,,0,0,0,0,ORPHAN (Garbage?)
e450706e-1bc0-471f-9de6-defc911360f6,AZM3,吾嬬製作所,COMP-25,No Match,,,0,0,0,0,ORPHAN (Garbage?)
8cbb3717-5720-47e6-a0da-804600b336f0,AMT,天鳥,COMP-26,No Match,,,0,0,0,0,ORPHAN (Garbage?)
0fe5af74-b57e-4161-b20b-537980df516c,ADT01,安達SS,COMP-27,No Match,,,0,0,0,0,ORPHAN (Garbage?)
16a4fd99-3885-406d-b39d-9ce99c63f8a9,ASS,(株)朝日精機製作所,CUST-124,Exact Code,ASS,朝日精機製作所,0,2,1,3,KEEP (Matched)
68a2f597-af78-4ee4-a812-b79d4080ca22,ARI,新井製作所,COMP-29,No Match,,,0,0,0,0,ORPHAN (Garbage?)
f961658e-2b41-4542-8038-1184140712b0,ASS3,旭商工社,COMP-30,No Match,,,0,0,0,0,ORPHAN (Garbage?)
28d3c3a1-f4e4-4a81-83b6-f84e041e8e42,ASAHI,旭金属工業,COMP-31,No Match,,,0,0,0,0,ORPHAN (Garbage?)
1d9bd41d-5ac2-4e0b-b8d4-126826f6e550,AKS02,明石石油,COMP-32,No Match,,,0,0,0,0,ORPHAN (Garbage?)
2f1e8b77-8c09-49e2-a818-2abe44ea4695,AKB,曙産業,COMP-33,No Match,,,0,0,0,0,ORPHAN (Garbage?)
8a3add54-6a16-40c9-8af1-1db26f58f583,ASH3,朝日ラバー,COMP-34,No Match,,,0,0,0,0,ORPHAN (Garbage?)
e6b21cca-0e79-4345-a707-9650f4e6dd9b,ASK3,朝日化成,COMP-35,Exact Name,ASK,朝日化成,0,0,0,0,KEEP (Matched)
601accc7-0802-4e8d-ba20-c38844a4c1e2,ASS-001,朝日精機製作所,COMP-36,Exact Name,ASS,朝日精機製作所,0,0,0,0,KEEP (Matched)
79adb9b4-d025-4b72-b167-6dd61b6452cc,ASAHI PLASTIC,朝日ﾌﾟﾗｽﾁｯｸ,COMP-37,No Match,,,0,0,0,0,ORPHAN (Garbage?)
2fd3e208-81fd-4ab7-95a9-cdb8a4f24dce,ASN,浅野,COMP-38,No Match,,,0,0,0,0,ORPHAN (Garbage?)
1fe5d438-d85d-449e-ae3f-d596462c3564,ATB,アートビーム(有),CUST-390,Exact Code,ATB,アートビーム,0,0,0,0,KEEP (Matched)
68c82e49-464c-4ff8-9eb3-2b1d163273dc,AKP,相川プレス工業,COMP-40,No Match,,,0,0,0,0,ORPHAN (Garbage?)
bdcfae3b-a1c9-44fd-b239-ab4fbddf55fb,AKM01,秋元化工,COMP-41,No Match,,,0,0,0,0,ORPHAN (Garbage?)
bab9362f-257f-4d3f-92c0-b7323c2f77be,AKM2,秋元製作所,COMP-42,Exact Name,AKM,秋元製作所,0,0,0,0,KEEP (Matched)
c647f26e-a64f-4ea7-a91c-c4d42bd25789,ATG,旭テクノグラス(株),,Exact Code,ATG,旭テクノグラス,0,0,0,0,KEEP (Matched)
2e71b860-886b-4f8f-845a-abb53dfdaece,2022.7,青野工業(単価注意：1つのアイテムで部分的に見積もりあり）,COMP-45,No Match,,,0,0,0,0,ORPHAN (Garbage?)
51021342-d04d-4722-bbd5-710bf2110a4f,ITO01,ｱｲﾃｨｰｵｰ,COMP-47,No Match,,,0,0,0,0,ORPHAN (Garbage?)
c41eac60-0624-4cc6-b4e4-174b789650b7,ATMS,泰盟産業(株) 本社,,Exact Code,ATMS,泰盟産業(株),0,0,0,0,KEEP (Matched)
8e651254-d30a-47fe-961e-17143775ffb5,ALV,ｱﾙﾊﾞｯｸ機工,COMP-49,No Match,,,0,0,0,0,ORPHAN (Garbage?)
621b79ad-0fd7-4fef-86b9-2609a024381e,ITE,いなばテクノ・エボリューション,COMP-51,No Match,,,0,0,0,0,ORPHAN (Garbage?)
a411af7d-9d6a-434d-ab41-d518ff9e089d,6-76-7,いろは機工,COMP-52,No Match,,,3,1,0,4,ORPHAN WITH FKS (Requires Manual Check)
6027d7ec-544a-4eb1-a837-6c5026cd2e38,ICK02,一幸工業,COMP-53,Exact Name,ICK,一幸工業,0,0,0,0,KEEP (Matched)
6a4af82a-fcf7-48ca-a60d-25e5b4e2cf4b,IRB,井上リボン工業,COMP-54,No Match,,,0,0,0,0,ORPHAN (Garbage?)
10e4ae92-cf13-4db9-a6a9-22039dbcdbc6,IGA,井雅,COMP-56,No Match,,,0,0,0,0,ORPHAN (Garbage?)
a6d38264-490f-40ab-b17b-f5d079fdd737,IMG,今井ゴム,COMP-57,No Match,,,0,0,0,0,ORPHAN (Garbage?)
854bd7c6-788e-42c1-a43c-99d430bc0cbb,ITK2,伊藤コーデン,COMP-58,Exact Name,ITK,伊藤コーデン,0,0,0,0,KEEP (Matched)
5a3b7406-a736-4612-9a73-c4766c340096,ISZ,いすゞ自動車(株) 藤沢工場,COMP-50,Exact Code,ISZ,いすゞ自動車(株),0,0,0,0,KEEP (Matched)
b7087408-a110-4af4-853d-f32643a5486c,ITC,伊藤忠プラスチックス(株),COMP-59,Exact Code,ITC,伊藤忠プラスチックス,0,0,0,0,KEEP (Matched)
85ff5741-c1ce-4d57-8d56-0f27dcad7255,INS,伊那三光,COMP-62,No Match,,,0,0,0,0,ORPHAN (Garbage?)
6b15553b-98ed-4340-8f95-9761441ef85d,出光PPｼｰﾄ試作(20080311).xls,出光興産,COMP-64,No Match,,,0,0,0,0,ORPHAN (Garbage?)
34aaffeb-49bc-4836-9218-30754cf8f21c,UCM,(株)内村,COMP-88,Exact Code,UCM,内村,0,0,0,0,KEEP (Matched)
db6b77dd-206b-4919-a2ce-24bfd6fe53f6,UDS,内田商事(株),COMP-89,Exact Code,UDS,内田商事,0,0,0,0,KEEP (Matched)
6fce540b-46ac-4f4b-aef1-6471c3fd435e,IWT2,岩田興産,COMP-68,No Match,,,0,0,0,0,ORPHAN (Garbage?)
cc907371-5b77-4e26-bd79-2041febdcb03,IKD2,池田製作所,COMP-69,No Match,,,0,0,0,0,ORPHAN (Garbage?)
9bfb4221-bf4f-4d60-8218-1984d20a29b5,IKD,池田電機,COMP-70,No Match,,,0,0,0,0,ORPHAN (Garbage?)
1888d47d-af0e-4031-b58b-f12f9572072f,IZM2,泉産業,COMP-71,No Match,,,0,0,0,0,ORPHAN (Garbage?)
b2249df7-f03b-4ca4-b74d-eb8ae64f9d3c,ISI01,石井ﾌﾟﾚｽ工業,COMP-73,No Match,,,0,0,0,0,ORPHAN (Garbage?)
690d40d7-76af-48e3-b3ee-250c79148b06,ISK04,石川サンケン,COMP-75,No Match,,,0,0,0,0,ORPHAN (Garbage?)
63876bf0-32fb-4b94-a5c6-bea87775059f,ISK2,石川商事,COMP-76,No Match,,,0,0,0,0,ORPHAN (Garbage?)
ad333160-665d-4a4d-aa58-564684fc97c4,ISK3,石川電機,COMP-78,Exact Name,ISK,石川電機,0,0,0,0,KEEP (Matched)
68de529f-fff5-435b-9a4e-1eebe2a67423,2022.8.12,石巻パッケージ(2022.8.12合併連絡七星社ダンボール事業部様内指示書使用）,COMP-79,No Match,,,0,0,0,0,ORPHAN (Garbage?)
02a7e447-4838-4ca6-9642-74e814c0310c,IND,稲田鍍金工業所,COMP-81,No Match,,,0,0,0,0,ORPHAN (Garbage?)
af3dfb90-4815-4154-88c9-faca19caf0b5,IHK-001,稲畑香料,COMP-82,Exact Name,IHK,稲畑香料,0,0,0,0,KEEP (Matched)
de3609d8-fe15-4ede-a16f-250d75aa3327,IBR01,茨城SMK,COMP-84,Exact Name,IBR,茨城SMK,0,0,0,0,KEEP (Matched)
391cc3fe-7526-4867-b973-ebeb6df11d14,IDK,飯田機工,COMP-85,No Match,,,0,0,0,0,ORPHAN (Garbage?)
f5958973-daff-46ac-b031-3483a218f34e,UTD01,宇宙堂技研,COMP-90,No Match,,,0,0,0,0,ORPHAN (Garbage?)
b23bab94-ac78-41e5-82c3-70b7b1dfeb19,UNO2,宇野☆,COMP-92,No Match,,,0,0,0,0,ORPHAN (Garbage?)
aeb94ed5-6720-4db9-a0f6-f24598f02000,UTE,打江精機,COMP-93,No Match,,,0,0,0,0,ORPHAN (Garbage?)
adb75696-17cf-41f5-893f-3a313f4ca3de,UEM,植松商会,COMP-95,No Match,,,0,0,0,0,ORPHAN (Garbage?)
7212d31b-5c1c-4c47-b7a8-bc4852e27d90,UED,植田工業,COMP-96,No Match,,,0,0,0,0,ORPHAN (Garbage?)
8c367c49-3042-48d8-b819-ee306c06d29b,7-76-9（091106）.xls,エルアンドエル大平商会,COMP-98,No Match,,,0,0,0,0,ORPHAN (Garbage?)
c0dc06c8-1f92-4927-b1ed-2ce8838481d4,ALK01,エイ・エル工業,COMP-100,No Match,,,0,0,0,0,ORPHAN (Garbage?)
873dbce0-3033-4c5f-9f46-8bc81b5371fe,A-010-1,エムビーシー,COMP-101,No Match,,,8,1,0,9,ORPHAN WITH FKS (Requires Manual Check)
30d253df-2acf-4277-a6ed-d745c110ec71,EKK,栄光化学工業所,COMP-102,No Match,,,0,0,0,0,ORPHAN (Garbage?)
1e143657-8932-473c-b79c-d12cfa4751c2,EIK2,栄光製作所,COMP-103,No Match,,,0,0,0,0,ORPHAN (Garbage?)
bd0cfe44-6dad-472b-8b47-d55f68a03e42,ATT,(株)アートテクノロジー,CUST-388,Exact Code,ATT,アートテクノロジー,0,0,0,0,KEEP (Matched)
8f5128fb-b187-4ccf-9cf0-da8fefe816e9,AUK,荒海機械(株),COMP-44,Exact Code,AUK,荒海機械,0,0,0,0,KEEP (Matched)
88ffdbab-60be-4c71-9bed-1f8b8b50d3b8,AXN,アクシス・ネット(株),CUST-325,Exact Code,AXN,アクシス・ネット,0,1,1,2,KEEP (Matched)
d2833cff-96d9-4fff-b1e6-6a9ff1d3bd40,AZK,特定非営利活動法人 平塚あおぞら会,CUST-292,Exact Code,AZK,特定非営利活動法人 平塚あおぞら会,0,3,2,5,KEEP (Matched)
97d42316-ac34-476c-bdb3-ca26b29123b4,AZM,東工業,,Exact Code,AZM,東工業,0,0,0,0,KEEP (Matched)
c7cc4b93-0439-4c41-b7b8-7b053bf92371,CSM,(株)コスモ・パワー,CUST-265,Exact Code,CSM,コスモ・パワー,0,2,2,4,KEEP (Matched)
3c3140c6-cab8-4a72-89f9-2db8b9185531,DSS,大新産業(株),COMP-920,Exact Code,DSS,大新産業,0,0,0,0,KEEP (Matched)
a77c8c01-f85d-4d14-b80a-3ed1cc369c6a,EFC,(株)エフォートコーポレーション,CUST-395,Exact Code,EFC,エフォートコーポレーション,0,2,0,2,KEEP (Matched)
47afeed6-9031-4358-ad91-c1300006b09d,EIT,八代電機(株),,Exact Code,EIT,八代電機,0,7,0,7,KEEP (Matched)
fd78b21f-adce-4b27-b5a6-1809dc2ca28c,ELB,エレバム,,Exact Code,ELB,エレバム,0,0,0,0,KEEP (Matched)
33c4bc49-1fc7-4b53-a64b-604e40b54400,ELS,エドワーズライフサイエンス(株),CUST-150,Exact Code,ELS,エドワーズライフサイエンス,0,1,0,1,KEEP (Matched)
1f898401-8951-44fc-a481-dec05af632be,EMY,(株)イーエムワイ,COMP-236,Exact Code,EMY,イーエムワイ,0,0,0,0,KEEP (Matched)
4a266b05-dbde-40b0-9151-17bbd70536e6,ENA,(株)エナ,COMP-285,Exact Code,ENA,エナ,0,0,0,0,KEEP (Matched)
a1246e24-7452-4982-bf7b-1d60b4d79165,ENM,(株) エノモト,,Exact Code,ENM,エノモト,0,0,0,0,KEEP (Matched)
26a9b1aa-b555-4eeb-8f28-f811a61b6e4a,ENP,(株)エンプラス,,Exact Code,ENP,エンプラス,0,0,0,0,KEEP (Matched)
1b95ddad-818a-4666-88f1-ae892f3fae8c,ENS,(株)遠州,,Exact Code,ENS,遠州,0,0,0,0,KEEP (Matched)
6acac962-296f-4095-a06b-abd901ffd18e,EPE,(株)イーピーイ 酒田営業所,COMP-240,Exact Code,EPE,イーピーイ,0,0,0,0,KEEP (Matched)
18831399-1e01-4ab6-bbd9-5d924783126b,EPX,(株)エピテックス,COMP-252,Exact Code,EPX,エピテックス,0,0,0,0,KEEP (Matched)
09551038-26d6-4a2d-b9fa-9b127fbbb59e,ERB,(株)エレバム,,Exact Code,ERB,エレバム,0,0,0,0,KEEP (Matched)
7f57fe60-3ec4-4efc-ba18-6c6181f94f07,ETS,デアルセンス(株) 高崎営業所,CUST-151,Exact Code,ETS,デアルセンス(株),0,46,11,57,KEEP (Matched)
730b00d1-a0de-4b71-a8c7-7cc5db1d93e5,EXD,(株)エクセル電子,CUST-152,Exact Code,EXD,エクセル電子,0,76,24,100,KEEP (Matched)
b3cc5346-4ddc-4ec5-ab77-d0e70d9704c3,FDK,FDK株式会社,CUST-153,Exact Code,FDK,FDK,2,13,4,19,KEEP (Matched)
4c6b385a-24ae-4234-9158-ecd2b0b6f716,FJT,(株)島根富士通,CUST-315,Exact Code,FJT,島根富士通,1,2,1,4,KEEP (Matched)
2a2df98f-eb68-4d0a-9359-329a84efc268,GPC,ジーパックス(株),COMP-830,Exact Code,GPC,ジーパックス,0,0,0,0,KEEP (Matched)
85235b15-162d-44cf-86b5-a0c20126bca7,GSD,(株)玉章堂,COMP-428,Exact Code,GSD,玉章堂,0,0,0,0,KEEP (Matched)
3a855187-9182-46f3-84ee-8b87b7874e0c,HAT,(株)エイチ・アンド・ティー,COMP-274,Exact Code,HAT,エイチ・アンド・ティー,0,0,0,0,KEEP (Matched)
888c4681-df0a-4b6b-9178-7267ebe73f48,HDK,北埼ダンボール工業(株),COMP-1373,Exact Code,HDK,北埼ダンボール工業,0,0,0,0,KEEP (Matched)
16329ab0-ddfa-4a72-a7f9-0ddefa97386e,HDR,(株)Honda Lock 広瀬工場,,Exact Code,HDR,Honda,0,2,1,3,KEEP (Matched)
7afe5e85-7f32-4a2d-9464-571bed650d93,HES,北越商工(株),COMP-1375,Exact Code,HES,北越商工,0,0,0,0,KEEP (Matched)
64c92d35-ef22-47f1-bfcc-1b1afa18442d,UMZ,梅澤無線電機(株),COMP-94,Exact Code,UMZ,梅澤無線電機,0,0,0,0,KEEP (Matched)
8a255923-27a6-4155-b100-d5e11d83d299,HGD,長谷川電機工業(株),COMP-1304,Exact Code,HGD,長谷川電機工業,0,0,0,0,KEEP (Matched)
e8bae7f5-3464-477a-8b3e-a4a0b05a49f7,EIW,英和,COMP-106,No Match,,,0,0,0,0,ORPHAN (Garbage?)
df4a1a75-75e0-4982-b7a1-f911de7702ae,遠州,遠州,COMP-107,Exact Name,ENS,遠州,0,0,0,0,KEEP (Matched)
632315f7-969f-4ec7-b643-cb960c0e0d43,END01,遠藤工業,COMP-109,No Match,,,0,0,0,0,ORPHAN (Garbage?)
d870a018-ee6d-4b99-a05f-38b49ffa4106,END2,遠藤照明,COMP-110,No Match,,,0,0,0,0,ORPHAN (Garbage?)
cd050e0f-289a-44da-baf1-2b4073a77371,AFM01,ｴｰｴﾌｴﾑｼｰ,COMP-111,No Match,,,0,0,0,0,ORPHAN (Garbage?)
c001a08f-78e9-4b2f-9ed3-fa4f76a0e678,ADK01,ｴｰﾃﾞｨｰｹｲ,COMP-112,No Match,,,0,0,0,0,ORPHAN (Garbage?)
0b83e27a-f86f-4c68-8ca2-d0b81633903d,72×41×28-30MSF,ｴｺｰｸﾘｴｲｼｮﾝ,COMP-113,No Match,,,0,0,0,0,ORPHAN (Garbage?)
14c0230b-5cf7-41e2-b710-8262b568954e,COMP-114,ｴｽｴｽ技研,COMP-114,No Match,,,0,0,0,0,ORPHAN (Garbage?)
8f1f2e4c-199c-4119-8330-b06225c8ae1a,A-014-1（20170111）.xls,ｴｽﾗｲﾝｷﾞﾌ,COMP-115,No Match,,,0,0,0,0,ORPHAN (Garbage?)
11bbe469-e639-40b1-92e1-7988241d714b,ABS01,ｴﾋﾞｽ,COMP-116,No Match,,,0,0,0,0,ORPHAN (Garbage?)
bae5334c-594e-489a-ab2c-d1d37c883cb2,EMB,ｴﾝﾌﾞﾚﾑ,COMP-118,No Match,,,0,0,0,0,ORPHAN (Garbage?)
f039350b-b1fd-4498-bd17-ca00f4d6e6f7,H25MF(ｽﾃｯﾁ)＋H25大3＋K2小3（20130701）.xls,大石工業,COMP-119,No Match,,,0,0,0,0,ORPHAN (Garbage?)
bdb88fbc-6e4d-4d5e-8af4-54cafb564c0a,OGR02,オグラ紙工,COMP-120,No Match,,,0,0,0,0,ORPHAN (Garbage?)
14d5706c-bb06-4a27-a14a-f69c3caa1f33,OTA01,オータックス,COMP-121,Exact Name,OTA,オータックス,0,0,0,0,KEEP (Matched)
59de1620-d067-450a-b016-79a8050e0b8c,OOI01,大井電気,COMP-122,No Match,,,0,0,0,0,ORPHAN (Garbage?)
43614b17-6d9f-4702-9efd-117680fd0da9,OBK,大場機工,COMP-123,No Match,,,0,0,0,0,ORPHAN (Garbage?)
8814c849-21a9-4884-bd42-0ab68ee8e624,OTK02,大塚商店,COMP-125,No Match,,,0,0,0,0,ORPHAN (Garbage?)
839b43e2-aa11-4dfd-9638-c7bd27dfe8e8,OSK2,大崎機工,COMP-126,No Match,,,0,0,0,0,ORPHAN (Garbage?)
7febfe3a-a42e-42d0-a54b-b864e43ff95b,OKW01,大川技研,COMP-127,No Match,,,0,0,0,0,ORPHAN (Garbage?)
f8a89942-a50a-41ae-9f10-98e657f72ef8,OOK,大川製作所,COMP-128,No Match,,,0,0,0,0,ORPHAN (Garbage?)
444c523f-6f9d-4dfa-9500-fc6273da921c,2307445-1,大村技研,COMP-130,Exact Name,OOM,大村技研,0,0,0,0,KEEP (Matched)
3bb960ab-a3c9-46c7-95ed-95716d188961,OES,大江産業,COMP-133,No Match,,,0,0,0,0,ORPHAN (Garbage?)
2dd5de0e-d83d-4005-80e3-3427f76f1e42,OSW,大沢商会,COMP-134,No Match,,,0,0,0,0,ORPHAN (Garbage?)
d177c50c-a3ec-4732-bf0e-f1e3aafb1487,OHM,大浜工業,COMP-135,No Match,,,0,0,0,0,ORPHAN (Garbage?)
e5644e63-64fe-4219-90fc-57c5e7911cc8,OBG,大淵銀器,COMP-136,No Match,,,0,0,0,0,ORPHAN (Garbage?)
e3299ac1-d9cd-401c-bf2d-663388dbe0ee,HGW,(株)ハギワラ,COMP-1281,Exact Code,HGW,ハギワラ,0,0,0,0,KEEP (Matched)
c6c40173-1f15-4712-b140-753d75b5818b,OIK-001,大石金属工業,COMP-138,No Match,,,0,0,0,0,ORPHAN (Garbage?)
c5f8b19f-e30a-40b9-a9ca-e57bf71fa347,ONL,大西ライト工業所,COMP-139,No Match,,,0,0,0,0,ORPHAN (Garbage?)
e2e247e7-fad7-4b44-865c-3fbea79f5773,ONK,大貫工業所,COMP-140,No Match,,,0,0,0,0,ORPHAN (Garbage?)
07d3900d-0c64-4708-ad07-cb72c5012cf9,ONS2,大野精工,COMP-141,No Match,,,0,0,0,0,ORPHAN (Garbage?)
ceb158f2-6e28-4fca-96a4-d9e86f24da53,OSK,大阪大学産業科学研究所,COMP-142,No Match,,,0,0,0,0,ORPHAN (Garbage?)
0ca1392f-e8ce-48b2-8217-a8f32ef96872,OTK3,太田機工,COMP-143,No Match,,,0,0,0,0,ORPHAN (Garbage?)
bed864fd-925e-448b-9a02-d5cf93bd3c54,OGR01,小倉貿易(201006破綻),COMP-144,No Match,,,0,0,0,0,ORPHAN (Garbage?)
44080f03-d322-405d-83e2-fe51d60169d4,MTK,三鷹精工(株),COMP-117,Exact Code,MTK,三鷹精工,0,0,0,0,KEEP (Matched)
cd1f5064-97b7-4007-ac33-318ccae3b971,MOR2,岡村金型製作所(旧(有)モルテック）,COMP-146,No Match,,,0,0,0,0,ORPHAN (Garbage?)
830f41b4-8702-4df6-8432-4d84420b3d96,OKD2,岡田加工,COMP-147,No Match,,,0,0,0,0,ORPHAN (Garbage?)
c19cb816-3070-4dfb-9196-5dc26c464366,OKS,岡田製作所,COMP-148,No Match,,,0,0,0,0,ORPHAN (Garbage?)
1c1016e8-c887-44e7-8772-f43b14725fbc,OKK,岡田金属工業所,COMP-149,No Match,,,0,0,0,0,ORPHAN (Garbage?)
8f363346-1573-4067-8beb-10f62985ae86,OKY2,岡谷鋼機,COMP-150,No Match,,,0,0,0,0,ORPHAN (Garbage?)
c1d97c3d-c787-4283-9fa0-bf6d4b066fd6,OND,恩田金属工業,COMP-151,No Match,,,0,0,0,0,ORPHAN (Garbage?)
41609abb-f455-48c8-b9df-e63a7588f19a,1-912065-2,旺電舎☆,COMP-152,No Match,,,0,0,0,0,ORPHAN (Garbage?)
4bed3d6a-b137-4e5e-a3e1-f9d3e9861ff1,G-080-1(20100420).xls,沖電線ﾌﾚｷｼﾌﾞﾙｻｰｷｯﾄ,COMP-154,No Match,,,0,0,0,0,ORPHAN (Garbage?)
d8666412-11fb-4380-8b1c-d9436a33381b,OCA,落合工機,COMP-155,No Match,,,0,0,0,0,ORPHAN (Garbage?)
ce874a4a-128f-45df-a17d-2307ceb8bc7e,SEI-001(20100106).xls,ｵｶﾌｰｽﾞ,COMP-156,No Match,,,0,0,0,0,ORPHAN (Garbage?)
08fd856e-24a1-4744-a3d7-e590b48e5b9b,IAM,アイエイエム電子,COMP-159,No Match,,,0,0,0,0,ORPHAN (Garbage?)
8dacc255-9eac-403d-88aa-a60cc90630f8,KGM2,アイエヌテック国上,COMP-161,No Match,,,0,0,0,0,ORPHAN (Garbage?)
fda97630-1d33-4196-aa63-0f199749b8f6,ICM,アイカムス・ラボ,COMP-162,No Match,,,0,0,0,0,ORPHAN (Garbage?)
3743d660-8380-4ef7-a767-05bd09d2e715,IRX,アイクレックス,COMP-163,No Match,,,0,0,0,0,ORPHAN (Garbage?)
78623eb3-d686-4b01-934a-e4f1461703c9,IZK2,アイザック(三晶MEC資材調達)☆,COMP-164,No Match,,,0,0,0,0,ORPHAN (Garbage?)
e4077594-c44a-446a-99e0-02a03ed71c50,ITC2,アイテック,COMP-166,No Match,,,0,0,0,0,ORPHAN (Garbage?)
27c4a3ba-0acc-4d98-a4a2-5e8d855dbaa3,IDM3,アイデム,COMP-167,Exact Name,IDM,アイデム,0,0,0,0,KEEP (Matched)
066a0ed1-c75a-4f79-a52e-fd7576712ba8,IRS2,アイリス,COMP-169,No Match,,,0,0,0,0,ORPHAN (Garbage?)
77544541-439b-440e-a9d7-084f5e732c25,AIN2,アイン精巧,COMP-170,No Match,,,0,0,0,0,ORPHAN (Garbage?)
e3955719-9298-4b16-b67c-8315dab70f6b,IEC2,アイ・イー・シー,COMP-171,No Match,,,0,0,0,0,ORPHAN (Garbage?)
2324d9e8-fe6e-4601-9747-bbb39c100383,ISJ,アイ・エス・ジェイ,COMP-172,No Match,,,0,0,0,0,ORPHAN (Garbage?)
50791fc7-c25e-4971-8173-3109e41eb065,G-020-3（20140619）.xls,アオノ,COMP-175,No Match,,,0,0,0,0,ORPHAN (Garbage?)
ba6355cc-4db4-448e-9807-f53ef08e0c23,AKT-001,アキタ,COMP-176,No Match,,,0,0,0,0,ORPHAN (Garbage?)
12bb39be-9805-4104-addf-ebbf562cf8de,AKY,アキヤ電気,COMP-177,No Match,,,0,0,0,0,ORPHAN (Garbage?)
7ebc226d-863b-43c2-9960-506dd80ac559,ACT,アクティ,COMP-178,No Match,,,0,0,0,0,ORPHAN (Garbage?)
5f3fd737-3df2-4f4e-9eb7-5277f7ab9ae3,EST,イースタン技研(株),COMP-238,Exact Code,EST,イースタン技研,0,0,0,0,KEEP (Matched)
784f7c30-20ea-4e09-9ae7-ea9a34ab46ca,ASH04,アサヒ☆,COMP-181,No Match,,,0,0,0,0,ORPHAN (Garbage?)
515e4823-adc6-47fc-b20f-1bd1975cf69b,HKD,峰光電子(株),COMP-1381,Exact Code,HKD,峰光電子,0,0,0,0,KEEP (Matched)
b03e0130-7790-4c02-8eca-a1f7d021f785,ASV,アシストＶ,COMP-183,No Match,,,0,0,0,0,ORPHAN (Garbage?)
74e6b9ab-a4e4-46de-a6f0-a222340377c3,AST2,アステイ,COMP-184,No Match,,,0,0,0,0,ORPHAN (Garbage?)
bd96f2c4-b1e1-4bef-b7a4-961de8be9192,AZB,アズバイオ,COMP-186,No Match,,,0,0,0,0,ORPHAN (Garbage?)
1381c3ab-9355-4c18-9c49-717d18727014,YMT02,アズビル(山武),COMP-187,No Match,,,0,0,0,0,ORPHAN (Garbage?)
204446c8-8404-485f-86e7-27f462136225,KOK-001-B(20171204).xlsx,アセック(株),COMP-188,No Match,,,0,0,0,0,ORPHAN (Garbage?)
40acb053-7544-4c59-ba0f-da78dfe0bad8,AZL,アゼリア,COMP-189,No Match,,,0,0,0,0,ORPHAN (Garbage?)
c722a0b9-b5a2-4bed-a153-13514c7e79a5,AMT-2,アットマークテクノ,COMP-190,No Match,,,0,0,0,0,ORPHAN (Garbage?)
c4fa75e9-4c04-4a06-8c6b-237d98f30028,AZT,アヅマテクノス,COMP-191,No Match,,,0,0,0,0,ORPHAN (Garbage?)
2f7731f0-cf2e-4199-a8a6-827c59333d4e,HSK,株式会社 ホープ精工 本社工場,CUST-168,Exact Code,HSK,株式会社 ホープ精工 本社工場,0,6,0,6,KEEP (Matched)
2be7fda6-1ff5-4bf1-a4ab-1b20e80ac104,1,アドバネクス☆,COMP-193,No Match,,,116,110,0,226,ORPHAN WITH FKS (Requires Manual Check)
c245e547-9d3c-42f3-94f4-da2e9a9fcafc,APR,アプローチ,COMP-194,No Match,,,0,0,0,0,ORPHAN (Garbage?)
ae9b969b-1d9b-4ef0-91c2-6f9e1e8fc2c7,AMZ01,アマゾンサイエンス,COMP-195,No Match,,,0,0,0,0,ORPHAN (Garbage?)
55a13c0e-c735-423b-990f-d4dc1f147edb,IBD,イビデン(株) 河間工場,COMP-231,Exact Code,IBD,イビデン(株),0,0,0,0,KEEP (Matched)
271a3f03-0d47-47c4-a842-eccbd1a3cbcb,ART,アリアテクニカ,COMP-197,No Match,,,0,0,0,0,ORPHAN (Garbage?)
d6410965-55d3-4336-8808-2242e7cb8c46,ALC,アルコム,COMP-198,No Match,,,0,0,0,0,ORPHAN (Garbage?)
603d36be-bc67-4c21-99b1-56171cf16cc9,ARS2,アルス,COMP-199,No Match,,,0,0,0,0,ORPHAN (Garbage?)
27f40b5e-c7e2-4a47-b6e7-3632e4e51b3a,ALP9,アルプスアルパイン,COMP-200,No Match,,,0,0,0,0,ORPHAN (Garbage?)
6f7da8d0-b96d-476d-9a00-18353bf4d96b,ALP6,アルプス物流加須営業所,COMP-201,No Match,,,0,0,0,0,ORPHAN (Garbage?)
12f87d1b-b7f1-4bf4-a1c2-774cd8cbc78e,ALP08,アルプス物流北上営業所,COMP-202,No Match,,,0,0,0,0,ORPHAN (Garbage?)
0934a7b6-cd36-4459-903c-4b26613a26ff,ALP4,アルプス物流松戸営業所,COMP-203,No Match,,,0,0,0,0,ORPHAN (Garbage?)
6d40a835-adb6-4ff9-b06a-8161d2e9aa58,ALP5,アルプス物流横浜営業所,COMP-204,No Match,,,0,0,0,0,ORPHAN (Garbage?)
6807ec18-d7f4-4dda-9412-929f1f91fa88,ALP3,アルプス物流長野営業所,COMP-205,No Match,,,0,0,0,0,ORPHAN (Garbage?)
8019a65e-45ee-4c51-9de9-24b28fc1358c,ALP07,アルプス物流静岡営業所,COMP-206,No Match,,,0,0,0,0,ORPHAN (Garbage?)
9f5c37ee-810a-4428-bf0d-aadda0ec2a9d,IWS,イワサキ通信工業(株),COMP-233,Exact Code,IWS,イワサキ通信工業,0,0,0,0,KEEP (Matched)
71ab3fe1-60b2-4556-85ad-507e41a45fa4,ARM02,アロマ,COMP-209,Exact Name,ARM,アロマ,0,0,0,0,KEEP (Matched)
42a609b0-dd86-463b-9c77-7c8560cf5239,WJD,ウイトコオブジュピター電通(株),COMP-244,Exact Code,WJD,ウイトコオブジュピター電通,0,0,0,0,KEEP (Matched)
97c489c5-1828-42b5-b4e5-5230ee2f3bbd,ULM,アンリミット・ジャパン,COMP-212,No Match,,,0,0,0,0,ORPHAN (Garbage?)
86a424f1-56d7-480d-97bd-5ce87494fa90,ATF,アートファイネックス福井,COMP-216,No Match,,,0,0,0,0,ORPHAN (Garbage?)
9d4731a5-b540-499b-b9be-abc434c16fb4,UBC,アーバンカンパニー,COMP-217,No Match,,,0,0,0,0,ORPHAN (Garbage?)
e5b4a8a9-7913-47f8-a7f6-23072e49a90f,ITS2,ｱｲﾃｨｴｽｴﾝｼﾞﾆｱﾘﾝｸﾞ,COMP-221,No Match,,,0,0,0,0,ORPHAN (Garbage?)
6821c698-1b42-4baa-9e28-d49346822220,AZM2,ｱｽﾞﾏﾈｼﾞ,COMP-224,No Match,,,0,0,0,0,ORPHAN (Garbage?)
cacaf750-58ea-41da-8f40-1456c39b4496,ADN,ｱﾄﾞﾆｸｽ,COMP-225,No Match,,,0,0,0,0,ORPHAN (Garbage?)
c344096c-a11a-482f-92f3-ba1422b3aa60,ALP02,ｱﾙﾊﾟｲﾝﾏﾆｭﾌｧｸﾁｬﾘﾝｸﾞ(旧ｱﾙﾊﾟｲﾝﾌﾟﾚｼｼﾞｮﾝ),COMP-226,No Match,,,0,0,0,0,ORPHAN (Garbage?)
2fcc4d07-4681-48fb-a77a-02b307748b3f,ISG,イソガイ,COMP-229,No Match,,,0,0,0,0,ORPHAN (Garbage?)
d07908ac-d644-4c67-9de9-445b83e824de,ICW,イチワ,COMP-230,No Match,,,0,0,0,0,ORPHAN (Garbage?)
629add8c-79ba-434d-9024-d6b5aa32de83,EFC2,イフェクト,COMP-232,No Match,,,0,0,0,0,ORPHAN (Garbage?)
f40a5a3c-29a1-4f58-808c-faf04799340a,ITP,インタープラン,COMP-234,No Match,,,0,0,0,0,ORPHAN (Garbage?)
22c49fff-1599-468a-ae25-6e81699b428e,IPX,インペックス,COMP-235,No Match,,,0,0,0,0,ORPHAN (Garbage?)
841f68e0-243d-4aab-a348-930d2d0f08be,EGB,イーグローバレッジ,COMP-237,No Match,,,0,0,0,0,ORPHAN (Garbage?)
a9be77c1-2d26-45fb-8b4a-286ea78bf07d,ETW,イーストンワークス,COMP-239,No Match,,,0,0,0,0,ORPHAN (Garbage?)
5999c834-eac7-4b88-a4b5-a9b51a4a0284,指示書.xlsx,イーピーイ静岡事業所,COMP-241,No Match,,,0,0,0,0,ORPHAN (Garbage?)
c0b9e91b-946a-43fa-b9a2-84236911321b,WST,ウィスト,COMP-242,No Match,,,0,0,0,0,ORPHAN (Garbage?)
4e0694de-0c53-4471-bd54-8f74e7e1a842,WTC,ウィンテクノ,COMP-243,No Match,,,0,0,0,0,ORPHAN (Garbage?)
90e2ba53-0289-4ad8-a06d-2b54aaf0b538,WJD2,ウイトコオブジュピター電通本社,COMP-245,No Match,,,0,0,0,0,ORPHAN (Garbage?)
74e0b117-5d72-458f-afe5-ccf377de45e2,UDB,ウエダ美粧堂,COMP-246,No Match,,,0,0,0,0,ORPHAN (Garbage?)
fc112ec1-cc33-4af4-8aeb-af4034a24079,UEN02,ウエノ厚木支店,COMP-247,No Match,,,0,0,0,0,ORPHAN (Garbage?)
657878d2-3f6d-44ca-855d-fadb26c2b150,UEN7,ウエノ原町支店,COMP-248,No Match,,,0,0,0,0,ORPHAN (Garbage?)
9ede5294-3206-4240-a897-2a1d2a5ac4e3,UEN4,ウエノ営業一課千葉支店山形支店浜松支店,COMP-249,No Match,,,0,0,0,0,ORPHAN (Garbage?)
bc5ec42d-78ea-45fb-9505-485ad7669c29,UEN3,ウエノ長岡支店,COMP-250,No Match,,,0,0,0,0,ORPHAN (Garbage?)
ecb0312a-204d-411a-9559-e19a22c253db,WLT,ウォルツ,COMP-251,No Match,,,0,0,0,0,ORPHAN (Garbage?)
416831c6-947a-44a4-8c69-d5a61d55f026,ELN,(株)エラン,COMP-298,Exact Code,ELN,エラン,0,0,0,0,KEEP (Matched)
f3acf8f1-91a1-4837-8bd3-8d2a05480bd2,KOW02,ウッドベル工業（光和精工）☆,COMP-253,No Match,,,0,0,0,0,ORPHAN (Garbage?)
4762592f-f8b3-4158-97cd-3a357a99cd1c,UTI2,ウツヰ名古屋営業所,COMP-254,No Match,,,0,0,0,0,ORPHAN (Garbage?)
77a1669a-302d-43a6-8a12-d8930bbc56df,ETC,(株)エイテック,COMP-275,Exact Code,ETC,エイテック,0,0,0,0,KEEP (Matched)
85b561e0-6324-4965-88f1-4a5c94159109,IAC,IACT・空南センター,,Exact Code,IAC,IACT・空南センター,0,0,0,0,KEEP (Matched)
15a1d4be-1d59-4fc6-b6fb-991c3c912eec,ADP,A&Dﾌﾟﾘﾝﾄｴﾝｼﾞﾆｱﾘﾝｸﾞ,COMP-257,No Match,,,0,0,0,0,ORPHAN (Garbage?)
d805c7c5-ce94-4b59-b042-2120e6d1a0b0,A3C01,A3Cﾃﾞｻﾞｲﾝ,COMP-258,No Match,,,0,0,0,0,ORPHAN (Garbage?)
2851ba2e-9f88-4106-b9d9-ef8c00970898,EBN,EBINAX（旧ヱビナ電化工業）,COMP-259,No Match,,,0,0,0,0,ORPHAN (Garbage?)
c12fcf5a-01bb-4ff3-af88-9c19106f2328,1-2,FDK湖西☆,COMP-260,No Match,,,0,0,0,0,ORPHAN (Garbage?)
63debc7a-e559-40c9-b9cb-6128a684a6d1,FDE-001,FDKｴﾅｼﾞｰ☆,COMP-261,No Match,,,0,0,0,0,ORPHAN (Garbage?)
448d4aa0-c7ec-4bc3-b8b7-c82a545bf3eb,IDM,(株)アイデム,CUST-170,Exact Code,IDM,アイデム,0,4,2,6,KEEP (Matched)
35a9348f-8e5a-4ad9-8211-508fe9f91c20,NGK-001,NGKセラミックデバイス,COMP-266,Exact Name,NGK,NGKセラミックデバイス,0,0,0,0,KEEP (Matched)
989f8805-e8e6-406b-b8a9-d81ea854e5cc,1-3,NJコンポーネント（旧FDK山陽工場）☆,COMP-267,No Match,,,0,0,0,0,ORPHAN (Garbage?)
bca30a14-873b-4bc0-a739-2e53e36001a9,NSG,NSGﾌﾟﾚｼｼﾞｮﾝ,COMP-269,No Match,,,0,1,1,2,ORPHAN WITH FKS (Requires Manual Check)
d2d72a20-231f-45b7-a018-90f173fd445c,AAT-001-B,エイアンドティー,COMP-272,Exact Name,AAT,エイアンドティー,0,0,0,0,KEEP (Matched)
acbf4080-9f68-41e9-8604-1cb05e0655f0,LAD,(株)L&Aデバイス,COMP-263,Exact Code,LAD,L&Aデバイス,0,0,0,0,KEEP (Matched)
3c09bf75-d5f4-4545-8aa9-d7c28ef96bf2,MTC,エム・ティ・コア株式会社,COMP-309,Exact Code,MTC,エム・ティ・コア,0,0,0,0,KEEP (Matched)
c3dcd98f-7b85-4697-a1ab-c954336196fa,EXD-001R,エクセル電子☆,COMP-277,No Match,,,0,0,0,0,ORPHAN (Garbage?)
4a63fc0c-a3b9-49ab-bf70-ddeeffa02e38,NKW,NKワークス(株),COMP-268,Exact Code,NKW,NKワークス,0,0,0,0,KEEP (Matched)
b5201c0c-77f4-4891-8923-1973f347ac90,SKY,エスケイワイ,COMP-280,No Match,,,0,0,0,0,ORPHAN (Garbage?)
b8ad23be-f392-4eb2-9c4f-dbe02de2e29f,SGM3,エスジーエム,COMP-281,No Match,,,0,0,0,0,ORPHAN (Garbage?)
8296d861-004b-4d62-9e8a-e93299df8fda,A-010-1(20180604).xlsx,エスビー商会,COMP-282,No Match,,,0,0,0,0,ORPHAN (Garbage?)
52896c77-053c-41bf-ad9c-7174ff69ffda,OYM,(株)オオヤマ 関東事業所,COMP-328,Exact Code,OYM,オオヤマ,0,0,0,0,KEEP (Matched)
364eee89-b2c5-4632-8fae-2ab79c7e7a41,SAS,(株)SAシステムズ,COMP-270,Exact Code,SAS,SAシステムズ,0,0,0,0,KEEP (Matched)
ad5f8458-e293-48ea-ba8a-9d404764ded7,NPL,エヌ・プラス,COMP-287,No Match,,,0,0,0,0,ORPHAN (Garbage?)
d6c96dc6-9bbb-41d8-ad18-d940edbcbf44,EPO,エピオン,COMP-288,No Match,,,0,0,0,0,ORPHAN (Garbage?)
91c438d5-eb45-41ce-bab6-ada4c8820fc9,FN01,エフエヌ,COMP-289,Exact Name,FN,エフエヌ,0,0,0,0,KEEP (Matched)
5f9333ea-1acb-4769-a1c8-e7bc01b3a921,MES,エムイーエス,COMP-291,No Match,,,0,0,0,0,ORPHAN (Garbage?)
53744ce6-8f14-4dae-a046-6a81d7563df5,MAT2,エムエイティ,COMP-292,Exact Name,MAT,エムエイティ,0,0,0,0,KEEP (Matched)
7a7b669d-bd2b-46e8-83cf-4b2d42dff0b2,SKB,(株)SKB,COMP-313,Exact Code,SKB,SKB,0,0,0,0,KEEP (Matched)
5e14a37c-6867-4340-b559-7574670e0e39,MIS02,エム･アイ･エス☆,COMP-296,No Match,,,0,0,0,0,ORPHAN (Garbage?)
c532efd1-3512-42ae-9267-8ec8c895b98e,ETR,エントラスト,COMP-299,No Match,,,0,0,0,0,ORPHAN (Garbage?)
361f5621-f291-40f2-a7a8-4b3f258880e3,ARA,エーアールエーテクノ,COMP-300,No Match,,,0,0,0,0,ORPHAN (Garbage?)
d2ceb093-214f-40eb-997f-74b7a203428b,AKI,エーケイ設計,COMP-301,No Match,,,0,0,0,0,ORPHAN (Garbage?)
391eca64-eefa-4014-a7b6-2ae59666b972,ASC-001,エーシック,COMP-302,No Match,,,0,0,0,0,ORPHAN (Garbage?)
baefe481-5eab-4b6b-a6ab-11e669afb9aa,STI,(株)エス・ティー・アイプロダクト,COMP-284,Exact Code,STI,エス・ティー・アイプロダクト,0,0,0,0,KEEP (Matched)
57b50a63-485a-4918-957d-e2b459378090,AB01,エービー,COMP-306,Exact Name,AB,エービー,0,0,0,0,KEEP (Matched)
1473e6a7-483c-4b0c-90fe-1d625d32934d,HNS2,ＨＮＳ,COMP-308,No Match,,,0,0,0,0,ORPHAN (Garbage?)
33746ef0-d2c6-4c5c-8e39-aa3ab3520a7b,G-060-1(20171011).xlsx,ＮＮＰ電子,COMP-310,No Match,,,0,0,0,0,ORPHAN (Garbage?)
ea2cef56-13a8-4d16-a7ab-25d9e8dc2d7c,STI2,ＳＴＩ,COMP-314,No Match,,,0,0,0,0,ORPHAN (Garbage?)
d29acad3-08b9-4e15-835f-5b3ba7763f2f,SGK03,ｴｽｼﾞｰ工業,COMP-315,No Match,,,0,0,0,0,ORPHAN (Garbage?)
583593ea-bd8e-4056-b97f-6de08e48bd0f,ETN,ｴﾀｰﾅﾙ,COMP-317,No Match,,,0,0,0,0,ORPHAN (Garbage?)
7f51d009-3f02-44fa-bb5c-66b1264b6186,NPC02,ｴﾇﾋﾟｲｼｲ,COMP-319,No Match,,,0,0,0,0,ORPHAN (Garbage?)
998a12ed-1b1e-479d-b4e4-cbbf18ce36fc,NYD,ｴﾇﾜｲﾃﾞｰﾀ,COMP-320,No Match,,,0,0,0,0,ORPHAN (Garbage?)
c7cb802f-108d-4862-a35f-1b90433cd227,MFN,ｴﾑ・ﾌｧｽﾆﾝｸﾞ,COMP-321,No Match,,,0,0,0,0,ORPHAN (Garbage?)
48ee0214-b14b-4170-8d22-e77b18dc4e50,MTS02,ｴﾑ･ﾃｨ･ｴｽ,COMP-322,No Match,,,0,0,0,0,ORPHAN (Garbage?)
ac3754c7-dc1e-4937-b19a-4f8701b5efb9,AP-30(20100622).xls,ｴﾑｱｰﾄ,COMP-323,No Match,,,0,0,0,0,ORPHAN (Garbage?)
173d828b-46a1-44a9-8e15-418f33328869,MGP,ｴﾑｼﾞｰﾌﾟﾚｼｼﾞｮﾝ,COMP-324,No Match,,,0,0,0,0,ORPHAN (Garbage?)
52a903e7-f53e-45fa-8160-2c39f8dfe6df,OET,OEテクノロジー,COMP-325,No Match,,,0,0,0,0,ORPHAN (Garbage?)
99331c2e-f955-44c2-9a21-9822ec2e229b,OPA-001（20130410）.xls,OPTART,COMP-327,Exact Name,OPA,OPTART,0,0,0,0,KEEP (Matched)
8fcd1b2f-72e3-43ac-ada3-99df825cc49b,OKB,オカベカミコン,COMP-329,No Match,,,0,0,0,0,ORPHAN (Garbage?)
9ed39e10-963c-4b42-b8ce-36ef44c4f2b9,OZW,オザワ科学(日東電工),COMP-330,No Match,,,0,0,0,0,ORPHAN (Garbage?)
e0687b11-ddd9-4f44-9141-dfe50f469c07,ONC,オムニクス,COMP-332,No Match,,,0,0,0,0,ORPHAN (Garbage?)
eb83709a-11db-4fb8-9df2-4b88d6adb039,OMR2,オムロン一宮事業所,COMP-333,No Match,,,0,0,0,0,ORPHAN (Garbage?)
c2b001a9-ef65-4c09-8a0b-9494dbe0209b,OCK,オリエンタルチエン工業,COMP-335,No Match,,,0,0,0,0,ORPHAN (Garbage?)
91357ea1-6baf-470f-8abe-6723e7729d83,OTM3,オリエンタルモーター土浦事業所,COMP-336,No Match,,,0,0,0,0,ORPHAN (Garbage?)
6d9c0cae-a26e-4902-8cdb-710ab706add1,A-024-1(20190510).xlsx,オリエンタルモーター甲府事業所,COMP-337,No Match,,,0,0,0,0,ORPHAN (Garbage?)
8b20104f-3fb5-4baa-8fe9-85a09a39de71,IGT,(株)井口商店,COMP-55,Exact Code,IGT,井口商店,0,0,0,0,KEEP (Matched)
96435b11-2871-4e2c-aa58-1815c895f802,IHK,稲畑香料(株),,Exact Code,IHK,稲畑香料,0,0,0,0,KEEP (Matched)
ed616624-934f-4f90-b1bb-3c239865dee8,IKR,(株)育良精機製作所 小山工場,COMP-83,Exact Code,IKR,育良精機製作所,0,1,0,1,KEEP (Matched)
c6c9aebd-8e83-47bc-839f-b1034f710e2d,OMP,オーエムプランニング,COMP-341,No Match,,,0,0,0,0,ORPHAN (Garbage?)
dfc5a7ab-4034-4f53-923f-742078947357,OAD,オーツェイド,COMP-342,No Match,,,0,0,0,0,ORPHAN (Garbage?)
fb1ad371-62cf-4745-a5ae-825167785f52,ATT2,オートテクニカ,COMP-345,No Match,,,0,0,0,0,ORPHAN (Garbage?)
7aa23a06-7830-4099-a5d7-26d1fc3fc5d3,OAT,ＯＡＴ,COMP-346,No Match,,,0,0,0,0,ORPHAN (Garbage?)
d6b29c99-5f92-4231-be68-40e1cbff7b62,OTS,ｵｰﾃｨｰｴｽ,COMP-347,No Match,,,0,0,0,0,ORPHAN (Garbage?)
2a685256-0d9f-42b8-8bc9-c812da9ea6ff,2023.1.1付,Orbray(旧アダマンド並木精密宝石),COMP-350,No Match,,,0,0,0,0,ORPHAN (Garbage?)
53c62eb1-7df3-4757-8f22-026a529f4e2d,KAGA,KAGAUSA,COMP-353,No Match,,,0,0,0,0,ORPHAN (Garbage?)
641b082c-bbff-430e-af34-8eb0a57d98f6,KMG2,Kamogawa滋賀営業所,COMP-355,No Match,,,0,0,0,0,ORPHAN (Garbage?)
667c47d0-2410-4be5-ace5-8512e2694264,KMC2,Ｋ-マシン,COMP-357,No Match,,,0,0,0,0,ORPHAN (Garbage?)
2b71fce6-d4de-4776-942c-9153954635ed,IKS,(株)石川精密,COMP-77,Exact Code,IKS,石川精密,0,0,0,0,KEEP (Matched)
dae954fc-b6de-457e-bccf-a1a0e4190e20,KAK01,カコ,COMP-359,No Match,,,0,0,0,0,ORPHAN (Garbage?)
89aefb93-3238-441a-9b50-51f4689db045,KTI01,カタイ螺子,COMP-361,No Match,,,0,0,0,0,ORPHAN (Garbage?)
a4ad27b5-96ec-41c7-aaf5-c8f57b7ef8ba,KNE01,カナエ,COMP-362,No Match,,,0,0,0,0,ORPHAN (Garbage?)
752a5d32-b7a2-4f86-9e09-68bd67dff959,KWI01,カワイ,COMP-363,Exact Name,KWI,カワイ,0,0,0,0,KEEP (Matched)
809f5620-ffa3-43e5-ae5a-c7680b793517,KMD01,亀田製作所,COMP-364,Exact Name,KMD,亀田製作所,0,0,0,0,KEEP (Matched)
dc39e6b9-9257-461f-8a59-a91e1994cd2c,KHK,兼広機材,COMP-365,No Match,,,0,0,0,0,ORPHAN (Garbage?)
3d086d4d-eb0b-437e-ad3e-5c6492baec88,TND,加積商会⇒谷電気工業,COMP-366,No Match,,,0,0,0,0,ORPHAN (Garbage?)
5b28ea0e-6252-44fe-841b-97078c7d66f4,KWT,(株)カシワテクノス,COMP-360,Exact Code,KWT,カシワテクノス,0,0,0,0,KEEP (Matched)
e8190a69-64dc-4326-bf07-0b9464d30e91,KSK4,川島工業,COMP-369,No Match,,,0,0,0,0,ORPHAN (Garbage?)
0507db12-7ee8-4e55-8360-f2088a0ea9fb,KSS2,川島製作所安達太良工場,COMP-370,No Match,,,0,0,0,0,ORPHAN (Garbage?)
6536a6b6-0ca4-4f99-8ff3-42acc41397ee,KSE01,川崎エコー☆,COMP-371,No Match,,,0,0,0,0,ORPHAN (Garbage?)
dc6a9485-fb82-4e9d-b08b-919be839746f,KWS01,川崎金網,COMP-373,No Match,,,0,0,0,0,ORPHAN (Garbage?)
fd6e7263-8373-4ae6-b22c-81f9ac22189b,KSE02,川崎ｴﾝｼﾞﾆｱﾘﾝｸﾞ,COMP-374,No Match,,,0,0,0,0,ORPHAN (Garbage?)
bb8cda4a-09ae-4a54-9a7e-ae4b029b960b,KSG-001,柏原計器工業,COMP-375,Exact Name,KSG,柏原計器工業,0,0,0,0,KEEP (Matched)
468694ea-fffd-43cd-8ccb-1a5897214961,KWB2,柏葉産業,COMP-376,No Match,,,0,0,0,0,ORPHAN (Garbage?)
e6d1d2bd-0a27-4657-8adb-2fbae7e55353,KWU01,河内電機,COMP-377,No Match,,,0,0,0,0,ORPHAN (Garbage?)
e902d7f1-2365-4cc8-ae39-2524d33ab1a6,KDK2,河合電子工業,COMP-378,No Match,,,0,0,0,0,ORPHAN (Garbage?)
cf0314e2-7115-4d84-acc3-cc50456b85ad,KSI3,河西精機製作所,COMP-379,No Match,,,0,0,0,0,ORPHAN (Garbage?)
da358530-14ae-4065-921e-4315ac1ba40e,ORE,(株)オリエンタル工芸社,COMP-348,Exact Code,ORE,オリエンタル工芸社,0,0,0,0,KEEP (Matched)
2be5ead1-4226-4659-9afc-958675d72456,KIK2,甲斐工業,COMP-381,No Match,,,0,0,0,0,ORPHAN (Garbage?)
84f40f90-6e51-470c-9c9d-0edf91de9f4c,KGF,神奈川フッ素,COMP-382,No Match,,,0,0,0,0,ORPHAN (Garbage?)
88ae57d8-4faf-4e10-9d03-ce316c5e88c7,KZT,神沢鉄工,COMP-383,No Match,,,0,0,0,0,ORPHAN (Garbage?)
4cd7c685-bc69-482a-a548-3d94b80b1779,KND3,神田工業,COMP-384,No Match,,,0,0,0,0,ORPHAN (Garbage?)
021161a0-4d76-4f57-b4be-2607ca3a7e47,KDT,神田通信工業,COMP-385,No Match,,,0,0,0,0,ORPHAN (Garbage?)
523670d0-d184-434f-8618-3695c89239da,KAK2,華光,COMP-386,No Match,,,0,0,0,0,ORPHAN (Garbage?)
9e173140-7cca-463e-b165-6705f2898939,KNC2,金子コード,COMP-387,No Match,,,0,0,0,0,ORPHAN (Garbage?)
7cd7cbf8-be1f-4a90-a693-588fd48e488a,PS-100(20100423).xls,金山ｹﾐﾃｯｸ,COMP-388,No Match,,,0,0,0,0,ORPHAN (Garbage?)
6dfcfdd1-6361-4230-8aff-59009a6dbfca,KNZ01,金沢工機,COMP-389,No Match,,,0,0,0,0,ORPHAN (Garbage?)
403e7920-d318-4987-9c03-c2fb0d3089d0,KMT,釜谷紙業,COMP-391,No Match,,,0,0,0,0,ORPHAN (Garbage?)
62d4c42c-ce34-4683-89fe-71bd3cc2557d,5-56-7(20100921).xls,関西ﾃｰﾌﾟﾚｺｰﾀﾞ,COMP-392,No Match,,,0,0,0,0,ORPHAN (Garbage?)
c564873a-a5c3-4518-9c85-537f94787bce,KSM2,鹿島エレクトロニクス,COMP-393,No Match,,,0,0,0,0,ORPHAN (Garbage?)
ed20dbcf-d336-4a6b-8834-bb9385fcee10,KTU01,ｶﾄｳｽﾌﾟﾘﾝｸﾞ,COMP-394,No Match,,,0,0,0,0,ORPHAN (Garbage?)
6ba14db8-7567-45b3-97d2-b68593900968,KBT03,ｶﾌﾞﾄｷﾞ工業,COMP-395,No Match,,,0,0,0,0,ORPHAN (Garbage?)
3621b0aa-24d1-4f20-a595-5c7d93a71c63,1447287-1,菊池製作所,COMP-396,Exact Name,KKS,菊池製作所,6,1,0,7,KEEP (Matched)
5e93ab50-7ef7-4253-b39c-7e0446fa39bc,KTK01,KTC京都機械工具,COMP-397,No Match,,,0,0,0,0,ORPHAN (Garbage?)
18c68404-6e75-4ac0-a824-c8f0dc447794,KES4,共栄産業,COMP-403,No Match,,,0,0,0,0,ORPHAN (Garbage?)
37b29f65-f2ad-43ae-b5e1-7064c9d2ac8f,MRY-002（20070717）.xls,共栄精機,COMP-404,No Match,,,0,0,0,0,ORPHAN (Garbage?)
850b368e-5fe5-4635-8176-89a09f28501b,KES5,共栄製作所☆,COMP-405,No Match,,,0,0,0,0,ORPHAN (Garbage?)
17ba0d25-a9b2-489a-89af-2fcd006d9a97,IMC,(株)アイ・エム・シー,COMP-174,Exact Code,IMC,アイ・エム・シー,0,0,0,0,KEEP (Matched)
e871244d-ee8f-4150-8d06-806015780a58,KYR-2,共立エーティーエス秋田,COMP-407,No Match,,,0,0,0,0,ORPHAN (Garbage?)
b6568f35-cc36-465b-8348-b0d80cfc9dd2,KRB2,共立物産,COMP-408,Exact Name,KRB,共立物産,0,0,0,0,KEEP (Matched)
567a416b-6e3a-4e40-9b69-c082c8fffa39,KTH,北原商事,COMP-409,No Match,,,0,0,0,0,ORPHAN (Garbage?)
7030a115-e502-4d4c-9608-10e31fcfad98,KYW02,協和化成工業,COMP-410,No Match,,,0,0,0,0,ORPHAN (Garbage?)
b4be57f7-3faf-4488-a6b6-90e517eb7c7d,KWS4,協和商工,COMP-411,No Match,,,0,0,0,0,ORPHAN (Garbage?)
21858392-2d91-4531-b393-696d8215b193,KYW3,協和工業,COMP-412,No Match,,,0,0,0,0,ORPHAN (Garbage?)
595a074c-d319-40aa-9927-da5a6aca28a8,KYW01,協和紙工業,COMP-413,No Match,,,0,0,0,0,ORPHAN (Garbage?)
2a5ee688-47e1-4bfc-8d54-1b81fd631783,KEB,協栄鋲工,COMP-415,No Match,,,0,0,0,0,ORPHAN (Garbage?)
b2dbbff4-c94d-4935-9b59-da2974b84339,KYR2,協立化成,COMP-416,Exact Name,KYR,協立化成,0,0,0,0,KEEP (Matched)
df28ac85-9ea9-4fdd-9ecb-e0242df865df,KYR5,協立機械本社,COMP-417,No Match,,,0,0,0,0,ORPHAN (Garbage?)
a53d173c-3df9-41aa-98ec-261123e81ba9,KYR3,協立機械菊川工場,COMP-418,No Match,,,0,0,0,0,ORPHAN (Garbage?)
3cdeb9c1-4310-46d1-a67e-3f81b08fc77b,IRS,(株)入曽精密,CUST-329,Exact Code,IRS,入曽精密,0,1,1,2,KEEP (Matched)
c2b8d993-9f8f-4ec7-957d-96c2d51122ff,ISB,石橋理化工業(株),COMP-227,Exact Code,ISB,石橋理化工業,0,0,0,0,KEEP (Matched)
1c120bc5-7461-45dc-8670-a220bae7ea42,KNI,(株)クニイ,COMP-429,Exact Code,KNI,クニイ,0,0,0,0,KEEP (Matched)
024ea798-7304-4f25-a96a-01bdbd68cd6c,KHR,木原製作所,COMP-422,No Match,,,0,0,0,0,ORPHAN (Garbage?)
7e3c3e2e-239e-44ea-8533-ea698c948368,KYK3,清国,COMP-423,No Match,,,0,0,0,0,ORPHAN (Garbage?)
afa6cf37-416e-4228-8d75-d1102a69c602,KDD,金大電子産業,COMP-424,No Match,,,0,0,0,0,ORPHAN (Garbage?)
b1b4a908-2428-43c1-892e-a8f1d3147352,KNS,金星ゴム工業,COMP-425,No Match,,,0,0,0,0,ORPHAN (Garbage?)
70778fa1-2392-4e1d-b0e7-d14c9a4e9e30,KPK,金邦化成,COMP-426,No Match,,,0,0,0,0,ORPHAN (Garbage?)
d503e566-9774-497d-af87-c1f92962d218,HTL01,ｷｬﾒﾛｯﾄｼﾞｬﾊﾟﾝ,COMP-427,No Match,,,0,0,0,0,ORPHAN (Garbage?)
b1ae92d9-1066-4fc5-b0a3-2295a4492a4e,KWD,(有)協和電子,COMP-414,Exact Code,KWD,協和電子,0,0,0,0,KEEP (Matched)
3f3f7e6c-4753-4d98-a78e-ab31be89369d,KBT01,クボタ,COMP-430,Exact Name,KBT,クボタ,0,0,0,0,KEEP (Matched)
1157433c-3c75-40a8-8ca3-27b6197182f5,KRB3,倉敷紡績寝屋川工場,COMP-433,No Match,,,0,0,0,0,ORPHAN (Garbage?)
01f8e7ec-1a82-432a-b0c7-e680983611fb,A.民事再生中残108.240円あり（2021.7.7）.pub,国上精機工業（民事再生中残高有）,COMP-434,No Match,,,0,0,0,0,ORPHAN (Garbage?)
35503743-196d-45df-8409-e6e98e2a797b,KNM,国松,COMP-435,No Match,,,0,0,0,0,ORPHAN (Garbage?)
3e8d000b-59d8-4be8-bf99-d212a01f2f57,KNT2,國友エンジニアリング,COMP-436,No Match,,,0,0,0,0,ORPHAN (Garbage?)
61482ad8-eb6a-430a-bc66-285a854efafb,KDS2,工藤ｽﾌﾟﾘﾝｸﾞ,COMP-437,No Match,,,0,0,0,0,ORPHAN (Garbage?)
ea6af2b4-06c0-46ae-9033-dc700ec4c60a,KMR3,熊本森六化成,COMP-440,No Match,,,0,0,0,0,ORPHAN (Garbage?)
c27c9b04-cefe-4bbb-8fab-d1865949aa96,KBT2,窪田産業国分工場,COMP-441,No Match,,,0,0,0,0,ORPHAN (Garbage?)
674ca453-0659-47ed-9f81-636e77e5c573,KRS01,黒澤精機製作所,COMP-442,Exact Name,KRS,黒澤精機製作所,0,0,0,0,KEEP (Matched)
335892f5-6a21-431f-9f01-3183dde7dcc3,KRS3,黒田精型☆,COMP-443,No Match,,,0,0,0,0,ORPHAN (Garbage?)
e44e164a-7fc2-4f84-990c-c71215ec9d30,KRD01,黒田電気黒田テクノ(和田電器),COMP-444,No Match,,,0,0,0,0,ORPHAN (Garbage?)
98fddbec-eb44-4551-a281-215151f62544,KHN2,京浜,COMP-448,No Match,,,0,0,0,0,ORPHAN (Garbage?)
28a6b5bb-af35-4172-bf19-75d5f02f8877,KAS,啓愛社,COMP-449,No Match,,,0,0,0,0,ORPHAN (Garbage?)
5f8c1a4b-d234-4d03-9714-da43acafcb99,KGN,軽銀,COMP-450,No Match,,,0,0,0,0,ORPHAN (Garbage?)
ba15a021-9f47-4928-a9e6-fbe80a060655,KMC01,ｹｰｴﾑｼｰ,COMP-451,No Match,,,0,0,0,0,ORPHAN (Garbage?)
8dede8ec-f54e-4ded-91eb-2af5991f4cde,KMK2,ｹﾐｺﾝ長岡（ﾊﾟﾅｿﾆｯｸAVC),COMP-452,No Match,,,0,0,0,0,ORPHAN (Garbage?)
fb4e3ea3-2b15-48d0-9bcb-00929440e1e5,KBY6,コバヤシ精密工業,COMP-453,No Match,,,0,0,0,0,ORPHAN (Garbage?)
e5898a4c-f69c-4340-b130-bed24cb55e63,G-040-2(20140121).xls,コーア,COMP-454,Exact Name,KOA,コーア,0,0,0,0,KEEP (Matched)
8b883f93-03fb-4c13-8b3e-339890364b36,KKN-P試作.xls,コーケン化学,COMP-455,Exact Name,KKN,コーケン化学,0,0,0,0,KEEP (Matched)
2f724ca9-438b-4c15-8466-dbc9385b4046,YSD-001-0.8(20090706).xls,中国宏得電子,COMP-456,No Match,,,0,0,0,0,ORPHAN (Garbage?)
7b30b6f9-2f8a-4fae-a640-6c8c16d292cd,KSK3,光伸化成製作所,COMP-457,Exact Name,KSK,光伸化成製作所,0,0,0,0,KEEP (Matched)
3682833d-97e9-45fb-a803-5fdbba89c1b5,KUW01,光和化成製作所,COMP-458,Exact Name,KUW,光和化成製作所,0,0,0,0,KEEP (Matched)
a9bfe0e5-d888-40b4-96ca-7dc8e4645164,KWK2,光和工業,COMP-459,No Match,,,0,0,0,0,ORPHAN (Garbage?)
8d89af78-666d-49bf-86db-9fb7098c9f15,KJS,光城精工,COMP-460,No Match,,,0,0,0,0,ORPHAN (Garbage?)
830ace54-c059-49fe-8481-e8a64e3dc192,KZN,光山電気工業,COMP-461,No Match,,,0,0,0,0,ORPHAN (Garbage?)
1ab024ea-c57a-4bc6-80ee-00f8e930a618,KYK2,光洋金属工業,COMP-462,Exact Name,KYK,光洋金属工業,0,0,0,0,KEEP (Matched)
996b3925-7cee-4dfc-873b-98e51b1a85b6,KKN02,光研,COMP-463,No Match,,,0,0,0,0,ORPHAN (Garbage?)
ce4b8ea2-35d2-4343-8cce-ce8df00f60a9,KOR2,光菱,COMP-464,No Match,,,0,0,0,0,ORPHAN (Garbage?)
185c60fe-290c-45a0-a84a-127d494c07e6,KGS,古賀製作所,COMP-466,No Match,,,0,0,0,0,ORPHAN (Garbage?)
d1e9c630-18e0-491b-a6a1-65c6bdeffeb8,KGD2,古賀電機,COMP-467,No Match,,,0,0,0,0,ORPHAN (Garbage?)
0c7d3fc0-fc50-4263-af06-e07df330bed1,KR-001(20110217).xls,国光ｵﾌﾞﾗｰﾄ,COMP-468,No Match,,,0,0,0,0,ORPHAN (Garbage?)
bbbdf72d-1a71-49d7-9498-3bb01c40399e,SGS4,国立研究開発法人産業技術総合研究所,COMP-469,No Match,,,0,0,0,0,ORPHAN (Garbage?)
da61634d-58d6-4b93-964d-8db3624b6287,KKO,国興,COMP-470,No Match,,,0,0,0,0,ORPHAN (Garbage?)
3524a5a5-4142-4a0c-9d97-7ce141907c63,KKO2,国興所沢駐在,COMP-471,No Match,,,0,0,0,0,ORPHAN (Garbage?)
0847fe48-ffb2-4290-9241-d6c0a2f0b92f,KDK3,国際ディスプレイ工業,COMP-472,No Match,,,0,0,0,0,ORPHAN (Garbage?)
fc8b0360-c110-448e-86ed-b9c15ccbd5c1,KTB02,寿製作所,COMP-473,Exact Name,KTB,寿製作所,0,0,0,0,KEEP (Matched)
2adcaaf9-4605-4013-ab98-f3d5be28514d,KMS,小向精機,COMP-474,No Match,,,0,0,0,0,ORPHAN (Garbage?)
a8f7e293-a969-42d0-8601-8071f2927a98,KBR,小堀製作所,COMP-475,No Match,,,0,0,0,0,ORPHAN (Garbage?)
e561e546-ae65-4874-a874-f96e6b05686a,KYM2,小山☆,COMP-476,No Match,,,0,0,0,0,ORPHAN (Garbage?)
f666404f-190b-4df1-97bf-32b167a0e001,KYM4,小山本社(新宿),COMP-477,No Match,,,0,0,0,0,ORPHAN (Garbage?)
9188986c-94f8-4c66-bc88-6e51e6615404,KJM2,小島商会,COMP-478,Exact Name,KJM,小島商会,0,0,0,0,KEEP (Matched)
6597bb62-a3e6-4f29-810b-faffbe479de3,ISD,アイエスディ(株),COMP-160,Exact Code,ISD,アイエスディ,0,0,0,0,KEEP (Matched)
dbc12b06-789a-4205-82f6-64ed86fa5bfd,KBY02,小林精工,COMP-481,Exact Name,KBY,小林精工,0,0,0,0,KEEP (Matched)
d6bcae68-c5a0-4af1-a605-0685e5711417,KBK,小林興業,COMP-482,No Match,,,0,0,0,0,ORPHAN (Garbage?)
cda75f5c-9f8c-46e6-bc23-7e4d15eba378,KBY07,小林製作所(埼玉県北足立郡伊奈町),COMP-483,No Match,,,0,0,0,0,ORPHAN (Garbage?)
03f39c66-eb25-40fe-ad01-4e4e5d415663,KBY4,小林製作所(埼玉県越谷市),COMP-484,No Match,,,0,0,0,0,ORPHAN (Garbage?)
75118ad5-b8fb-4f8c-b193-8a466c239802,KBY5,小林製作所(栃木県鹿沼市),COMP-485,No Match,,,0,0,0,0,ORPHAN (Garbage?)
2982ad37-47a3-4361-ae10-e441541931f0,KBY03,小林製作所(茨城県ひたちなか市),COMP-486,No Match,,,0,0,0,0,ORPHAN (Garbage?)
358f20dc-a979-4dea-be26-e260d3ffbc84,KIK01,小池製作所,COMP-488,Exact Name,KIK,小池製作所,0,0,0,0,KEEP (Matched)
091de9a8-6616-41a1-a85a-842c5fda0d03,ISE,イセ(株) 富山営業所,COMP-228,Exact Code,ISE,イセ(株),0,0,0,0,KEEP (Matched)
77fa3634-2d4b-474e-a659-7f9718d73202,KMK3,小間工業,COMP-490,No Match,,,0,0,0,0,ORPHAN (Garbage?)
01bad826-6ce6-468f-91e2-51fc8d4191b5,KDK,小高精密,COMP-491,No Match,,,0,0,0,0,ORPHAN (Garbage?)
19e79b87-2d06-4f00-8194-384374c03218,ISI,石井プレス工業(株),,Exact Code,ISI,石井プレス工業,0,0,0,0,KEEP (Matched)
f75cf522-3cb0-4ab4-a054-2dbf93cc173d,2023年10月,甲陵樹脂,COMP-494,Exact Name,KOR,甲陵樹脂,0,0,0,0,KEEP (Matched)
f30de9a9-bc16-4aa9-a1ef-f705113c84b3,KON2,興南,COMP-495,No Match,,,0,0,0,0,ORPHAN (Garbage?)
780387be-4be5-4a59-a6a9-c75c0abc3b74,EMR,興和江守,COMP-496,No Match,,,0,0,0,0,ORPHAN (Garbage?)
c089f16e-2b2f-4a7d-88f1-d1b6d43fa228,KOW3,興和製作所,COMP-497,No Match,,,0,0,0,0,ORPHAN (Garbage?)
12305452-97a6-483a-a975-ab4524c420af,KZK,(有)カズ・クラフト,COMP-526,Exact Code,KZK,カズ・クラフト,0,0,0,0,KEEP (Matched)
9319fb34-d689-481c-8b35-fdb8ce796293,KKI2,興国インテック蒲原工場,COMP-499,No Match,,,0,0,0,0,ORPHAN (Garbage?)
a3c0200f-05e4-4768-b19b-94ae3249a375,KEK2,興栄工業,COMP-501,No Match,,,0,0,0,0,ORPHAN (Garbage?)
6c75fc57-0582-4fbc-a560-1c1c54e8423a,KSJ,越路商会,COMP-502,No Match,,,0,0,0,0,ORPHAN (Garbage?)
72ef17c3-65d9-4719-ae8d-abc252646637,KOD01,香田製作所,COMP-504,Exact Name,KOD,香田製作所,0,0,0,0,KEEP (Matched)
f74c4d2e-ab05-40a8-bbe4-d212989fa816,KWD2,高和電氣工業,COMP-506,No Match,,,0,0,0,0,ORPHAN (Garbage?)
11bee4fa-acac-40d2-b7e7-81699be7eb04,GKI,互恵産業,COMP-510,No Match,,,0,0,0,0,ORPHAN (Garbage?)
e8d12aa0-8bb7-4deb-8f6b-d066a736778c,GOJ01,五事,COMP-511,Exact Name,GOJ,五事,0,0,0,0,KEEP (Matched)
e008b5ab-9a9c-4958-b635-69aa684ba25f,GKS2,五光社川越営業所,COMP-512,No Match,,,0,0,0,0,ORPHAN (Garbage?)
d577a6be-37b3-4534-9273-0d8864959ba7,GKS,五光社東京本社,COMP-513,No Match,,,0,0,0,0,ORPHAN (Garbage?)
559e9997-3049-4249-8c9e-019e7e240a47,1-912065-2(20210412).xlsx,五明紙器製作所☆,COMP-514,No Match,,,0,0,0,0,ORPHAN (Garbage?)
d6ae0735-f5e4-4052-a74b-12df6b2720d7,GTO,後藤ライト,COMP-515,No Match,,,0,0,0,0,ORPHAN (Garbage?)
54e50b90-337f-4677-b66c-38d95b2b7b40,GOS01,郷製作所,COMP-516,No Match,,,0,0,0,0,ORPHAN (Garbage?)
7f5964ff-61a5-42d4-be1b-d05e49d8053d,CBE,カウベルエンジニアリング,COMP-517,No Match,,,0,0,0,0,ORPHAN (Garbage?)
ddf0130e-e07b-464b-91b8-0115b5b9b062,KSI4,カサイ,COMP-518,No Match,,,0,0,0,0,ORPHAN (Garbage?)
ed0134ad-e9c4-4c20-97f3-ffc06415c168,KTS-2,カトウ商工,COMP-520,Exact Name,KTS,カトウ商工,0,0,0,0,KEEP (Matched)
f2f3c1b6-0b21-4510-bec7-b90cec900021,中国ＳＰＰＣ扱い.xls,カナレ電気,COMP-521,No Match,,,0,0,0,0,ORPHAN (Garbage?)
9e0fc034-c825-4a47-8264-357bfef35bee,KMM,カミマル,COMP-524,No Match,,,0,0,0,0,ORPHAN (Garbage?)
063a5677-42c7-41f2-a052-09a2fadbed60,167CSS-024-01E(20130225).xls,ｶｻｲ電子,COMP-525,No Match,,,0,0,0,0,ORPHAN (Garbage?)
fa56b335-76ba-4b76-9c23-41c2e32a92e7,KND04,ｶﾅﾃﾞﾝ,COMP-527,No Match,,,0,0,0,0,ORPHAN (Garbage?)
9bded02c-6575-4a44-bee8-d5079644f281,GST,ガステック,COMP-528,No Match,,,0,0,0,0,ORPHAN (Garbage?)
ea861079-e6c8-43b3-984e-98187ecfd40e,KSC-001(20161004)初回.xlsx,KISCO,COMP-529,No Match,,,0,0,0,0,ORPHAN (Garbage?)
b698903a-9d76-42a9-a0c7-4b111a41cc12,KMR2,キムラ電子,COMP-530,No Match,,,0,0,0,0,ORPHAN (Garbage?)
c3798eb2-3405-49a3-8632-fc7c8ef7df2c,CUS-001初回(20130603)20130607ﾍﾞﾄﾅﾑへ移管.xls,キュリアス精機,COMP-531,Exact Name,CUS,キュリアス精機,0,0,0,0,KEEP (Matched)
b16a54f1-263f-48fa-958e-a34e7e35af81,A-020-2-0.5(20190730).xlsx,キョウデン,COMP-532,No Match,,,0,0,0,0,ORPHAN (Garbage?)
aabc7791-9cec-437e-b51a-69f10b9ce36b,KES2,キョーエイサプライ,COMP-533,No Match,,,0,0,0,0,ORPHAN (Garbage?)
0fb332dd-23be-47e4-a33d-14ad00fd554b,KYS2,キョーシン,COMP-534,No Match,,,0,0,0,0,ORPHAN (Garbage?)
cdf8ce1d-25da-4156-b85d-c5ef4c01ca6b,KRS2,キリシマ精工,COMP-535,No Match,,,0,0,0,0,ORPHAN (Garbage?)
8551724f-af5e-4828-9c9e-d78ace51a7da,GEN,GEN(株),COMP-580,Exact Code,GEN,GEN,0,0,0,0,KEEP (Matched)
c9c806eb-5940-4082-b2a0-c9a5cedac830,ISK,石川電機(株),,Exact Code,ISK,石川電機,0,0,0,0,KEEP (Matched)
534e4938-8986-4869-8959-cc51b406171b,CRS5,CROSS大阪,COMP-539,No Match,,,0,0,0,0,ORPHAN (Garbage?)
478c4b3c-ff14-49eb-8feb-c02f18016f31,CRS2,CROSS横浜,COMP-540,No Match,,,0,0,0,0,ORPHAN (Garbage?)
9e075a24-8755-4921-907b-d7e59b6da6e4,QIT,クイント☆,COMP-541,No Match,,,0,0,0,0,ORPHAN (Garbage?)
57c40a10-2abb-4137-8fb2-3d69f0469cea,KON,クオン,COMP-543,No Match,,,0,0,0,0,ORPHAN (Garbage?)
f64f92ee-d639-4117-8eeb-6ded13f6a7d9,KME,(株)コスメックエンジニアリング,COMP-564,Exact Code,KME,コスメックエンジニアリング,0,0,0,0,KEEP (Matched)
33ff7f1a-e2ce-4ebc-9888-54a80b772a47,KSD2,クシダ工業,COMP-545,No Match,,,0,0,0,0,ORPHAN (Garbage?)
ed2c20d8-299d-49b8-81b1-919b2343c8cf,KVK,(株)KVK 富加工場,COMP-553,Exact Code,KVK,KVK,0,0,0,0,KEEP (Matched)
29336b1a-d9df-4689-afb2-89c381668088,KBT-001,クボタ久宝寺事業センター,COMP-547,No Match,,,0,0,0,0,ORPHAN (Garbage?)
26a747f3-d1aa-4f58-b506-24ab40b7a242,KRY,クリヤマ,COMP-548,No Match,,,0,1,0,1,ORPHAN WITH FKS (Requires Manual Check)
7f3f936c-92e6-42c1-aa6a-9e78404f3fc3,CRS4,クロス,COMP-549,No Match,,,0,0,0,0,ORPHAN (Garbage?)
adad02b7-d7ac-4bb6-bef3-bc5fa1336d0e,QOL,(株)クオリアル,COMP-542,Exact Code,QOL,クオリアル,0,0,0,0,KEEP (Matched)
fc79ee11-115a-4586-a84b-b1c4848b3cb0,CPL-001C,グローバサービス,COMP-551,No Match,,,0,0,0,0,ORPHAN (Garbage?)
8b6b52d1-05ab-4e23-bc07-c2f1846fadc9,SSO,(株)三宗,COMP-584,Exact Code,SSO,三宗,0,0,0,0,KEEP (Matched)
9ae98630-8734-4eec-82ac-82b6d5e8dbb9,KMC3,ケィ・マック,COMP-554,No Match,,,0,0,0,0,ORPHAN (Garbage?)
65d4a3ef-ecea-4690-829c-6cbf8ff0807c,KMX-001(20110117).xls,ケイ・ミックス,COMP-555,Exact Name,KMX,ケイ・ミックス,0,0,0,0,KEEP (Matched)
0e936b0f-5a93-4db4-937d-113968bbdb52,KAR-001,ケーアライバル,COMP-557,Exact Name,KAR,ケーアライバル,0,0,0,0,KEEP (Matched)
e8022b6e-21bd-4833-85b2-2c742505d626,KSK5,ケーエスケー,COMP-558,No Match,,,0,0,0,0,ORPHAN (Garbage?)
38527859-3121-4681-8d0b-11be7c58fe54,KCC,ケーシーコーポレーション,COMP-559,No Match,,,0,0,0,0,ORPHAN (Garbage?)
1b2a6617-7c9c-4686-bd91-432dd164d864,KTT,ケーテーテック,COMP-560,No Match,,,0,0,0,0,ORPHAN (Garbage?)
28f68671-fa80-4947-bb53-0f2811e52826,KTK2,Ｋテック,COMP-561,No Match,,,0,0,0,0,ORPHAN (Garbage?)
ced5f3a5-39f7-4869-9d77-e4cdcea7f72a,COM,COM電子開発,COMP-562,No Match,,,0,0,0,0,ORPHAN (Garbage?)
92067255-5606-42b5-b65c-3c7e80ddb225,CRS3,コアスタッフ,COMP-563,No Match,,,0,0,0,0,ORPHAN (Garbage?)
c92e35ea-3f28-4448-9d45-c83dcd570415,CSM2,コスメプランニング,COMP-565,No Match,,,0,0,0,0,ORPHAN (Garbage?)
a1787f93-d252-4bf2-bd4a-f4b0483fb262,CVC,コバック,COMP-569,No Match,,,0,0,0,0,ORPHAN (Garbage?)
4f792934-a2f4-4309-881c-39134d077eab,KYM3,コヤマ,COMP-570,No Match,,,0,0,0,0,ORPHAN (Garbage?)
8068ce7e-363b-40ab-a95b-ca91bcc444a8,COMP-571,コンテック⇒フジクラ電装へ社名変更,COMP-571,No Match,,,0,0,0,0,ORPHAN (Garbage?)
547ade46-359f-410a-bd3f-4a492a87f74b,F-100-1(20100512).xls,コーシンケミカル,COMP-572,No Match,,,0,0,0,0,ORPHAN (Garbage?)
2bff4622-0426-4125-8341-af5e1c71bc8c,KZD,コーズ電機製作所,COMP-573,No Match,,,0,0,0,0,ORPHAN (Garbage?)
d00aac35-2449-454e-9ed7-c7a7a2330ea5,KOS2,コーセツ,COMP-574,No Match,,,0,0,0,0,ORPHAN (Garbage?)
ff422d2e-f8e7-4695-8648-14d19387daec,KND2,コーナン電子,COMP-575,No Match,,,0,0,0,0,ORPHAN (Garbage?)
24ec2f86-08d6-4eaa-b6fe-3691144e6978,CWS,コーワ精工,COMP-576,No Match,,,0,0,0,0,ORPHAN (Garbage?)
e5e756fa-54dc-4061-8fc0-3ad7bce46671,A式プラダンケース(20120714).xls,コーンズテクノロジー,COMP-577,Exact Name,CNS,コーンズテクノロジー,0,0,0,0,KEEP (Matched)
e4992460-02e0-44ad-aee2-7a280a10c822,GKU01,ゴコウ,COMP-578,No Match,,,0,0,0,0,ORPHAN (Garbage?)
3d5b6539-91c0-4682-99b9-b0041026146d,GDK,ゴールドキング,COMP-579,No Match,,,0,0,0,0,ORPHAN (Garbage?)
8a68bc8d-b35e-4fb6-83aa-b95888188fd5,GRV,GROOVEＸ,COMP-581,No Match,,,0,0,0,0,ORPHAN (Garbage?)
6bde25b9-2d86-49e8-9e84-d0907da2c704,SLZ,SOLIZE,COMP-582,No Match,,,0,0,0,0,ORPHAN (Garbage?)
73be4075-c6f2-4fea-98f0-2594f5e0b549,D-050-1（090306）.xls,サンモール工業,COMP-583,No Match,,,0,0,0,0,ORPHAN (Garbage?)
410e47e2-84ee-4f37-a62b-551dd4d58092,SSG3,三昌技研,COMP-585,No Match,,,0,0,0,0,ORPHAN (Garbage?)
792975d2-f383-4331-bcb7-0a976a301453,SYS4,サヤシ工業,COMP-586,No Match,,,0,0,0,0,ORPHAN (Garbage?)
4f9660e2-d475-4d22-95ac-538850fe654d,SNT02,サンテックス,COMP-587,Exact Name,SNT,サンテックス,0,0,0,0,KEEP (Matched)
bd92b986-3521-4fc9-8af7-4230451a0a47,SNL,サンライト,COMP-588,No Match,,,0,0,0,0,ORPHAN (Garbage?)
43195e03-cd5b-4dab-b891-c357965f3ba8,SNS02,サン精密化工研究所,COMP-589,No Match,,,0,0,0,0,ORPHAN (Garbage?)
51f585d2-8373-455c-82dd-2b1262714c58,SSK01,三世光機,COMP-590,No Match,,,0,0,0,0,ORPHAN (Garbage?)
776f094b-8c7d-48f3-aec2-510e3ca4c050,SSD2,三信電子,COMP-591,No Match,,,0,0,0,0,ORPHAN (Garbage?)
6cf0b824-a93f-48df-97df-c5cbc516c454,6-912059-9.xls,三光ライト工業☆,COMP-592,No Match,,,0,0,0,0,ORPHAN (Garbage?)
c3420dd1-d648-4d7a-add8-e3562fd5af33,SKG,三光合成,COMP-593,No Match,,,0,0,0,0,ORPHAN (Garbage?)
bace29e7-a48f-4a02-beb9-58704f997998,SSK4,三光工業,COMP-594,No Match,,,0,0,0,0,ORPHAN (Garbage?)
999f9d2f-3020-49bc-8129-018515749631,SKK-001(20150225)初回.xlsx,三共化成南魚沼工場,COMP-595,No Match,,,0,0,0,0,ORPHAN (Garbage?)
1dac5634-54fe-488a-9a33-45c39dfd1bd8,SNK9,三共化成陸前高田工場,COMP-596,No Match,,,0,0,0,0,ORPHAN (Garbage?)
3e1203b2-f53f-44e9-ba09-2f389f61e6c9,SKK3,三共精密金型,COMP-597,Exact Name,ＳＳＫ,三共精密金型,0,0,0,0,KEEP (Matched)
69675d9b-50ba-4fcb-9a9a-fbb4a518ad27,SKD2,三共電子,COMP-598,No Match,,,0,0,0,0,ORPHAN (Garbage?)
0776f943-8f70-416f-a619-4187f0e01fb3,SKK01,三協化学工業,COMP-599,No Match,,,0,0,0,0,ORPHAN (Garbage?)
13ffb325-2fe9-4500-bad1-1d6678f39f9f,SKS6,三協商会,COMP-600,No Match,,,0,0,0,0,ORPHAN (Garbage?)
d04072b5-aac1-4b8b-ae0a-87a85e13d943,SWR,三和ロボティクス,COMP-601,No Match,,,0,0,0,0,ORPHAN (Garbage?)
539ab980-aa0b-4e43-b0e4-85b7df88c550,SNW5,三和製作所(長野県),COMP-602,No Match,,,0,0,0,0,ORPHAN (Garbage?)
758507e9-86af-4d6f-a3bd-d3ed67cd1e8d,BLS,(有)ブル精密 本社・第一工場,,Exact Code,BLS,ブル精密,0,0,0,0,KEEP (Matched)
4cd9984c-0f62-4c25-aa60-f980caf2d5d6,BNS,(株)ベネッセ・ベースコム,CUST-127,Exact Code,BNS,ベネッセ・ベースコム,0,1,0,1,KEEP (Matched)
c3f8cde1-bc22-42a5-8567-99b77b9e311f,CBK,(株)中部工具,COMP-938,Exact Code,CBK,中部工具,0,0,0,0,KEEP (Matched)
e445876a-a8c0-4d15-999c-9e7dceb51574,CBS,千葉製作所,CUST-129,Exact Code,CBS,千葉製作所,3,1,0,4,KEEP (Matched)
b8f47d0d-e99d-4ba2-bc45-283a425dfc4c,CBT,(株)チバ・テクノ,COMP-1087,Exact Code,CBT,チバ・テクノ,0,0,0,0,KEEP (Matched)
ca5f15ce-87ef-4259-90a3-28246e58bfb2,CEJ,(株)シチズン電子,CUST-130,Exact Code,CEJ,シチズン電子,0,1,0,1,KEEP (Matched)
41788bcb-0c74-466b-aace-8565f367ec17,CNG,(株)ちの技研,COMP-934,Exact Code,CNG,ちの技研,0,0,0,0,KEEP (Matched)
d319e280-b7a8-4f70-811d-c507c6e7025f,CNS,コーンズテクノロジー(株),,Exact Code,CNS,コーンズテクノロジー,0,1,0,1,KEEP (Matched)
20e42fcb-d1cb-4647-baf3-7a55e168768e,COK,中央工機株式会社,,Exact Code,COK,中央工機,0,1,0,1,KEEP (Matched)
24992cde-f35d-447c-9141-b842ab706197,COT,(株)コンテック,CUST-136,Exact Code,COT,コンテック,4,6,2,12,KEEP (Matched)
626e8f85-f9bc-4d80-b037-18716127ed1f,CPL,日本電産コパル電子(株)田尻事業所,CUST-137,Exact Code,CPL,日本電産コパル電子(株)田尻事業所,4,8,1,13,KEEP (Matched)
3dafe41d-8796-4522-bb9a-dee3c9ee0252,CPT,キャピタル,COMP-538,Exact Code,CPT,キャピタル,0,0,0,0,KEEP (Matched)
109b063a-e3bc-4487-8c70-3a18828b1ed4,CRS,(株)クリスタル光学,COMP-550,Exact Code,CRS,クリスタル光学,0,0,0,0,KEEP (Matched)
e9c84798-7459-4730-9f94-d75c5213323a,CST,シーエステック(株),CUST-138,Exact Code,CST,シーエステック,0,19,4,23,KEEP (Matched)
e2831e11-03db-41f2-ab2d-f45558b46adb,CUS,キュリアス精機(株),,Exact Code,CUS,キュリアス精機,0,1,0,1,KEEP (Matched)
255c4e37-086b-4297-94f0-8300cbd1c194,CYD,千代田機工(株) 横浜営業所,CUST-322,Exact Code,CYD,千代田機工(株),0,2,1,3,KEEP (Matched)
de714580-9fdf-4ee1-baec-cbb2e3fc5c58,DDK,第一電子工業(株),,Exact Code,DDK,第一電子工業,0,1,0,1,KEEP (Matched)
00abdecc-d77c-4b35-8af8-752c5d0bcefc,ISN,石巻パッケージ(株),,Exact Code,ISN,石巻パッケージ,0,0,0,0,KEEP (Matched)
7dd0dd6f-fd08-4add-9183-3d361e65d715,IST,(株)石友,COMP-74,Exact Code,IST,石友,0,0,0,0,KEEP (Matched)
535794d8-4029-4550-ae7f-5d5bc076c2d6,KBI,(有)久保井塗装工業所,COMP-432,Exact Code,KBI,久保井塗装工業所,0,0,0,0,KEEP (Matched)
8653d9ab-8518-4b8f-a472-a059081b0873,ESK,栄商金属(株),COMP-104,Exact Code,ESK,栄商金属,0,0,0,0,KEEP (Matched)
7162e516-3657-450e-a18f-54737ad90e63,ESP,(有) エースプラスチック,,Exact Code,ESP,エースプラスチック,0,0,0,0,KEEP (Matched)
a82b85a6-cbe8-4b36-8acc-200ff6c4e02e,ETK,(株)エイト工業,COMP-99,Exact Code,ETK,エイト工業,0,0,0,0,KEEP (Matched)
2f10daba-fea5-44ff-a669-64c18d67b756,EXP,(有)エクセルパーツ,COMP-276,Exact Code,EXP,エクセルパーツ,0,0,0,0,KEEP (Matched)
5849732f-3f6c-4fb3-bb23-23e9d77c193a,EZK,江崎工業(株),COMP-105,Exact Code,EZK,江崎工業,0,0,0,0,KEEP (Matched)
9a01af8b-cbac-41e0-92ac-08e353c2a76e,FJD,(株)フジ電科,,Exact Code,FJD,フジ電科,0,0,0,0,KEEP (Matched)
6b1ea02c-7abb-43f4-a32a-9edb84edc50c,FJP,フジプラスチック工業(株),,Exact Code,FJP,フジプラスチック工業,0,0,0,0,KEEP (Matched)
c8db2d4c-83d9-434e-b426-5fa4d0ce6526,FKE,(株)深江工作所 豊津工場,,Exact Code,FKE,深江工作所,0,0,0,0,KEEP (Matched)
070cf4bb-ce81-44e1-b9a9-cf969e067ed3,FKG,(株)富士工業,COMP-1340,Exact Code,FKG,富士工業,0,0,0,0,KEEP (Matched)
6169ba88-4085-4e28-8b21-cc42b5f194d4,FKJ,(有)福寿電気,COMP-1348,Exact Code,FKJ,福寿電気,0,0,0,0,KEEP (Matched)
960e42b2-3670-44de-bc61-4373a7b76bdf,FKK,藤川金属工業(株),COMP-1356,Exact Code,FKK,藤川金属工業,0,0,0,0,KEEP (Matched)
1e57aff9-f14a-4292-ae9f-c6e5d66c37c0,FLT,(株)フィルテック,,Exact Code,FLT,フィルテック,0,0,0,0,KEEP (Matched)
13518a78-11b6-434b-a8ac-8dd7475c8f48,FN,(株)エフエヌ,,Exact Code,FN,エフエヌ,0,0,0,0,KEEP (Matched)
5d6136df-65cf-42df-a289-61fe4d7f988d,FNB,フナバシ工業,,Exact Code,FNB,フナバシ工業,0,0,0,0,KEEP (Matched)
91103049-ae79-430d-95f0-d1ea6fbdf755,FNI,船井電機(株),COMP-1351,Exact Code,FNI,船井電機,0,0,0,0,KEEP (Matched)
d50c1d51-4292-4a51-896a-c93e82fc0058,FRY,(株)フルヤ,,Exact Code,FRY,フルヤ,0,0,0,0,KEEP (Matched)
8ffeeeb3-ca6e-4d17-9e3f-fe48dc3f8c6b,KBY,(有)小林精工,CUST-183,Exact Code,KBY,小林精工,4,2,0,6,KEEP (Matched)
bbcbc12b-6e5f-4717-b080-e162d263f913,KDC,(株)木立製作所,COMP-489,Exact Code,KDC,木立製作所,0,0,0,0,KEEP (Matched)
f90c0d14-954c-4f54-877b-17c00bec2c36,KDE,昭和KDE(株),COMP-690,Exact Code,KDE,昭和KDE,0,0,0,0,KEEP (Matched)
ed10b098-fa40-423d-87c3-3854637122f7,KDH,共同包材(株),COMP-400,Exact Code,KDH,共同包材,0,0,0,0,KEEP (Matched)
645825c7-e157-401a-9b48-a7e01ad981e8,KDM,コダマコーポレーション(株),COMP-567,Exact Code,KDM,コダマコーポレーション,0,0,0,0,KEEP (Matched)
4c6a6d0a-bc0f-49e6-babd-4e9fe6eb5969,KDY,(株)かどや,COMP-358,Exact Code,KDY,かどや,0,0,0,0,KEEP (Matched)
2348e27e-7c79-4627-b8e9-3a37b0dfb06b,KEK,(株)協栄化学,,Exact Code,KEK,協栄化学,0,0,0,0,KEEP (Matched)
30c7e51f-e346-494b-a24e-93a9b48b02b1,SNW4,三和金属工業,COMP-603,No Match,,,0,0,0,0,ORPHAN (Garbage?)
5eb1e239-8296-455c-b819-bb3a7d46332d,SKS8,三喜商事,COMP-604,No Match,,,0,0,0,0,ORPHAN (Garbage?)
15042f11-4020-412c-821f-1b435d37b2f2,SNP,三峰,COMP-605,No Match,,,0,0,0,0,ORPHAN (Garbage?)
b2b5c43f-4f2e-49ee-91e1-439e32a7c30d,SSK04,三州工業,COMP-606,No Match,,,0,0,0,0,ORPHAN (Garbage?)
e3b31aab-e307-49d1-be52-93632a7081b5,SKS2,三幸精機工業,COMP-607,No Match,,,0,0,0,0,ORPHAN (Garbage?)
e63f2d0a-2a70-4ef6-aedc-825dbdd21007,1-912065-2仙北（20110525）.xls,三幸紙器製作所,COMP-608,Exact Name,SKS,三幸紙器製作所,0,0,0,0,KEEP (Matched)
181f5ce6-868f-409c-9ada-b6e0510bbc91,SAI-001(20131126)初回.xls,三愛化成商事,COMP-609,Exact Name,SAI,三愛化成商事,0,0,0,0,KEEP (Matched)
db2f0f84-941c-444e-94b4-14adc786cfcd,FSG,(株)扶桑ゴム産業,COMP-1344,Exact Code,FSG,扶桑ゴム産業,0,0,0,0,KEEP (Matched)
85d9e99f-9dbc-4e06-af57-67449674589e,TYM01,三晶MEC☆,COMP-611,No Match,,,0,0,0,0,ORPHAN (Garbage?)
d18f2b48-760e-4bea-935b-8dceac580812,SSG2,三晶技研ﾀﾞｲｶｽﾄ事業部☆,COMP-612,No Match,,,0,0,0,0,ORPHAN (Garbage?)
f7b302c1-e696-4b3c-b72a-4d0662c6d04d,SSK2,三泗計測機,COMP-613,Exact Name,SSK,三泗計測機,0,0,0,0,KEEP (Matched)
4a2971e7-e8ce-4570-a175-20743bde724c,SRT2,三立,COMP-615,No Match,,,0,0,0,0,ORPHAN (Garbage?)
42bfd229-fc69-4698-bc47-81288789fb6a,SSK02,三興工業,COMP-616,Exact Name,SKK,三興工業,0,0,0,0,KEEP (Matched)
9bae846e-ae5d-40e1-b220-e88238395a1d,SKS4,三興製作所,COMP-617,No Match,,,0,0,0,0,ORPHAN (Garbage?)
29b4ebbb-8570-4f73-ba19-f1525e3dcec8,SNS4,三誠,COMP-618,No Match,,,0,0,0,0,ORPHAN (Garbage?)
86342d39-28cf-4162-a40e-543fb14da9ba,KES,(株)康永精密,CUST-184,Exact Code,KES,康永精密,0,1,0,1,KEEP (Matched)
0b7f6fbc-5229-437f-a47d-62ef41aaa62a,SNY4,三陽製作所,COMP-620,No Match,,,0,0,0,0,ORPHAN (Garbage?)
d57314c7-5bfc-47e2-b397-2d8de5a09c3f,SDK4,三電興業,COMP-621,No Match,,,0,0,0,0,ORPHAN (Garbage?)
c6011c7b-0002-44bf-b06a-04027022e91f,SKM03,佐久間製作所(未払先引停止),COMP-622,No Match,,,0,0,0,0,ORPHAN (Garbage?)
9eb495e0-3eb0-4e64-98e0-0351508259b2,SWT2,佐渡,COMP-623,No Match,,,0,0,0,0,ORPHAN (Garbage?)
faf364a4-baca-4d30-bcf4-dede22bb4b61,SWK01,佐脇紙器,COMP-624,Exact Name,SWS,佐脇紙器,0,0,0,0,KEEP (Matched)
ba18d049-816f-4036-9782-58a0eef27609,STU3,佐藤商工社,COMP-625,No Match,,,0,0,0,0,ORPHAN (Garbage?)
d49f8a24-8b95-41c3-831d-3f68dbe9252b,STS2,佐藤成工,COMP-626,Exact Name,STS,佐藤成工,0,0,0,0,KEEP (Matched)
d4d463b0-0a88-4107-b823-f3a516aea151,STS3,佐藤製作所,COMP-627,No Match,,,0,0,0,0,ORPHAN (Garbage?)
89fd06ed-8176-4384-8e8c-cbd71ee965fa,SNK8,佐野機工,COMP-628,No Match,,,0,0,0,0,ORPHAN (Garbage?)
eba745bf-d50e-49b7-b121-4f814bb79a47,KHN,(株)ケイヒン 新潟工場,COMP-552,Exact Code,KHN,ケイヒン,0,0,0,0,KEEP (Matched)
82dea681-24ba-4a27-b482-43fd9211e206,SKM04,坂本鉄工,COMP-630,No Match,,,0,0,0,0,ORPHAN (Garbage?)
e422a3f2-7237-4d12-9ab9-f67a51c7f5df,ARION,埼玉富士☆,COMP-631,No Match,,,0,0,0,0,ORPHAN (Garbage?)
50563b29-74e2-43be-994a-7b4bdc65704a,STP2,埼玉ﾌﾟﾗｽﾁｯク,COMP-632,No Match,,,0,0,0,0,ORPHAN (Garbage?)
c574b656-ef97-46cf-9054-cc1e4df0ae83,SSS,山水製作所,COMP-633,No Match,,,0,0,0,0,ORPHAN (Garbage?)
5f7ee382-7555-472e-95d2-c10937b5aaf2,SGK4,山陽マーク製作所(エス・ジー・ケイ様外部発注)☆,COMP-634,No Match,,,0,0,0,0,ORPHAN (Garbage?)
b7070a29-5abb-4f92-a232-026a3148700e,2023.1.5～㈱最上インクス,最上インクス,COMP-635,Exact Name,SJI,最上インクス,0,0,0,0,KEEP (Matched)
21994039-74a8-49b9-a96c-2645d601a276,SKE2,栄電子GAISANN,COMP-636,No Match,,,0,0,0,0,ORPHAN (Garbage?)
b55387e7-8ee7-401e-8032-104b4a185d97,SKR3,桜総業,COMP-637,No Match,,,0,0,0,0,ORPHAN (Garbage?)
da2e6a27-faf3-4fff-b46c-466a4c1faf3e,SKR2,櫻川製作所,COMP-638,No Match,,,0,0,0,0,ORPHAN (Garbage?)
fa283463-267e-4250-978e-02ee62cd1009,SSH2,産業資材販売,COMP-641,No Match,,,0,0,0,0,ORPHAN (Garbage?)
5e6a014e-77fb-4c5a-b98f-e5331412a373,ＭＦ(Ｇ157×125×53)20080122.xls,相模商会,COMP-643,No Match,,,0,0,0,0,ORPHAN (Garbage?)
bc4362e2-8b48-4eb6-9d88-eccbad951367,SKR,櫻護謨(株) 大田原製作所,COMP-639,Exact Code,SKR,櫻護謨(株) 大田原製作所,0,0,0,0,KEEP (Matched)
4d6d0765-6e56-4b0f-9af1-159ed468a6a0,SGS2,相模精工,COMP-645,Exact Name,SGS,相模精工,0,0,0,0,KEEP (Matched)
0a22b857-fb93-4e4a-8bb7-d18afad103e5,SND9,真田機械,COMP-646,No Match,,,0,0,0,0,ORPHAN (Garbage?)
b5109001-59dc-40c3-bac0-68956cb5ee95,SGT2,笹川テクニカ,COMP-647,No Match,,,0,0,0,0,ORPHAN (Garbage?)
79077699-87bf-4921-b03d-e1eefcd029b8,SKI3,酒井鉄工所,COMP-648,No Match,,,0,0,0,0,ORPHAN (Garbage?)
1e5339ab-5d70-4beb-a054-307bf8808358,20240722,阪井金属製作所,COMP-649,No Match,,,0,0,0,0,ORPHAN (Garbage?)
84541216-277b-4b71-9315-43a6491b30e1,SKM5,阪本,COMP-650,No Match,,,0,0,0,0,ORPHAN (Garbage?)
8dbdfb55-135d-453a-a03e-e89c2439aa01,SBE,鯖江電子,COMP-651,No Match,,,0,0,0,0,ORPHAN (Garbage?)
5be63c02-ce5e-4de5-90be-9bb0ea10e0f0,SIK5,齊木製作所,COMP-652,No Match,,,0,0,0,0,ORPHAN (Garbage?)
4f9747c8-fdb8-4bf5-bf00-865a02da2600,SWD,(有)澤田工業所,COMP-640,Exact Code,SWD,澤田工業所,0,0,0,0,KEEP (Matched)
e87c1b68-bb96-44d2-aaab-b1089afa5780,SET01,ｻﾝｳﾞｧｰﾃｯｸｽ(ｴｽｲｰﾃｨｰ),COMP-654,No Match,,,0,0,0,0,ORPHAN (Garbage?)
777879c5-d2b7-44ea-ae68-daaec8371081,YPC－004(20121009),下田工業,COMP-655,No Match,,,0,0,0,0,ORPHAN (Garbage?)
6a5559c9-5b69-4231-92bd-031ab38b03c0,CCI,シーシーアイ,COMP-656,No Match,,,0,0,0,0,ORPHAN (Garbage?)
1a5484a4-0d9d-4c87-8d40-d847d7bd87c5,2022.8.12-2,七星社(2022.8.12合併連絡旧石巻パッケージ）,COMP-657,No Match,,,0,0,0,0,ORPHAN (Garbage?)
1951f31b-1be6-44dc-871e-9e47d93d1727,SKS5,伸光写真サービス,COMP-658,No Match,,,0,0,0,0,ORPHAN (Garbage?)
2c87145b-6c76-43cf-9619-3cc211510641,SDK2,伸栄伝導機工,COMP-661,No Match,,,0,0,0,0,ORPHAN (Garbage?)
055b1c7a-e792-41eb-91af-1fbee64b4d01,SES3,伸越製作所,COMP-662,Exact Name,SES,伸越製作所,0,0,0,0,KEEP (Matched)
9764516d-6325-4ba5-89fe-6a8a3e15f15a,SYK,(株)三洋化成,COMP-614,Exact Code,SYK,三洋化成,0,0,0,0,KEEP (Matched)
9c26412f-dafe-4c23-837d-7e4ca9652ab2,SKJ2,信光実業,COMP-663,No Match,,,0,0,0,0,ORPHAN (Garbage?)
083fcc1c-b51c-42a6-a472-89cbf318a3a1,6-912050-3,信和産業,COMP-664,No Match,,,0,0,0,0,ORPHAN (Garbage?)
183de397-2a0c-400d-8424-2858ba7a8a57,SKD,信弘電材,COMP-665,No Match,,,0,0,0,0,ORPHAN (Garbage?)
81fe9dca-4073-4846-9514-9e2384013317,KIK,小池製作所,CUST-291,Exact Code,KIK,小池製作所,6,22,21,49,KEEP (Matched)
d6cf745f-e868-407f-af9d-e0b150e47a54,SED2,信越電線,COMP-667,No Match,,,0,0,0,0,ORPHAN (Garbage?)
44b7f22e-f4d8-4118-be83-22e7252a780a,SNH,品川発條製作所事業終業,COMP-668,No Match,,,0,0,0,0,ORPHAN (Garbage?)
1231a07c-dc4d-4a0a-835f-2c2531dd91cb,JTK,城東化成,COMP-670,No Match,,,0,0,0,0,ORPHAN (Garbage?)
89dff0b4-c0e1-41b2-b2e5-21e9f08bc01c,SSD03,宍戸精工,COMP-671,Exact Name,SSD,宍戸精工,0,0,0,0,KEEP (Matched)
500265da-edfe-4f29-9a9d-b5b41713f033,E-100-1(20130228).xls,島崎金型,COMP-672,No Match,,,0,0,0,0,ORPHAN (Garbage?)
9455f178-ad02-4682-b41b-573ca80ac2ee,SDK3,島津工業,COMP-673,No Match,,,0,0,0,0,ORPHAN (Garbage?)
d98db071-3a72-466a-b2d3-c6a602518097,SMD2,嶋田製作所,COMP-674,Exact Name,SMD,嶋田製作所,0,0,0,0,KEEP (Matched)
b7345da0-e8c1-4590-a985-457260b9562c,SJD01,庄司電気,COMP-675,Exact Name,SJD,庄司電気,0,0,0,0,KEEP (Matched)
e28d85d5-32de-491c-bea3-8f29a5f30b4c,KIP,鴻池プラスチック(株),COMP-509,Exact Code,KIP,鴻池プラスチック,0,0,0,0,KEEP (Matched)
e6ec69d7-8b93-47fe-a058-62b616df8e1e,SCM,新コスモス電機,COMP-677,No Match,,,0,0,0,0,ORPHAN (Garbage?)
49e26794-a13d-47b6-b8d2-b211e623b356,SNK03,新光,COMP-678,No Match,,,0,0,0,0,ORPHAN (Garbage?)
4ac963fd-d2cc-43fe-969b-6dfca7cb6a2f,SE-568PET071119.xls,新光電気工業,COMP-679,No Match,,,0,0,0,0,ORPHAN (Garbage?)
7309829b-580c-4fb1-a1b2-c9cfb98c45a0,SNW3,新和,COMP-681,No Match,,,0,0,0,0,ORPHAN (Garbage?)
45adb674-13bb-42ef-baab-ad39b7f6fef7,紙器注文書原本1(20190327).xlsx,新成化成☆,COMP-682,No Match,,,0,0,0,0,ORPHAN (Garbage?)
81fa8dd5-ca30-4c3d-a8fb-c8156035fc3c,SNT4,新東工業,COMP-683,No Match,,,0,0,0,0,ORPHAN (Garbage?)
542e381d-f13a-4f41-b6cc-78ca74dce9d1,SGS3,新江州,COMP-684,No Match,,,0,0,0,0,ORPHAN (Garbage?)
fc0f7f93-e196-459b-8651-f043cd77115a,KJM,(株)小島商会,,Exact Code,KJM,小島商会,0,0,0,0,KEEP (Matched)
704417b0-407f-4966-b518-9c002c7ad619,SSD4,新生電子本社,COMP-686,No Match,,,0,0,0,0,ORPHAN (Garbage?)
88ad4533-77f6-4d2c-99ab-72b6ae203868,SKS3,新興製作所,COMP-687,No Match,,,0,0,0,0,ORPHAN (Garbage?)
7fa418b5-b87d-4c36-9878-5818f1a97369,0-912019-6,新進テック☆,COMP-688,No Match,,,0,0,0,0,ORPHAN (Garbage?)
22811ed4-3031-44dd-b637-eea8d6dfdfe8,SES04,新鋭産業,COMP-689,No Match,,,0,0,0,0,ORPHAN (Garbage?)
ea00ba34-4e78-404c-81ec-cff438ff5e61,KKG,(株)興国ゴム 赤羽工場,CUST-187,Exact Code,KKG,興国ゴム,3,4,1,8,KEEP (Matched)
b723bf4a-c445-48ec-b5c1-0d3783d65d70,KDE02,昭和KDE技術ｾﾝﾀｰ,COMP-691,No Match,,,0,0,0,0,ORPHAN (Garbage?)
ddf1c43d-7154-4e9b-83d1-d616879578ba,SWS2,昭和真空,COMP-692,No Match,,,0,0,0,0,ORPHAN (Garbage?)
6ec2450d-750a-4c3f-b8af-777ed50df1ed,SWD2,昭和電気,COMP-693,No Match,,,0,0,0,0,ORPHAN (Garbage?)
3212a6e4-4d3e-4377-a4fc-359ffd5df7e0,SRD2,昭立電気工業,COMP-694,No Match,,,0,0,0,0,ORPHAN (Garbage?)
00e270d2-e290-48c3-936e-f16d2e8a56dc,6-76-7&TH-008,松南クラフト2014年4月会社業務終了,COMP-695,No Match,,,0,0,0,0,ORPHAN (Garbage?)
79f1d8aa-5688-47a0-903b-ad559139cd08,SKJ,(有)四国情報サービス 神戸事務所,COMP-669,Exact Code,SKJ,四国情報サービス,0,0,0,0,KEEP (Matched)
03879222-ea61-40c7-99a9-2775182c216c,E-050-2,正電社,COMP-699,Exact Name,SDS,正電社,0,0,0,0,KEEP (Matched)
f2a8f6b3-15ed-4445-b7d5-780a0d045069,SMZ3,清水製作所,COMP-700,No Match,,,0,0,0,0,ORPHAN (Garbage?)
7f4928da-193f-4627-9062-8cd75da10dbe,SBT2,渋谷工業,COMP-701,No Match,,,0,0,0,0,ORPHAN (Garbage?)
83df9487-7931-4498-9181-425e2f04b9d3,STS,佐藤成工,COMP-711,Exact Code,STS,佐藤成工,0,0,0,0,KEEP (Matched)
5f3be8eb-6b7c-4a36-bb8d-608eb0873700,SYO,(株)ショーワ 浅羽工場,COMP-697,Exact Code,SYO,ショーワ,0,0,0,0,KEEP (Matched)
dc7bd9d9-af6e-4366-a0ac-e641156c1e8e,A-035-1（20150410）.xls,照和樹脂,COMP-704,Exact Name,SWJ,照和樹脂,0,0,0,0,KEEP (Matched)
2e8e5395-999b-4db9-bfd5-7f1abe80a4b0,SRK02,白倉精機製作所,COMP-705,No Match,,,0,0,0,0,ORPHAN (Garbage?)
0fbe2bd6-8c14-4b03-a07b-2f95093a54c4,SRN01,白根電機産業,COMP-706,Exact Name,SRN,白根電機産業,0,0,0,0,KEEP (Matched)
5a7480c5-385f-4fbf-bf6d-bf4d40709579,SNK01,神光工器,COMP-708,No Match,,,0,0,0,0,ORPHAN (Garbage?)
221d3c8b-aa30-4788-b914-4a047f95d71b,SWS3,親和産業,COMP-710,No Match,,,0,0,0,0,ORPHAN (Garbage?)
d2469bb9-5117-4032-b371-1e6669b65121,SMD3,重守電機,COMP-713,No Match,,,0,0,0,0,ORPHAN (Garbage?)
6b4b648f-d6cb-487f-9b57-9d6d29ba6b3d,SGM4,重松エンジニアリング,COMP-714,No Match,,,0,0,0,0,ORPHAN (Garbage?)
87657ecf-9f6c-4b8c-a9d7-cd48dee33322,SKH,鹿浜製作所,COMP-716,No Match,,,0,0,0,0,ORPHAN (Garbage?)
2e877b6c-4c39-4c22-a06e-af04f9aec2d6,SLB01,ｼﾙﾊﾞｰ工業,COMP-717,No Match,,,0,0,0,0,ORPHAN (Garbage?)
ea88d827-3b41-470a-ba3b-a51d32fecc9d,SES02,城北化学ﾄﾚｰﾃﾞｨﾝｸﾞ(旧昭栄商会),COMP-721,No Match,,,0,0,0,0,ORPHAN (Garbage?)
828d1135-b306-4d36-8837-d45a87446298,JTC,ＪＴＣ,COMP-723,No Match,,,0,0,0,0,ORPHAN (Garbage?)
0a43a742-8346-44c4-a11b-f09bfc5f21f0,SWC01,スワコー,COMP-724,Exact Name,SWC,スワコー,0,0,0,0,KEEP (Matched)
95aaa9a5-f841-469f-9c81-7b55efff259f,STO01,住友大阪ｾﾒﾝﾄ,COMP-726,No Match,,,0,0,0,0,ORPHAN (Garbage?)
7ce06752-2522-4138-8a62-70dfa8feb8e0,STD3,住友電工,COMP-727,No Match,,,0,0,0,0,ORPHAN (Garbage?)
7b888882-15db-4c32-a62c-15f0dc62f362,STD-001,住友電工(北港商事)使用禁止,COMP-728,No Match,,,0,0,0,0,ORPHAN (Garbage?)
c392491e-587f-4cea-a1fd-92b29f58324f,SJF01,住重フォージング,COMP-729,Exact Name,SJF,住重フォージング,0,0,0,0,KEEP (Matched)
93ab74fd-c38c-4750-85c1-bb38d056753d,SSN01,住重ｴｽ･ｴﾇﾋﾞｼﾞﾈｽ,COMP-730,No Match,,,0,0,0,0,ORPHAN (Garbage?)
11d144cd-01de-4af2-8b60-6a991adc6d3c,SMN2,住野商会,COMP-731,No Match,,,0,0,0,0,ORPHAN (Garbage?)
f92c0ffd-af8a-4f58-a627-492f350365b1,SEI01,杉原エスイーアイ,COMP-732,No Match,,,0,0,0,0,ORPHAN (Garbage?)
1cf81013-225d-4637-ab2d-62d4696c25b9,梱包箱（091029）.xls,杉山製作所,COMP-733,Exact Name,SGY,杉山製作所,0,0,0,0,KEEP (Matched)
e328d2d1-6356-42dc-975c-3df1ed5888fd,SGY2,杉山製作所（東京）,COMP-734,No Match,,,0,0,0,0,ORPHAN (Garbage?)
317b2baa-079e-4887-a9d6-1fa732f7f9db,SMS02,杉本商事堀田営業所,COMP-735,No Match,,,0,0,0,0,ORPHAN (Garbage?)
f96544e8-9d5b-4bc9-a300-e9948c78bae2,SMS3,杉本商事淡路営業所,COMP-736,No Match,,,0,0,0,0,ORPHAN (Garbage?)
8bed8341-cfd7-46ef-aaa2-b645ad1a7027,SWK2,菅原化工,COMP-737,No Match,,,0,0,0,0,ORPHAN (Garbage?)
a4c3e7c4-9454-41c3-a2ea-9868273a099f,SZY,鈴吉,COMP-738,No Match,,,0,0,0,0,ORPHAN (Garbage?)
be3743d1-b76e-4b4a-88c4-970d0b6f7749,SZW01,鈴和,COMP-739,No Match,,,0,0,0,0,ORPHAN (Garbage?)
90149e7b-4ec1-4952-83b1-311c0f18db1f,KKI,興国インテック(株) 大浜工場,COMP-498,Exact Code,KKI,興国インテック(株),0,0,0,0,KEEP (Matched)
25731d6e-f2c5-4c6d-bf03-b53b51638184,KKN,コーケン化学株式会社,,Exact Code,KKN,コーケン化学,0,0,0,0,KEEP (Matched)
ffe0ddfb-c582-4f40-8d6c-b4d344667b23,SNG4,須永製作所,COMP-742,No Match,,,0,0,0,0,ORPHAN (Garbage?)
01ee98a4-9880-49b6-9931-b1e9040e8adb,STR01,ｽﾄﾛﾍﾞﾘｰｺｰﾎﾟﾚｰｼｮﾝ,COMP-743,No Match,,,0,0,0,0,ORPHAN (Garbage?)
a706db63-45d9-44dc-b8a8-08d8b2631aed,SIG2,制御機材,COMP-744,No Match,,,0,0,0,0,ORPHAN (Garbage?)
f4b7d134-ea2d-46f9-b444-123a1c4a198e,2017.4.6金型返却.xls,千住金属,COMP-745,No Match,,,0,0,0,0,ORPHAN (Garbage?)
f7913fcd-ae88-412d-8504-310b4dc64891,成光産業①試作（20110719）.xls,成光産業,COMP-746,No Match,,,0,0,0,0,ORPHAN (Garbage?)
8896c949-59bf-4687-92a0-e48ab7ea3981,KKS,(株)菊池製作所,,Exact Code,KKS,菊池製作所,0,5,0,5,KEEP (Matched)
fd8a24ce-b442-41cd-a195-71aaf4123ba9,SIW3,星和電機,COMP-748,No Match,,,0,0,0,0,ORPHAN (Garbage?)
ae47b433-52d5-4879-8dac-e0fdc61548f2,SWE,(株)サワエ,COMP-772,Exact Code,SWE,サワエ,0,0,0,0,KEEP (Matched)
86b8167e-2a41-46da-9d19-bd3ef3cac5e4,SDB-2,正和電機部品工業,COMP-750,No Match,,,0,0,0,0,ORPHAN (Garbage?)
b5f3ea6c-af99-4975-932c-e0cd91ac1107,SIB,済美会,COMP-751,No Match,,,0,0,0,0,ORPHAN (Garbage?)
9d2a3818-d5ba-457f-93db-f54f527a71c7,SWP,相和プレス工業(株),COMP-763,Exact Code,SWP,相和プレス工業,0,0,0,0,KEEP (Matched)
69058557-e6aa-4837-b256-4bdaadc9ddef,SSK3,積水化学工業,COMP-754,No Match,,,0,0,0,0,ORPHAN (Garbage?)
e92ba1f6-0f25-4b47-8567-14002dd6507d,SWT-001,誓和工具,COMP-756,Exact Name,SWT,誓和工具,0,0,0,0,KEEP (Matched)
c565d512-4bd1-4149-a8fc-3050df65037b,SIW01,誠和産業,COMP-757,Exact Name,SIW,誠和産業,0,0,0,0,KEEP (Matched)
29d5b75e-5804-45a6-a1ae-32e4b7477b1a,SKH2,関工範武蔵野製作所,COMP-758,No Match,,,0,0,0,0,ORPHAN (Garbage?)
425ec6a6-bff9-44d0-91f1-0a2e723b48d0,ZNB,全備,COMP-759,No Match,,,0,0,0,0,ORPHAN (Garbage?)
f6c91d13-0537-4952-ac1c-fd93105aedaf,0-912127-9(20231122)SPPCより移管金型,ソディックエフ・ティ☆,COMP-760,No Match,,,0,0,0,0,ORPHAN (Garbage?)
023e7b81-d692-4679-bf87-bd60f652598b,SOW,創和,COMP-761,No Match,,,0,0,0,0,ORPHAN (Garbage?)
009c4197-9097-4880-834d-104b1aa8fdf6,ZNP,(株)ザンパック,COMP-788,Exact Code,ZNP,ザンパック,0,0,0,0,KEEP (Matched)
9878c39e-f440-4128-bd4f-700bd2b20be2,SNT3,santec,COMP-764,No Match,,,0,0,0,0,ORPHAN (Garbage?)
f64325d1-679f-456a-9bdf-86f6ef8b7e75,STC,サウスコ・ジャパン,COMP-765,No Match,,,0,0,0,0,ORPHAN (Garbage?)
69cf1628-16dc-407a-a6d1-f1e56aa6cde5,SBL,サウンドベル,COMP-766,No Match,,,0,0,0,0,ORPHAN (Garbage?)
0009ff59-045d-4947-9de0-9efbf13264d3,SKS7,サカシ,COMP-768,No Match,,,0,0,0,0,ORPHAN (Garbage?)
41a8192e-2055-47f7-a7ae-c6b3006a6680,SKB2,サカブン,COMP-769,No Match,,,0,0,0,0,ORPHAN (Garbage?)
491ba174-8925-48cd-abb1-5d912158ac03,STK03,サトカタ,COMP-770,No Match,,,0,0,0,0,ORPHAN (Garbage?)
83e76a33-f48d-44a5-a198-9017741192af,STP3,サトーパーツ新潟工場,COMP-771,No Match,,,0,0,0,0,ORPHAN (Garbage?)
6d6be240-e372-479a-8303-d9fd04e630ba,SNA2,サンアル,COMP-773,No Match,,,0,0,0,0,ORPHAN (Garbage?)
b0c2c30f-ea92-47b1-be3e-17954f2b656d,SNE3,サンエー電機,COMP-776,No Match,,,0,0,0,0,ORPHAN (Garbage?)
3aee15f8-bafe-44ce-99c8-5f8433883737,SNK07,サンコー,COMP-777,No Match,,,0,0,0,0,ORPHAN (Garbage?)
5564d18f-be67-40b3-b15f-f74dd72b22de,SNC,サンコール,COMP-778,No Match,,,0,0,0,0,ORPHAN (Garbage?)
3e524d79-2ee7-42d3-a875-b7e162bde337,SKD3,サンコー電子,COMP-779,No Match,,,0,0,0,0,ORPHAN (Garbage?)
1f4c714a-742a-4fd0-a1d2-ade8f24911a7,SNG5,サンゴ商会,COMP-780,No Match,,,0,0,0,0,ORPHAN (Garbage?)
3109a90c-2277-4785-8e5d-5e746cd973bd,STT-001.xlsx,サンテック東北,COMP-782,No Match,,,0,0,0,0,ORPHAN (Garbage?)
dbc1503f-5d11-41d5-b39b-bf78d8a57a4c,SNP2,サンプラ,COMP-783,No Match,,,0,0,0,0,ORPHAN (Garbage?)
ecd002b1-4bb1-4492-b1df-ed4ab43b53ff,SNY5,サンヨー,COMP-784,No Match,,,0,0,0,0,ORPHAN (Garbage?)
565e1114-efdc-4254-8472-d48dc708db26,SNY2,サンヨーコーティング,COMP-785,No Match,,,0,0,0,0,ORPHAN (Garbage?)
5334c731-da3b-440b-acf2-cab8a7ee1b65,SNY03,サンヨー精工,COMP-786,Exact Name,SNY,サンヨー精工,0,0,0,0,KEEP (Matched)
17c80bb8-dc9b-4a55-b2ca-2d2934d1c156,STY-001,サン富安,COMP-787,Exact Name,STY,サン富安,0,0,0,0,KEEP (Matched)
528de571-ecea-4bf6-bb10-430c34e11832,CF,シ―エフ,COMP-790,No Match,,,0,0,0,0,ORPHAN (Garbage?)
d88f3117-7de2-42e9-bec2-821c3b3e2e34,SGM5,シグマ製作所,COMP-792,No Match,,,0,0,0,0,ORPHAN (Garbage?)
b7254df2-db03-457a-b02a-7bf690ed20ac,SYS-001,システムサービス,COMP-793,No Match,,,0,0,0,0,ORPHAN (Garbage?)
abf20039-cfee-4d0a-9015-57b779698f57,SYD,システムデザイン,COMP-794,No Match,,,0,0,0,0,ORPHAN (Garbage?)
2cc61646-d11d-4c68-a849-aeb2c59c178c,SMZ2,シマザキ商会,COMP-797,No Match,,,0,0,0,0,ORPHAN (Garbage?)
6926c622-d794-47df-b6a7-2ec743481bf3,CHR,シャルマン,COMP-799,No Match,,,0,0,0,0,ORPHAN (Garbage?)
5f248691-6aad-4f93-8999-9c0faa97f532,シャープ試作PET0.8（20100226）.xls,シャープ,COMP-800,No Match,,,0,0,0,0,ORPHAN (Garbage?)
269957f9-7425-44be-98d0-5c2ac9246b46,JKT,(株)ジコーテック,COMP-861,Exact Code,JKT,ジコーテック,0,0,0,0,KEEP (Matched)
c70db0ab-d7ac-45a9-b265-872a4237064b,SES-003,ショウエイパック,COMP-804,No Match,,,0,0,0,0,ORPHAN (Garbage?)
05dc8ef4-25ec-4f0d-97e4-b0d7877c9a70,KLE,(有)ケイエルイー,CUST-188,Exact Code,KLE,ケイエルイー,0,1,0,1,KEEP (Matched)
555ed3ea-4e16-44b4-8971-f7a9ac12b875,KMX,(有)ケイ・ミックス,CUST-189,Exact Code,KMX,ケイ・ミックス,0,9,2,11,KEEP (Matched)
fb5fdf21-14e0-4916-9d31-fe7d18687fd4,SHT-004,シンエイハイテック,COMP-807,No Match,,,0,0,0,0,ORPHAN (Garbage?)
a46ee7b7-21f4-434f-a6a9-066919ed033d,SGW,(株)セガワ,COMP-845,Exact Code,SGW,セガワ,0,0,0,0,KEEP (Matched)
52e717fb-57e2-4a86-b76b-0801f0f87c1c,SNS3,シンセイ,COMP-810,No Match,,,0,0,0,0,ORPHAN (Garbage?)
3f6f5984-75f4-454f-9578-35464b8ab00a,STW,シントワ（未払有.受注停止）,COMP-811,No Match,,,0,0,0,0,ORPHAN (Garbage?)
ab4f379f-ac77-44bc-aaf2-957e706a7b26,SNW02,シンワ,COMP-812,No Match,,,0,0,0,0,ORPHAN (Garbage?)
d22c18d9-33ab-4712-a90c-bf9fc13f97ac,SCP-001(20141106)初回.xlsx,シンワコーポレーション,COMP-813,Exact Name,SCP,シンワコーポレーション,0,0,0,0,KEEP (Matched)
2c07d03f-7582-4906-95b1-d9261a9e47c9,CST4,シーエステック,COMP-815,Exact Name,CST,シーエステック,0,0,0,0,KEEP (Matched)
2ad875d7-01fd-400e-9127-97b0b04263af,CMC,シー・エム・シー,COMP-816,No Match,,,0,0,0,0,ORPHAN (Garbage?)
8f87a127-f876-4402-8945-3b401411293e,SNG02,ｼﾅｼﾞｰ,COMP-818,No Match,,,0,0,0,0,ORPHAN (Garbage?)
a462c014-e225-4225-b7b1-c16f46d0b25d,SIM,ｼﾝﾌﾟﾙ,COMP-819,No Match,,,0,0,0,0,ORPHAN (Garbage?)
ab8756f1-93af-4173-aea4-9d64ebcd4c62,DJｺﾈｸﾀﾘｾ（20091006）.xls,ジョイテック,COMP-820,No Match,,,0,0,0,0,ORPHAN (Garbage?)
835d3bad-7c11-4d3d-a1e0-6a8c6fa54f6c,SKW,(株)システックキョーワ,COMP-817,Exact Code,SKW,システックキョーワ,0,0,0,0,KEEP (Matched)
f86231b3-e6fb-4e5f-b31d-0af82a874fff,NKF,JX金属ﾌﾟﾚｼｼﾞｮﾝﾃｸﾉﾛｼﾞｰ☆,COMP-822,No Match,,,0,0,0,0,ORPHAN (Garbage?)
e1c71b6b-3e90-4dac-849a-10d18314f85d,JAI,ジェイエイアイ電子,COMP-823,No Match,,,0,0,0,0,ORPHAN (Garbage?)
dd954b4e-b8af-44c8-8732-4d7595108d1d,TRA,(株)スリーエー工業,COMP-839,Exact Code,TRA,スリーエー工業,0,0,0,0,KEEP (Matched)
b0af6a32-e853-4f84-af91-50e060c3a9ed,A-042-1外箱,ジェピコ,COMP-825,No Match,,,0,0,0,0,ORPHAN (Garbage?)
d13e45cf-604f-4123-b772-4004bae476ef,JET,ジェーイーテー,COMP-826,No Match,,,0,0,0,0,ORPHAN (Garbage?)
8c70d95d-5fc2-42ab-82f1-10acc2284298,JCT-001(20150107)初回.xlsx,ジャパンコンミュテーター,COMP-827,Exact Name,JCT,ジャパンコンミュテーター,0,0,0,0,KEEP (Matched)
2a965f38-9360-45a1-9572-13cf3a09280e,GC01,ジーシー,COMP-829,No Match,,,0,0,0,0,ORPHAN (Garbage?)
204365dd-10ac-4ac5-bc6d-6785a4ee0ed6,GPK,ジーピーケイ,COMP-831,No Match,,,0,0,0,0,ORPHAN (Garbage?)
e8bc8258-56f3-4cf0-a17d-60cd19e45c49,JIC-001,ｼﾞｬﾊﾟﾝｲﾝﾀｰﾅｼｮﾅﾙｺﾏｰｽ,COMP-832,No Match,,,0,0,0,0,ORPHAN (Garbage?)
6ca53a09-6eb0-4d2d-b8db-9ba3982d42ff,SZK2,スズキ技研,COMP-833,No Match,,,0,0,0,0,ORPHAN (Garbage?)
91e92d70-9b29-4500-8d15-a11e882189ad,STF2,スタッフ,COMP-834,No Match,,,0,0,0,0,ORPHAN (Garbage?)
4afa1df8-2568-4ac8-8e22-4649066a49ac,STR2,スター精密,COMP-835,No Match,,,0,0,0,0,ORPHAN (Garbage?)
24e906ae-497b-4b4e-b084-ca1850d0113c,SPC,スピカ精密光学,COMP-836,No Match,,,0,1,1,2,ORPHAN WITH FKS (Requires Manual Check)
705e32bd-aebf-4574-a789-03632bbb43bc,SPL,スプリングラボ,COMP-837,No Match,,,0,0,0,0,ORPHAN (Garbage?)
6dada4b1-c3d5-4a2f-a8f5-6621e79dd067,SRC,スリック,COMP-838,No Match,,,0,0,0,0,ORPHAN (Garbage?)
add40873-361e-4c2f-8f73-831313b34ac8,SWN-001,スワニー,COMP-840,Exact Name,SWN,スワニー,0,0,0,0,KEEP (Matched)
cedbed9e-59d5-46fe-af08-fadb4b2e6893,SPA,スーパ・アロイ,COMP-841,No Match,,,0,0,0,0,ORPHAN (Garbage?)
c8ec6bfb-96cb-449a-ab04-190ec11a78a9,SPK-001忍野工場(20140221)初回.xls,ｽﾊﾟｰｸ,COMP-842,No Match,,,0,0,0,0,ORPHAN (Garbage?)
d39d668e-6b09-4c2d-b8d5-d5c03d0961a1,SII,セイコーインスツル,COMP-843,No Match,,,0,0,0,0,ORPHAN (Garbage?)
36e6d15f-abd1-48b9-a352-9c9ee95990ab,SCL,セキュアードログ,COMP-846,No Match,,,0,0,0,0,ORPHAN (Garbage?)
b115f37d-d14c-4f42-a2df-d0272a9430cd,SMN3,セミナル,COMP-847,No Match,,,0,0,0,0,ORPHAN (Garbage?)
b5650a05-64e2-41fc-9a99-1bc46a83df98,CRM,セラメタ,COMP-849,No Match,,,0,0,0,0,ORPHAN (Garbage?)
1fa12e28-e5c6-4a27-b737-7c49d7173906,SLC,セルコトロン,COMP-850,No Match,,,0,0,0,0,ORPHAN (Garbage?)
755ccab4-0a48-412d-bcc5-18f1db85920a,SRM,セルモ,COMP-851,No Match,,,0,0,0,0,ORPHAN (Garbage?)
6b1f3ad3-eccc-45c5-94d8-478cd099c73d,SDD,センダン電子,COMP-852,No Match,,,0,0,0,0,ORPHAN (Garbage?)
359b9cae-ceca-4c5e-a5ab-7d49d77015a7,ZNS-001CL,ゼニス,COMP-853,No Match,,,0,0,0,0,ORPHAN (Garbage?)
a1b930cf-0444-4983-b746-31c4f3e5d256,ZKM,ゼンキンメタル,COMP-854,No Match,,,0,0,0,0,ORPHAN (Garbage?)
aba4c95a-bc17-474a-988e-a69fe626cc0c,SRD-001,ソルドジャパン,COMP-856,Exact Name,SRD,ソルドジャパン,0,0,0,0,KEEP (Matched)
f26736a8-634b-434c-ba29-fd91542fbe4a,CJV,CJVインターナショナル,COMP-857,No Match,,,0,0,0,0,ORPHAN (Garbage?)
8149f9ab-28ff-434e-a189-072bf734b11b,CBC,ＣＢＣオプテックス,COMP-858,No Match,,,0,0,0,0,ORPHAN (Garbage?)
69d1f830-dda4-46b8-b88c-731b2fc1b2b0,SCR,SCREENホールディングス,COMP-859,No Match,,,0,0,0,0,ORPHAN (Garbage?)
9f0f417f-2d25-4d2d-a7aa-b4835fe0e117,TNX2,TANAX名古屋支店,COMP-862,No Match,,,0,0,0,0,ORPHAN (Garbage?)
96401b6b-209b-4dca-a89c-3ccae714df8a,TNX3,TANAX関西支店,COMP-863,No Match,,,0,0,0,0,ORPHAN (Garbage?)
a4cf2f6b-fb2d-4eba-b636-cef93331a690,TIY03,タイヨー電子,COMP-864,Exact Name,TYD,タイヨー電子,0,0,0,0,KEEP (Matched)
32498bb0-89e2-4abe-8934-2c9b4f8e6fdf,TKS2,タカスギ,COMP-865,No Match,,,0,0,0,0,ORPHAN (Garbage?)
64639a7c-c4d1-4c16-bab0-d93eefcb79a8,TRT01,タラタ,COMP-866,No Match,,,0,0,0,0,ORPHAN (Garbage?)
ac560183-9456-4b72-baf4-97f40734c940,TKM4,匠工業,COMP-867,No Match,,,0,0,0,0,ORPHAN (Garbage?)
d0073fb4-fae7-44f2-8d07-b1308d3ba6cd,PS-100（20100201）.xls,多田製作所,COMP-868,Exact Name,TDS,多田製作所,0,0,0,0,KEEP (Matched)
d42c2729-7de1-45af-b35f-69b2c89840b5,TIH01,大宝工業☆,COMP-869,No Match,,,0,0,0,0,ORPHAN (Garbage?)
c39dce42-03b6-4c94-8fad-9373ab066ac5,TKO-001(20140530)初回.xls,大幸紙工,COMP-870,No Match,,,0,0,0,0,ORPHAN (Garbage?)
9f0cbe55-12aa-4375-a3fc-b3f6c391d313,TIK3,大弘,COMP-871,No Match,,,0,0,0,0,ORPHAN (Garbage?)
001bc483-162f-487d-9295-4e74509250d3,TSP3,大成プラス,COMP-872,No Match,,,0,0,0,0,ORPHAN (Garbage?)
26dbce76-aab4-4b38-be28-e689a2d775f8,TSK2,大成歯科工業,COMP-873,No Match,,,0,0,0,0,ORPHAN (Garbage?)
66438cd7-f88a-4012-a676-c1f8725b4c4d,THS4,大洋発條製作所,COMP-874,No Match,,,0,0,0,0,ORPHAN (Garbage?)
5202efd7-282a-4e20-b0d8-f6ff62b86f93,TIK01,大興紙工,COMP-875,Exact Name,TIK,大興紙工,0,0,0,0,KEEP (Matched)
a9a58724-dbb5-46af-99e2-fb6cc096243d,TIH02,太宝商店,COMP-876,No Match,,,0,0,0,0,ORPHAN (Garbage?)
7862c9a7-5674-49b1-8f76-70216964dc59,A-024-1(20110201).xls,太平洋工業,COMP-877,No Match,,,0,0,0,0,ORPHAN (Garbage?)
9ab3808f-f9cc-42b9-b6fb-00c0acf081af,TIY02,太洋TIY02,COMP-878,No Match,,,0,0,0,0,ORPHAN (Garbage?)
00b93539-6d7d-48d6-a681-2a953312f7ac,KNK,(株)カネカ,COMP-522,Exact Code,KNK,カネカ,0,0,0,0,KEEP (Matched)
83413685-3b9c-4e83-b4d0-285534b2016d,TKR2,宝電機工業,COMP-881,No Match,,,0,0,0,0,ORPHAN (Garbage?)
d2a5f3d5-2038-4975-bd27-2a7a73c43422,TKM2,機(たくみ)製作所,COMP-883,No Match,,,0,0,0,0,ORPHAN (Garbage?)
af91a5a6-4761-48fc-ac0f-f5df351cb427,TKY02,武山工業,COMP-884,Exact Name,TKY,武山工業,0,0,0,0,KEEP (Matched)
0231b8cf-b8e3-448e-b0a5-2ea3c157cd95,TMS01,泰盟産業,COMP-885,No Match,,,0,0,0,0,ORPHAN (Garbage?)
f61c0d33-9c0e-46c4-b98c-259bff586744,TMG02,玉川化成,COMP-886,No Match,,,0,0,0,0,ORPHAN (Garbage?)
9d160f0a-84c7-4a97-85f8-a983f96d523d,TMZ01,玉澤精機,COMP-887,Exact Name,TMZ,玉澤精機,0,0,0,0,KEEP (Matched)
13833e91-f760-4aef-a7b0-5c0afe38a1e6,TNK01,田中精機,COMP-888,Exact Name,TNK,田中精機,0,0,0,0,KEEP (Matched)
0eae4f0d-9d9a-4590-b30c-d0c07d7e598d,TNK2,田中鉄工所,COMP-889,No Match,,,0,0,0,0,ORPHAN (Garbage?)
9a100610-d4bf-4f8d-8033-cdb8d0b23eab,TNB,田邊研電,COMP-891,No Match,,,0,0,0,0,ORPHAN (Garbage?)
8bdd7fc4-c7f8-4a01-a675-6f2eacb309f9,2-912053-3BOTTOM立山紙工(20160208).xlsx,立山紙工☆,COMP-892,No Match,,,0,0,0,0,ORPHAN (Garbage?)
77a0bee7-6312-4b7f-9232-9eb13c3426df,1-912055-9(20200521)誠紙器.xlsx,立山製紙☆,COMP-893,No Match,,,0,0,0,0,ORPHAN (Garbage?)
5dd7ca08-6197-4c08-8db8-1fd12f1d8216,TCK,立川順一様((株)ハイメック),COMP-894,No Match,,,0,0,0,0,ORPHAN (Garbage?)
9988cc8e-074b-4244-9c28-8ab055e658a0,TBS,立花商店,COMP-895,No Match,,,0,0,0,0,ORPHAN (Garbage?)
4a0e0317-2f09-4efd-a40f-ac4fb9827eb9,TUS2,竹内製作所,COMP-896,No Match,,,0,0,0,0,ORPHAN (Garbage?)
325dbcd8-57b1-49b9-8d23-4b45330172ed,TKH01,竹花精工,COMP-897,Exact Name,TKH,竹花精工,0,0,0,0,KEEP (Matched)
b4e31219-6d11-41d0-a7e5-f56fda963440,TND-2,谷電機工業(加積商会),COMP-898,No Match,,,0,0,0,0,ORPHAN (Garbage?)
d42cc718-fd82-45fa-b13e-6ee92124e934,高久産業TRAY-0.4,高久産業,COMP-899,No Match,,,0,0,0,0,ORPHAN (Garbage?)
f1faccd9-8da8-4064-9439-23bee3d4eb56,TKC01,高千穂精機,COMP-900,No Match,,,0,0,0,0,ORPHAN (Garbage?)
8a06fd74-91c5-43eb-a9f6-367a1db2c604,KNN,江南ジーテック(株),COMP-492,Exact Code,KNN,江南ジーテック,0,0,0,0,KEEP (Matched)
95c236a4-069e-406f-a566-14664c78bc81,TKY3,高山ﾌﾟﾚｽ製作所,COMP-902,No Match,,,0,0,0,0,ORPHAN (Garbage?)
0c23918b-4608-4da3-a103-1f1896b631d0,TGK2,高川工業,COMP-904,No Match,,,0,0,0,0,ORPHAN (Garbage?)
ec777963-4b2c-4af7-a964-1db57f33b525,TKN4,高梨製作所☆,COMP-905,No Match,,,0,0,0,0,ORPHAN (Garbage?)
537f4d27-90ed-4519-a7b8-1b1d924ad338,THS3,高橋商店,COMP-906,No Match,,,0,0,0,0,ORPHAN (Garbage?)
b316bb31-80fd-4d78-856f-32ef227796fc,THS2,高橋製作所,COMP-907,No Match,,,0,0,0,0,ORPHAN (Garbage?)
a59e1b59-43ef-453f-8fa2-266dea76ebc7,TKH2,高穂,COMP-908,No Match,,,0,0,0,0,ORPHAN (Garbage?)
b3f02602-06b3-489a-9324-2d5b62927b80,KOK,光輝化成(株) 第二工場,CUST-193,Exact Code,KOK,光輝化成(株),20,11,1,32,KEEP (Matched)
42a62894-0432-421a-a7bd-dae1edab65f3,TKN02,ﾀｶﾉｷﾞｹﾝ,COMP-911,No Match,,,0,0,0,0,ORPHAN (Garbage?)
696668a8-a8be-4a3d-b0ea-7f2b4080caba,G-070-1サンプル（20110630）.xls,ﾀﾁﾊﾞﾅﾊﾟｯｹｰｼﾞ岩本,COMP-913,No Match,,,0,0,0,0,ORPHAN (Garbage?)
b7ef4e0c-13a8-44b5-bc90-b0f87e2abd34,09.5.共和化成工業様法人解散により、ダイワ化成様へ業務移管。指示書は、共和化成工業様を参照する.xls,ダイワ化成,COMP-914,Exact Name,DIW,ダイワ化成,0,0,0,0,KEEP (Matched)
b29acb1e-56b8-46ba-9645-62ce1cd30057,DWT,大和テクノシステムズ,COMP-915,No Match,,,0,0,0,0,ORPHAN (Garbage?)
8e04e358-ea28-4593-8e39-a7d70ad06dc3,DWS,大和商会,COMP-916,No Match,,,0,0,0,0,ORPHAN (Garbage?)
108eccd0-d7ed-4df4-b183-15ab9d960d78,TKT,(株)拓斗化成,COMP-882,Exact Code,TKT,拓斗化成,0,6,0,6,KEEP (Matched)
cacf08ee-4042-4e81-a11a-56dde2e2fd41,DSN,大心,COMP-919,No Match,,,0,0,0,0,ORPHAN (Garbage?)
ccf301b0-277d-41ec-9b11-b87c1a7b2729,TSA,(株)田崎アサヒ 東京営業所,COMP-890,Exact Code,TSA,田崎アサヒ,0,0,0,0,KEEP (Matched)
1abe3f43-9c2b-4f1f-b03b-99bdcdec97f9,DIN3,大日製作所,COMP-922,No Match,,,0,0,0,0,ORPHAN (Garbage?)
8fb24eaf-df2f-421e-9692-978ed44e7c08,DKS,大研精機,COMP-924,No Match,,,0,0,0,0,ORPHAN (Garbage?)
6db3c4c5-09ea-45ea-b12f-f33646cf63c1,DIS3,大進段ボール,COMP-925,No Match,,,0,0,0,0,ORPHAN (Garbage?)
ebb162ed-8ecf-47bf-8b04-f39d83984409,DKK2,第一光機,COMP-927,No Match,,,0,0,0,0,ORPHAN (Garbage?)
53a81931-5ee5-4344-8519-b97d6874c3b4,ADV00,第一化成ｱﾄﾞﾊﾞﾈｸｽ,COMP-929,No Match,,,0,8,0,8,ORPHAN WITH FKS (Requires Manual Check)
1195b8b9-353c-4cbf-b114-12d8d931e11f,DIG,第一合成,COMP-930,No Match,,,0,0,0,0,ORPHAN (Garbage?)
7a3bbbd7-88bc-4e2d-a305-b4d0e54f6752,DII2,第一商事,COMP-931,No Match,,,0,0,0,0,ORPHAN (Garbage?)
cea87914-dc1c-42b0-bc05-26d9597a4ee3,DDK01,第一電子工業,COMP-932,Exact Name,DDK,第一電子工業,0,0,0,0,KEEP (Matched)
cf819060-01df-4dcf-bcc7-ef17cf53cf7c,KOR,(株)甲陵樹脂,CUST-294,Exact Code,KOR,甲陵樹脂,0,2,0,2,KEEP (Matched)
99aef896-508a-426d-bccd-a60fc5d3d53b,CYS,中国山科サービス,COMP-935,No Match,,,0,0,0,0,ORPHAN (Garbage?)
802dc349-3fa4-48ea-8612-d53e1d13d9f4,COK2,中央工機(名古屋),COMP-936,No Match,,,0,0,0,0,ORPHAN (Garbage?)
ee37d4c9-eb74-46c9-b694-c0142672c7e5,COK01,中央工機(川崎),COMP-937,No Match,,,0,0,0,0,ORPHAN (Garbage?)
1baa61a8-ba88-4ef4-b0a1-b45a6cec8803,KOS,(株)高速,CUST-195,Exact Code,KOS,高速,44,38,1,83,KEEP (Matched)
95633e79-1394-4325-9e84-d5dd52a14256,CBS2,中部精機製作所,COMP-939,No Match,,,0,0,0,0,ORPHAN (Garbage?)
45861b57-dd96-41c7-aa4b-940639bbfa42,CYG,千代田技研,COMP-940,No Match,,,0,0,0,0,ORPHAN (Garbage?)
3395d3e2-6bce-4b17-be90-fef7d96c5772,CYD8,千代田機工宇都宮(営),COMP-941,No Match,,,0,0,0,0,ORPHAN (Garbage?)
efdb049f-231b-482e-b089-a9d1727d1fc6,CYD9,千代田機工川越(営),COMP-942,No Match,,,0,0,0,0,ORPHAN (Garbage?)
c8a8f3d1-4a11-46c6-acf1-ad143494deee,CYD2,千代田機工平塚(営),COMP-943,No Match,,,0,0,0,0,ORPHAN (Garbage?)
6bd01249-7ef2-4ed0-964b-3fe5d92bebef,CYD6,千代田機工所沢(営),COMP-944,No Match,,,0,0,0,0,ORPHAN (Garbage?)
b1ebc814-cae0-44be-a02b-743e5eafa629,CYD04,千代田機工横浜(営),COMP-945,No Match,,,0,0,0,0,ORPHAN (Garbage?)
f9470682-55cb-43c7-97cb-5b414b885783,CYD7,千代田機工沼津(営),COMP-946,No Match,,,0,0,0,0,ORPHAN (Garbage?)
d5c987bc-0ea2-44bd-a23d-d827939fd666,CYD5,千代田機工熊谷(営),COMP-947,No Match,,,0,0,0,0,ORPHAN (Garbage?)
326e0ccf-990d-42c1-a283-7e456ebd012b,CYD3,千代田機工西東京(営),COMP-948,No Match,,,0,0,0,0,ORPHAN (Garbage?)
748bae6a-233c-4863-b2e9-8809f2f93cce,TKS5,つかさ電子,COMP-950,No Match,,,0,0,0,0,ORPHAN (Garbage?)
0b99abd5-93e3-42b6-8090-0c9dde38babe,TGW,(株)津川洋行,COMP-956,Exact Code,TGW,津川洋行,0,0,0,0,KEEP (Matched)
ea1f9469-4755-4350-88da-76151d4f7a61,TGD,司ゴム電材,COMP-953,No Match,,,0,0,0,0,ORPHAN (Garbage?)
1036a061-aaa9-4cf0-aa82-288a37b6e4d1,TKS3,司製作所,COMP-954,No Match,,,0,0,0,0,ORPHAN (Garbage?)
5b5ff5f0-9574-4e3f-84ce-58c17d3afed1,TTY01,土屋工業,COMP-955,No Match,,,0,0,0,0,ORPHAN (Garbage?)
c841efd6-2f59-4012-98d4-481442fd5fe4,TND2,角田設計事務所,COMP-957,No Match,,,0,0,0,0,ORPHAN (Garbage?)
68576c9f-5a59-4071-89a8-a4e2f3f5af35,TRT-001（20091216）.xls,通菱テクニカ,COMP-958,Exact Name,TTC,通菱テクニカ,0,0,0,0,KEEP (Matched)
f453804b-1548-4b93-882e-5dcb8d632e07,TRD-003(H=3,ティーアールディ,COMP-960,No Match,,,0,0,0,0,ORPHAN (Garbage?)
f4884d2b-272c-44d7-ade3-7b156dfc2881,5-52-4(20220112).xlsx,ティーエムパック,COMP-961,Exact Name,TMP,ティーエムパック,0,0,0,0,KEEP (Matched)
477b248e-9592-4436-9d64-a0a43e76f39f,TKD2,テクシアマシナリー（塚田螺子製作所）,COMP-962,No Match,,,0,0,0,0,ORPHAN (Garbage?)
89d24d5f-054e-4cec-8d71-5f970329ede1,INT02,テラマックス（ｲﾝﾀｰﾌﾟﾗﾝ）,COMP-963,No Match,,,0,0,0,0,ORPHAN (Garbage?)
475c707e-5130-4262-8f6e-f302426ccc22,CB20X021_025-01ﾌｧﾚﾝｶｾｯﾄｲﾝﾅｰﾄﾚｰ仕様書,テルモ,COMP-964,No Match,,,0,0,0,0,ORPHAN (Garbage?)
d558f64d-c7e7-4bca-b1f8-ae7e1afc5643,THC,東北セラミック(株),COMP-1000,Exact Code,THC,東北セラミック,0,0,0,0,KEEP (Matched)
76107421-b528-4487-9a24-60ed7bf2156b,TSH,東京精密発條(株),COMP-994,Exact Code,TSH,東京精密発條,0,0,0,0,KEEP (Matched)
065b6b0e-d908-46c5-a4f6-574d66cb5cc3,TTK,東京通信機材 (株) 東京本社,COMP-995,Exact Code,TTK,東京通信機材 (株) 東京本社,0,0,0,0,KEEP (Matched)
dc67ea95-ec41-4598-835e-9cf3cbd53e7c,DNS2,電熱制御,COMP-968,No Match,,,0,0,0,0,ORPHAN (Garbage?)
b1ff8ff3-fcd0-4f56-9cf0-2e2e5ca4f02c,紙器注文書原本(20190326).xlsx,電装工業☆,COMP-969,No Match,,,0,0,0,0,ORPHAN (Garbage?)
e2059337-6d23-4773-b520-314ec3daa9e3,TOP01,トップ精工,COMP-970,No Match,,,0,0,0,0,ORPHAN (Garbage?)
fe35e261-de12-4ceb-9b04-6bbdc65705bf,1-912127-5,トープラテクノ,COMP-971,Exact Name,TPT,トープラテクノ,0,0,0,0,KEEP (Matched)
c51dc33e-ed4d-417e-80b7-b583a2e84824,TUM01,トーモク,COMP-972,No Match,,,0,0,0,0,ORPHAN (Garbage?)
f1d718c6-febd-4a54-9c6a-b4fe7859c643,TSK3,土佐機工,COMP-973,No Match,,,0,0,0,0,ORPHAN (Garbage?)
47e8cd3a-451b-4d11-af95-730cd8629e76,SMK2,富山昭和☆,COMP-974,No Match,,,0,0,0,0,ORPHAN (Garbage?)
58dd0f4a-bec3-4905-9a79-bfd8379db8f2,TSH2,富繁放電加工,COMP-976,No Match,,,0,0,0,0,ORPHAN (Garbage?)
54979bb3-c7dc-43ff-a08d-2defe3e445eb,HK-KR-0016-取引先調査カード(B)(20230802).xls,常盤製作所,COMP-977,No Match,,,0,0,0,0,ORPHAN (Garbage?)
54d06089-4bd7-4835-a745-679727cffe41,TKR4,戸倉鉄工所,COMP-978,No Match,,,0,0,0,0,ORPHAN (Garbage?)
798ec679-146c-4612-9e3d-fa75b18cf8c3,TTK2,戸塚金属工業,COMP-979,No Match,,,0,0,0,0,ORPHAN (Garbage?)
9ca4ffc9-9c99-4a1c-aadd-847cc0a8c8f2,TOA2,東亜電気工業,COMP-982,No Match,,,0,0,0,0,ORPHAN (Garbage?)
de1b16ba-c9af-4e50-93f2-3d449c54f341,TMC-018R,東京マイクロ,COMP-987,Exact Name,TMC,東京マイクロ,0,0,0,0,KEEP (Matched)
7849733d-d62f-4858-bd13-789e875b9693,H-015-2-PS(20170908).xlsx,東京メタル,COMP-988,No Match,,,0,0,0,0,ORPHAN (Garbage?)
fdd7681c-4104-4bfb-853a-4a2d4618a008,TMT2,東京メタル(株),COMP-989,No Match,,,0,0,0,0,ORPHAN (Garbage?)
38f0c6a6-bc1b-4ee2-8d13-23d3bcc9a27b,TOK01,東京創研,COMP-991,No Match,,,0,0,0,0,ORPHAN (Garbage?)
a6329d9b-0540-4a00-add7-446b44d99570,TCB-001,東京梱包材料,COMP-992,No Match,,,0,0,0,0,ORPHAN (Garbage?)
f7b7428d-02ab-482a-a34c-c27694729b20,THK-001.xls,東京発條,COMP-993,No Match,,,0,0,0,0,ORPHAN (Garbage?)
fe3a3c97-d83a-4374-a5da-bd86250183dd,TSN,東伸,COMP-997,No Match,,,0,0,0,0,ORPHAN (Garbage?)
83106c13-070b-4d95-af63-8aa4fb7d5b01,TSD02,東信電気,COMP-998,No Match,,,0,0,0,0,ORPHAN (Garbage?)
a762b399-0656-4d80-a3cc-7b329b867d32,THN,東北エヌイーエレクトロ,COMP-999,No Match,,,0,0,0,0,ORPHAN (Garbage?)
29ce2def-ebad-4b15-8d2c-be1d052777f5,TOH01,東北テクトロン☆,COMP-1001,No Match,,,0,0,0,0,ORPHAN (Garbage?)
2185fd47-f7b7-422b-a363-b318ab92f7b3,HKK,堀田光学工業(株),COMP-1327,Exact Code,HKK,堀田光学工業,0,0,0,0,KEEP (Matched)
5f7b15fd-3aa3-46fe-8f6e-eea85b448700,HKM,(株)北萌産業,,Exact Code,HKM,北萌産業,0,0,0,0,KEEP (Matched)
e0338f6d-f430-4c07-998e-e665e216b309,HKR,(株)ひかり紙工,COMP-1309,Exact Code,HKR,ひかり紙工,0,0,0,0,KEEP (Matched)
7fbf9e8e-556c-4a27-b10f-91b4db986e88,HMD,(株)ハマダ工商,,Exact Code,HMD,ハマダ工商,0,0,0,0,KEEP (Matched)
8741fd26-1c5a-47e7-a649-d3aacb884240,HMK,浜松化学(株),COMP-1293,Exact Code,HMK,浜松化学,0,0,0,0,KEEP (Matched)
bf49b4b6-c34a-415a-8388-3f61a42761a0,HMS,浜商事(株),COMP-1289,Exact Code,HMS,浜商事,0,0,0,0,KEEP (Matched)
545a0378-a0bd-49dc-bc08-c0b280959217,HRH,平河ヒューテック(株),,Exact Code,HRH,平河ヒューテック,0,0,0,0,KEEP (Matched)
9d9f7109-af99-43cb-97de-adcf62790510,HRK,(株)平川製作所,COMP-1316,Exact Code,HRK,平川製作所,0,0,0,0,KEEP (Matched)
b918ea8f-e34b-4e12-9586-e3d726db91ef,HRN,(株)平野製作所,COMP-1318,Exact Code,HRN,平野製作所,0,0,0,0,KEEP (Matched)
37d6093e-1e2f-48b8-ad30-7a482030a227,HRZ,(株)ホリゾン,,Exact Code,HRZ,ホリゾン,0,0,0,0,KEEP (Matched)
1d4b6d89-36d1-4e17-846e-a17d4ec97cdc,HSD,(株)豊水電機研究所 埼玉工場,,Exact Code,HSD,豊水電機研究所,0,0,0,0,KEEP (Matched)
3c5a679d-91b2-4a27-8a73-de6b1fdba931,HSN,星名産業安田工場,,Exact Code,HSN,星名産業安田工場,0,0,0,0,KEEP (Matched)
ff062a62-f2f3-4dd9-888b-da697a8e4d9b,HSS,(有) 星産業,COMP-1298,Exact Code,HSS,星産業,0,0,0,0,KEEP (Matched)
be4541f8-f27c-4e9f-b8a4-8a65a97a4ab1,HTB,(株)一橋,COMP-1311,Exact Code,HTB,一橋,0,0,0,0,KEEP (Matched)
eb4ffa41-2dc7-44e1-afb4-45dc4e82f39c,HTC,(株)日立ハイテクマニュファクチュアー&サービス,COMP-1324,Exact Code,HTC,日立ハイテクマニュファクチュアー&サービス,0,1,0,1,KEEP (Matched)
27409f06-d176-4e76-8d7c-c2b829912a0e,HTP,(有)常陸プレス工業所,COMP-1312,Exact Code,HTP,常陸プレス工業所,0,0,0,0,KEEP (Matched)
996faa3d-6c67-4469-8a74-d3c391649a8d,KOY,(株)コーヨー,,Exact Code,KOY,コーヨー,0,0,0,0,KEEP (Matched)
a5a8567e-9b0a-486c-813a-13eaf9a4d5c5,KPS,株式会社 KPS,,Exact Code,KPS,KPS,0,0,0,0,KEEP (Matched)
9896d31b-8c19-4385-a3d9-b64fc0970814,KRB,共立物産(株),COMP-431,Exact Code,KRB,共立物産,0,0,0,0,KEEP (Matched)
278d0e89-86fe-426a-aea2-5bf0987470bb,KRD,黒田電気(株),COMP-356,Exact Code,KRD,黒田電気,0,0,0,0,KEEP (Matched)
acf40781-94a1-4951-9b39-af8f9f35ee5b,THK01,東北プレス工業☆,COMP-1002,No Match,,,0,0,0,0,ORPHAN (Garbage?)
da8c8852-552f-4aa3-a9d3-4bc6556c03bd,THM02,東北マテリアルス,COMP-1003,No Match,,,0,0,0,0,ORPHAN (Garbage?)
1315ef44-a0ad-4083-b0a2-ca5d1c7a89c2,TOB,東北小籏,COMP-1004,No Match,,,0,0,0,0,ORPHAN (Garbage?)
28e8be53-ef5d-46c4-a2ad-a89bfca86e16,SNK-001,東北日東工器（旧：白河日東工器）,COMP-1005,No Match,,,0,0,0,0,ORPHAN (Garbage?)
24dd1213-f17d-4fb8-ace2-f1000b6bbd05,THD01,東北電子,COMP-1006,Exact Name,TUH,東北電子,0,0,0,0,KEEP (Matched)
b6b5db5a-471c-497f-a6e3-ef416e9f7feb,TOH02,東北ﾘｽﾞﾑ,COMP-1009,No Match,,,0,0,0,0,ORPHAN (Garbage?)
ea93c628-de2e-44ce-ba97-fe52daebe0f8,TMK01,東名化学,COMP-1010,No Match,,,0,0,0,0,ORPHAN (Garbage?)
c36a34e0-94b8-4d14-9f1f-6dd25a50372d,TWT,東和テック,COMP-1011,No Match,,,0,0,0,0,ORPHAN (Garbage?)
3f56a625-1bcb-4ce4-9f63-a744ddea1af9,TWD-001,東和プラスチックス,COMP-1012,No Match,,,0,0,0,0,ORPHAN (Garbage?)
c93c903a-d1ac-4c30-80d6-7207d99bb07f,TWG-001A4ブリスター(20110507).xls,東和合成工業,COMP-1013,No Match,,,0,0,0,0,ORPHAN (Garbage?)
f670b7f0-072e-4ead-b6c6-3c1499bb303e,TIY02(TUW01),東和紙工（太洋）,COMP-1014,No Match,,,0,0,0,0,ORPHAN (Garbage?)
bb707e77-392b-4328-ac9e-19bfca1ca1cd,紙器注文書原本1.xlsx,東和電気仙台支店,COMP-1015,No Match,,,0,0,0,0,ORPHAN (Garbage?)
b030855e-8132-4c29-bf50-8660e53de17d,TWD7,東和電気北関東営業所,COMP-1016,No Match,,,0,0,0,0,ORPHAN (Garbage?)
8cc8873f-66ef-4e24-a6a2-2b147312c063,TWD2,東和電気四国支店,COMP-1017,No Match,,,0,0,0,0,ORPHAN (Garbage?)
90995de3-903c-49e6-baa5-6caf6648f67d,TWD5,東和電気日立支店,COMP-1018,No Match,,,0,0,0,0,ORPHAN (Garbage?)
4d63591b-65f0-4c05-a9fa-43d78be7a8c7,TWD4,東和電気東京支店,COMP-1019,No Match,,,0,0,0,0,ORPHAN (Garbage?)
2ea6648b-a8bf-4416-ad37-a26a0287743f,TSG,東商ｺﾞﾑ工業,COMP-1020,No Match,,,0,0,0,0,ORPHAN (Garbage?)
186cc18a-ab25-406c-a04d-b5c782bf461d,KRE,黒田テクノ(株) 山梨事業所,CUST-196,Exact Code,KRE,黒田テクノ(株),2,33,5,40,KEEP (Matched)
b2d2bded-f8d4-4d2b-9db3-ced80da2d903,KRE-022(20090821).xls,東宝スタジオ,COMP-1023,No Match,,,0,0,0,0,ORPHAN (Garbage?)
201ff57e-a63d-4154-acc6-ff7523cdacba,TOK2,東工☆,COMP-1024,No Match,,,0,0,0,0,ORPHAN (Garbage?)
6436aeed-4436-4960-8a6a-9714dc038424,THS01,東平商会,COMP-1025,Exact Name,THS,東平商会,0,0,0,0,KEEP (Matched)
b7594e5c-43b5-4a4e-8185-f7ad68bd777a,TSE2,東成イービー東北,COMP-1026,No Match,,,0,0,0,0,ORPHAN (Garbage?)
7786873f-7089-479f-9ad2-efdc9a0ef39c,TSP2,東新プラスチック,COMP-1027,No Match,,,0,0,0,0,ORPHAN (Garbage?)
d5b1e3f9-c905-4ed2-98b3-16085bdd68ba,TES02,東栄精工,COMP-1029,No Match,,,0,0,0,0,ORPHAN (Garbage?)
af7bdda3-1b10-489f-b919-6a5a5b3fb087,TYH-001.xls,東横ホーム,COMP-1030,No Match,,,0,0,0,0,ORPHAN (Garbage?)
81291fa4-70f5-4af4-aa90-0615bf3a4d3d,TYK01,東横化学,COMP-1031,No Match,,,0,0,0,0,ORPHAN (Garbage?)
216afae0-65a8-4edf-af47-843723300d50,TOK4,東機製作所,COMP-1032,No Match,,,0,0,0,0,ORPHAN (Garbage?)
7be7c09d-8211-4e88-a980-143b3bad8998,TUY02,東洋ユニコン,COMP-1033,Exact Name,TUY,東洋ユニコン,0,0,0,0,KEEP (Matched)
f6103c92-188f-4c24-9279-49fa001bc2f0,KRH,(株)栗原,COMP-438,Exact Code,KRH,栗原,0,0,0,0,KEEP (Matched)
caff68c5-3d00-497e-916c-2264ce14f2b3,TYK3,東洋加工,COMP-1035,No Match,,,0,0,0,0,ORPHAN (Garbage?)
65a2c6de-645e-4802-930b-eb11a62d1d12,5-912056-6(20081030).xls,東洋技研,COMP-1036,No Match,,,0,0,0,0,ORPHAN (Garbage?)
4ac36372-ab22-48c7-9da7-db397d4dcc9a,Thumbs.db,東海商事,COMP-1038,No Match,,,0,0,0,0,ORPHAN (Garbage?)
f9a010b9-8aba-43cd-b9fb-b6f6c81169fe,TKI3,東海商事八王子支店,COMP-1039,No Match,,,0,0,0,0,ORPHAN (Garbage?)
24708f7e-816e-4e85-aea4-eb46fd7d8157,KRP,クレポ(株),COMP-537,Exact Code,KRP,クレポ,0,0,0,0,KEEP (Matched)
ab7b2279-d29b-490a-a479-3dc243a028c9,TSJ,(有)特殊磁器,COMP-1047,Exact Code,TSJ,特殊磁器,0,0,0,0,KEEP (Matched)
c7149714-1eb6-4903-b7a7-2aac38af6d3a,TZG,東西合成,COMP-1042,No Match,,,0,0,0,0,ORPHAN (Garbage?)
11a52afc-c254-490f-ad72-8ed3c234371a,TTH,東通販,COMP-1044,No Match,,,0,0,0,0,ORPHAN (Garbage?)
53dc384f-ed63-457c-af7a-10a6a28e5722,TUK2,東鉱商事,COMP-1045,No Match,,,0,0,0,0,ORPHAN (Garbage?)
d997f439-ded6-43dc-87ab-6e3a57073329,TUK3,東鉱商事南東北支店,COMP-1046,No Match,,,0,0,0,0,ORPHAN (Garbage?)
7fea7239-556f-42f5-aac5-b50c9eeac1cd,TSD,特殊電機,COMP-1048,No Match,,,0,0,0,0,ORPHAN (Garbage?)
e0dea736-0a72-4c95-91ec-ead00ee04231,DOR01,ドリームプラ,COMP-1050,No Match,,,0,0,0,0,ORPHAN (Garbage?)
e2c69010-d971-429e-8acc-5bdf34e9538e,TNX-001,TANAXミセナカ.JP関東,COMP-1051,No Match,,,0,0,0,0,ORPHAN (Garbage?)
2186c189-3733-4096-a0eb-b1eb1b897886,TIU,タイアップ,COMP-1053,No Match,,,0,0,0,0,ORPHAN (Garbage?)
f65b1a4e-19d1-4b03-ba97-76d11d9838ec,TKG2,タカギ製作所,COMP-1055,No Match,,,0,0,0,0,ORPHAN (Garbage?)
81923265-9079-4e2f-b72a-ef8e3637a7dc,TKT3,タカテック,COMP-1056,No Match,,,0,0,0,0,ORPHAN (Garbage?)
694061ad-a22b-41de-965b-c5d48d463d1c,THK3,タカハ機工,COMP-1058,No Match,,,0,0,0,0,ORPHAN (Garbage?)
8e66d047-7aee-4933-bb73-16169c188061,TKY4,タカヤマ,COMP-1059,No Match,,,0,0,0,0,ORPHAN (Garbage?)
5d4c5235-9131-42f6-b573-73f3eeaa1552,TKR3,タカラ産業,COMP-1060,No Match,,,0,0,0,0,ORPHAN (Garbage?)
dfc94792-be20-4a20-bb4a-694e307ea6ff,TKM3,タクミ精機製作所,COMP-1061,No Match,,,0,0,0,0,ORPHAN (Garbage?)
b0631b12-93d0-4976-8ec9-ebaf2a341aff,TSE,タシロイーエル,COMP-1062,No Match,,,0,0,0,0,ORPHAN (Garbage?)
020dbe94-938b-404f-96ef-3ed69e90b167,TBS2,タチバナ商事,COMP-1063,No Match,,,0,0,0,0,ORPHAN (Garbage?)
88a0ec96-7f40-4244-921c-e0376aa2066e,TCS4,タックセイコウ(未払先.供給不可）,COMP-1066,No Match,,,0,0,0,0,ORPHAN (Garbage?)
8f668f73-ed5a-4dd0-b462-eab72ae03f82,TNK03,タナカ技工AWANO／LABO,COMP-1068,No Match,,,0,0,0,0,ORPHAN (Garbage?)
27269b68-d873-47d0-b9c4-afe505be51f8,TBT,タバタ,COMP-1069,No Match,,,0,0,0,0,ORPHAN (Garbage?)
9751a613-3742-4572-bcf3-e633ed086b01,TMP2,タマパック新大阪支社,COMP-1070,No Match,,,0,0,0,0,ORPHAN (Garbage?)
637e2f6d-cbd7-4d0f-a8ae-3760f57ba322,TNG-001（20101213）.xls,タンゴ,COMP-1071,Exact Name,TNG,タンゴ,0,0,0,0,KEEP (Matched)
0761a502-8da0-4deb-9470-3ed554f53bc1,TCS3,ＴＡＣＳＥＩＫＯ(未払先取引停止）,COMP-1072,No Match,,,0,0,0,0,ORPHAN (Garbage?)
dc2ccb74-25f1-4e5f-85e7-9c21e291f723,ITK,(株)伊藤コーデン,COMP-60,Exact Code,ITK,伊藤コーデン,0,0,0,0,KEEP (Matched)
68e75327-5141-4ddf-95bb-63c4a3edbe69,ITO,(有) アイティーオー,,Exact Code,ITO,アイティーオー,0,3,0,3,KEEP (Matched)
ede49e33-efaa-4ea2-bb30-589bffecaf83,ITU,(株)伊藤製作所,COMP-61,Exact Code,ITU,伊藤製作所,0,0,0,0,KEEP (Matched)
656a73e1-ac7f-4175-bed9-eeba46132794,IWM,(有)岩本製作所,COMP-65,Exact Code,IWM,岩本製作所,0,0,0,0,KEEP (Matched)
b893644e-e519-4cc5-ab83-8d2f7521887a,IWN,(株)岩沼精工,COMP-67,Exact Code,IWN,岩沼精工,0,0,0,0,KEEP (Matched)
e2a1191f-d321-47db-9b6b-abfceafe5a65,IWT,磐田電工(株),,Exact Code,IWT,磐田電工,0,0,0,0,KEEP (Matched)
f95dc016-7f3e-4fe2-a6a2-bfd183af80b4,IZD,泉電気(株),COMP-72,Exact Code,IZD,泉電気,0,0,0,0,KEEP (Matched)
93b40a02-6120-4274-836a-9ead938a4761,IZK,(株)石関工範,CUST-277,Exact Code,IZK,石関工範,0,1,0,1,KEEP (Matched)
9c3e7306-3131-4626-a995-39621e3373c6,IZM,いずみ電機(株),,Exact Code,IZM,いずみ電機,0,0,0,0,KEEP (Matched)
bd49adba-c4aa-4e6b-b752-431a4feeb3aa,KRS,(株)黒澤精機製作所,,Exact Code,KRS,黒澤精機製作所,0,0,0,0,KEEP (Matched)
91f52595-eb87-4d6f-9459-c3be754e5297,KSD,木下電子工業(株),COMP-421,Exact Code,KSD,木下電子工業,0,1,0,1,KEEP (Matched)
7e287e89-a462-49a8-aed4-e372e204a27c,KSE,川崎エコー(株),CUST-198,Exact Code,KSE,川崎エコー,0,35,14,49,KEEP (Matched)
2a7e072e-6d80-48c1-a00c-627b730a9cda,KSG,柏原計器工業(株),COMP-420,Exact Code,KSG,柏原計器工業,0,2,2,4,KEEP (Matched)
8679ba53-9852-4507-a654-d8aad837e8ce,KSH,九州包装機材工業(株),COMP-505,Exact Code,KSH,九州包装機材工業,0,0,0,0,KEEP (Matched)
e901065c-0983-42a5-a0ce-4de991abd426,KSI,(株)カサイ電子,,Exact Code,KSI,カサイ電子,0,0,0,0,KEEP (Matched)
b2cf993f-bf75-4455-a576-95581ea4c86f,KSK,(株)光伸化成製作所,CUST-312,Exact Code,KSK,光伸化成製作所,0,1,0,1,KEEP (Matched)
3a0af739-6c7c-49a5-8a29-6eedb20e9581,KSM,鹿島エレクトロニクス(株) 本社工場,,Exact Code,KSM,鹿島エレクトロニクス(株),0,0,0,0,KEEP (Matched)
491307ac-463c-4a85-94ee-2874fa0e8a0b,KSN,(株)キシノ,,Exact Code,KSN,キシノ,0,0,0,0,KEEP (Matched)
39373f7b-ceb1-4322-8ad1-3d79aa1a4e6b,KTE,(株)カテックスエンジニアリング,COMP-519,Exact Code,KTE,カテックスエンジニアリング,0,0,0,0,KEEP (Matched)
b9ba80f5-1a5a-45f3-9ee7-3e1243b91418,KTG,(有) 片桐工業所,COMP-368,Exact Code,KTG,片桐工業所,0,0,0,0,KEEP (Matched)
08ce0173-0892-4e4e-a70a-9a3d1e5463dd,KTK,(株)Kテック,CUST-201,Exact Code,KTK,Kテック,0,2,0,2,KEEP (Matched)
e577eb90-9fac-480f-9745-431385c0caa2,KTS,(有)カトウ商工,COMP-399,Exact Code,KTS,カトウ商工,0,0,0,0,KEEP (Matched)
884a0b97-8993-47e2-b39e-25442a18d4fd,KTU,カトウスプリング(株),,Exact Code,KTU,カトウスプリング,0,2,0,2,KEEP (Matched)
0833ab2c-d1c7-4da9-97ce-ef79f5e9afbd,KTY,片山鋲螺工業(株),COMP-380,Exact Code,KTY,片山鋲螺工業,0,0,0,0,KEEP (Matched)
267ae46b-d36b-49e4-9c12-2a9130bf2c6a,KWK,(株)共和工業,COMP-402,Exact Code,KWK,共和工業,0,0,0,0,KEEP (Matched)
e7daff2c-193e-4c7f-bf2b-63107569d5ee,KYS,(有)ケーワイ商会,COMP-447,Exact Code,KYS,ケーワイ商会,0,0,0,0,KEEP (Matched)
77552570-b817-4338-8993-244b658ecb6f,LIN,(株)リンクライン,COMP-1695,Exact Code,LIN,リンクライン,0,0,0,0,KEEP (Matched)
178d257d-0439-4d59-abfe-cabe089bc368,LMD,(株)ラムダ,COMP-1685,Exact Code,LMD,ラムダ,0,0,0,0,KEEP (Matched)
07ecac2d-224b-4bda-9c75-e76885ea209f,TNS-001,ﾀﾅｼﾝ電機,COMP-1073,No Match,,,0,0,0,0,ORPHAN (Garbage?)
863b224b-2c4a-4e0f-996c-309a8d5752a5,DEB,ダイエイバレル,COMP-1074,No Match,,,0,0,0,0,ORPHAN (Garbage?)
c2ab5b38-ff8c-4d51-8b71-360ec0ec13d5,DIK3,ダイコー,COMP-1075,Exact Name,DIK,ダイコー,0,0,0,0,KEEP (Matched)
8421751c-d57b-468c-9142-01c81b4b3601,DIS2,ダイシン,COMP-1076,Exact Name,DIS,ダイシン,0,0,0,0,KEEP (Matched)
b48b601e-4ddb-46a3-bbf6-e0f30a05b585,DSK3,ダイシン金属,COMP-1077,No Match,,,0,0,0,0,ORPHAN (Garbage?)
7d7877a6-d572-4d9e-8476-00384853c203,DIS4,ダイソー,COMP-1078,No Match,,,0,0,0,0,ORPHAN (Garbage?)
45bcf590-4c45-4262-b0f7-5967a7c1cd01,DIN02,ダイナオックス,COMP-1079,Exact Name,DIN,ダイナオックス,0,0,0,0,KEEP (Matched)
4b7b5e56-b932-44f4-9849-fd9760e4e6bd,DNK,ダイニチ工業,COMP-1080,No Match,,,0,0,0,0,ORPHAN (Garbage?)
8a2fa8a7-e8c1-4004-8adc-ffd737186d31,DBC,ダイハツビジネスサポートセンター,COMP-1081,No Match,,,0,0,0,0,ORPHAN (Garbage?)
a5ccc69f-459f-46fc-a395-943b2b15654b,DIH,ダイヘン青森,COMP-1082,No Match,,,0,0,0,0,ORPHAN (Garbage?)
056fbb84-470b-475f-958b-5efc5b3c0b86,DZD,ダイヤゼブラ電機,COMP-1083,No Match,,,0,0,0,0,ORPHAN (Garbage?)
92ad5ecf-10d2-480f-862b-7cca54188eb3,LNK,(株)リンクス,COMP-1694,Exact Code,LNK,リンクス,0,0,0,0,KEEP (Matched)
01e54cda-32d3-4f1c-83a7-1a545de28b57,DIY2,ﾀﾞｲﾔ精密(有),COMP-1085,No Match,,,0,0,0,0,ORPHAN (Garbage?)
ce84d762-17db-479a-a8d5-85c03529d4e8,LPL,(株)ラプラス,COMP-1682,Exact Code,LPL,ラプラス,0,0,0,0,KEEP (Matched)
a0b24b24-61d1-467e-b74a-cd8f0894ae8e,LPS,(株)ラピス精器,CUST-206,Exact Code,LPS,ラピス精器,0,34,21,55,KEEP (Matched)
37ef2ed3-968b-4c28-81e2-1cd2698e8592,CTJ01,チャタニジューリー,COMP-1088,No Match,,,0,0,0,0,ORPHAN (Garbage?)
dce1c681-c242-4a48-a3b5-8c07fcd49693,TTM02,ツツミ,COMP-1089,No Match,,,0,0,0,0,ORPHAN (Garbage?)
e206d2f7-13d5-44e2-afc9-6363b0d03b4d,LSP,(株)日本LSPホールディングス,COMP-1187,Exact Code,LSP,日本LSPホールディングス,0,0,0,0,KEEP (Matched)
bd0a8221-5971-4e20-afe6-f404a63e7d5b,TGO,ティージーオプシード(株),COMP-1095,Exact Code,TGO,ティージーオプシード,0,0,0,0,KEEP (Matched)
ef6cfaf2-f77d-4705-8434-429ab98ac1f6,TAS2,ティアンドエス,COMP-1093,No Match,,,0,0,0,0,ORPHAN (Garbage?)
b65e567f-d6f5-4ed7-9747-194e36d13314,TST2,ティーズトラストコーポレーション,COMP-1096,No Match,,,0,0,0,0,ORPHAN (Garbage?)
8b677359-ce82-4b7e-9114-2bdfcaa86cdf,COT-001,ティー・エス・ビー,COMP-1097,No Match,,,0,0,0,0,ORPHAN (Garbage?)
71bec258-3fd0-4ff2-bbd0-11eea36a55d5,TPS2,ティー・ピー・エス(TE関連会社)☆,COMP-1098,No Match,,,0,0,0,0,ORPHAN (Garbage?)
246e3bc2-a0e1-471d-8f89-aa7ad5269326,TCC,テクノコンデンス,COMP-1099,No Match,,,0,0,0,0,ORPHAN (Garbage?)
2bafb223-7a66-41b6-802a-890a5eceacd7,TCS-001,テクノサイエンス,COMP-1100,No Match,,,0,0,0,0,ORPHAN (Garbage?)
36721db0-bdc0-40ba-b336-a7c7f4bac064,TCN2,テクノス,COMP-1101,No Match,,,0,0,0,0,ORPHAN (Garbage?)
41961ab4-8377-4ca1-8b4f-515e56b9f3be,TCF,テクノフォーカス,COMP-1102,No Match,,,0,0,0,0,ORPHAN (Garbage?)
bb7962ed-2790-414b-905d-f8ce61b3eb4c,TSL,トスレック(株),COMP-1133,Exact Code,TSL,トスレック,0,0,0,0,KEEP (Matched)
c8a38a1f-9463-4964-9c22-5e9f734da29b,TKN3,テクノ大西,COMP-1104,No Match,,,0,0,0,0,ORPHAN (Garbage?)
502fe6d2-b3ec-4f80-bad4-33d2d82eb928,2024年度 サプライチェーン管理表(1).xlsx,テクノ大西大阪支店,COMP-1105,No Match,,,0,0,0,0,ORPHAN (Garbage?)
0292b18d-2f4e-4eb2-b487-0e084ab0c331,TST,テイ・エステック(株),COMP-1118,Exact Code,TST,テイ・エステック,0,0,0,0,KEEP (Matched)
9c2c211e-f70a-428b-8388-fc59d7a6f1e4,TEC02,テック,COMP-1107,No Match,,,0,0,0,0,ORPHAN (Garbage?)
f7993240-f2bf-43d2-b5de-3afa60f479e9,TMT3,テムテック研究所,COMP-1109,No Match,,,0,0,0,0,ORPHAN (Garbage?)
0acf0559-a07d-4459-aa54-3f814a001099,TRD2,テラダイ鶴ヶ島,COMP-1110,Exact Name,TRD,テラダイ鶴ヶ島,0,0,0,0,KEEP (Matched)
2a49be59-a5b5-43d9-abb4-6faf1787f229,Thumbs.db-2,テーダブリュ電気,COMP-1111,Exact Name,TWD,テーダブリュ電気,0,0,0,0,KEEP (Matched)
c89a7e1f-f28f-4bc9-b913-2d2630e54815,SOB01,Ｔ.Ｓ.インダストリー(旧創美),COMP-1112,No Match,,,0,0,0,0,ORPHAN (Garbage?)
7430c531-bb0f-432e-be1d-c691588986de,TYK02,ＴＹＫ,COMP-1114,No Match,,,0,0,0,0,ORPHAN (Garbage?)
957e86c4-730a-4bc3-ac5c-c3ace4df7677,T2T,ﾃｨｰﾂｰ,COMP-1117,No Match,,,0,0,0,0,ORPHAN (Garbage?)
7d9733ca-6aa1-4059-8a7a-f9d4e10bf722,DBR,dブロード,COMP-1120,No Match,,,0,0,0,0,ORPHAN (Garbage?)
f3b33f96-535f-4832-92f6-699b13a1a62f,DIK4,ディック☆,COMP-1122,No Match,,,0,0,0,0,ORPHAN (Garbage?)
1674a3a8-d0ea-49f4-a249-12bcb381d577,SEW-001-B,ディ・エム・シー(R5.1.1より㈱ディ⁻エム・シーと合併・シーズウェアより社名変更）,COMP-1123,No Match,,,0,0,0,0,ORPHAN (Garbage?)
a1e071ac-4335-4c05-881c-e4d1e1c7a501,DPL,ディープラ,COMP-1125,No Match,,,0,0,0,0,ORPHAN (Garbage?)
fa18b0fe-62de-4c02-adbc-c527033d1364,DIM2,デイム,COMP-1126,No Match,,,0,0,0,0,ORPHAN (Garbage?)
56bcb475-0e6d-445d-be7f-0b25fb3da6c9,DNS-001BT(20111214).xls,デンソー,COMP-1127,No Match,,,0,0,0,0,ORPHAN (Garbage?)
2dd9fc3f-7910-4d3b-bb81-72d287599f11,DNS3,デンソーウェーブ,COMP-1128,No Match,,,0,0,0,0,ORPHAN (Garbage?)
f84f2383-7cc2-46ff-aff0-d0f04dfc5c2d,TOD2,TODA,COMP-1129,No Match,,,0,0,0,0,ORPHAN (Garbage?)
770667c8-3376-434a-be7d-998ceaba3cf1,TUT,トウト工機,COMP-1131,No Match,,,0,0,0,0,ORPHAN (Garbage?)
534148ed-c030-483d-8163-bb70b20dec11,TKS4,トキ商会,COMP-1132,Exact Name,TKS,トキ商会,0,0,0,0,KEEP (Matched)
499fde05-9adf-486c-98d6-f61d19e73dd3,OPN,トプコン山形白河工場(旧㈱ｵﾌﾟﾄﾈｸｻｽ),COMP-1134,No Match,,,0,0,0,0,ORPHAN (Garbage?)
ccb0fa13-86ef-49f8-bb1f-342a7d5f3d05,TMS2,トマススパイラル工業所,COMP-1135,No Match,,,0,0,0,0,ORPHAN (Garbage?)
cedb1a72-f542-441c-8f3e-1872d64b225e,TME,トモエレクトロ,COMP-1136,No Match,,,0,0,0,0,ORPHAN (Garbage?)
3782b6c2-a0dc-4bba-a548-b938c7525e80,TKM5,トーカイ･エム,COMP-1137,No Match,,,0,0,0,0,ORPHAN (Garbage?)
2210fdf8-69d2-4f98-a999-b780f822529d,TKB,ﾄｺ・ﾋﾞｰｽﾞ,COMP-1142,No Match,,,0,0,0,0,ORPHAN (Garbage?)
1ab130c4-e965-4a37-be81-929ed697136c,DIC2,ＤＩＣ,COMP-1143,No Match,,,0,0,0,0,ORPHAN (Garbage?)
00611459-a33a-48d4-8fc3-8bdb1af8264a,TPR,TPRエンプラ,COMP-1144,No Match,,,0,0,0,0,ORPHAN (Garbage?)
96cbb9cd-bb6a-406b-9ee2-586ed8988a68,TKW2,ＴＫＫワークス,COMP-1145,No Match,,,0,0,0,0,ORPHAN (Garbage?)
95eeed0e-67fa-436c-b14a-76c77fa7648b,TMT5,ＴＭＴマシナリー,COMP-1146,No Match,,,0,0,0,0,ORPHAN (Garbage?)
c2c60845-fca6-4481-ab68-f6e7cd05c05c,CRJ,ｭﾁｭﾝﾃィﾝｼﾞｬﾊﾟﾝ（ｸﾘｴｰｼｮﾝジャパン),COMP-1148,No Match,,,0,0,0,0,ORPHAN (Garbage?)
aaceb703-8936-4e1d-804b-64c3a56df664,NKE01,ナカエ電子,COMP-1150,Exact Name,NKE,ナカエ電子,0,0,0,0,KEEP (Matched)
b8204939-6711-4ff3-94d7-ad19d16047da,1NPC-Tシリーズ梱包仕様(20230517).xlsx,ナガセプラスチックス☆,COMP-1151,No Match,,,0,0,0,0,ORPHAN (Garbage?)
d8d4f1bb-fe24-46c4-871c-d298aab96b50,NNS,ナンシン機工,COMP-1152,No Match,,,0,0,0,0,ORPHAN (Garbage?)
b5660484-309b-41fc-ba6f-fb621f17c09a,NKH01,中原大貫製作所,COMP-1153,No Match,,,0,0,0,0,ORPHAN (Garbage?)
9e5afabe-bc95-4c82-942f-878c1ca9aae1,NKO2,中尾研磨材工業,COMP-1154,No Match,,,0,0,0,0,ORPHAN (Garbage?)
09c28692-1ec2-482c-a6f6-229cb83048cf,KGK,甲賀高分子(株),COMP-493,Exact Code,KGK,甲賀高分子,0,0,0,0,KEEP (Matched)
15e3ccb9-4a49-4fdf-abda-77016929bf5d,MAT,(株)エムエイティ,,Exact Code,MAT,エムエイティ,0,0,0,0,KEEP (Matched)
beb314d8-b1bc-485b-917a-7f02971ac119,NKG2,中川製作所,COMP-1157,No Match,,,0,0,0,0,ORPHAN (Garbage?)
aadea4db-b575-4140-8a93-8bed65e1d1ef,NKM02,中村工機,COMP-1158,Exact Name,NKM,中村工機,0,0,0,0,KEEP (Matched)
c3b0e6ba-5d1c-4560-b93a-b68a0c337a61,NKM4,中村製作所,COMP-1159,No Match,,,0,0,0,0,ORPHAN (Garbage?)
388f4dbc-5d0e-42b1-afb0-dde2c8b3f354,NKM3,中村超硬,COMP-1160,No Match,,,0,0,0,0,ORPHAN (Garbage?)
69b53415-502a-424e-ae36-32fe364d64e0,NNY,中根屋機工,COMP-1161,No Match,,,0,0,0,0,ORPHAN (Garbage?)
425e2d07-8e1e-46ef-bec5-7e30af04bb56,MBC,(株)エム・ビー・シー,CUST-207,Exact Code,MBC,エム・ビー・シー,0,6,0,6,KEEP (Matched)
7b26701d-4672-409b-96f0-4bcddda3741d,AGS,内外産業(20221202付価格改定見積りは2023.1受注分から適用）,COMP-1163,No Match,,,0,0,0,0,ORPHAN (Garbage?)
460f34d1-5584-47a3-adbc-c19e1d0d4263,MKP-003,奈良工業所,COMP-1164,Exact Name,NRK,奈良工業所,0,0,0,0,KEEP (Matched)
e05a579f-8cbf-4c01-97e2-4384c97c2ecc,NGI,永井鉄工所,COMP-1165,No Match,,,0,0,0,0,ORPHAN (Garbage?)
a15b5f1c-01a5-4ae2-a4a4-f65405718b6b,STK2,長岡紙器工業（旧昭徳工業),COMP-1166,No Match,,,0,0,0,0,ORPHAN (Garbage?)
4c4b6f16-72d3-431f-811c-a349dd025fda,NGN2,長野弘輝,COMP-1167,No Match,,,0,0,0,0,ORPHAN (Garbage?)
8a6bca16-b54d-4df7-a2a1-536ac47af74d,NAP,(株)新潟アパタイト,COMP-1180,Exact Code,NAP,新潟アパタイト,0,0,0,0,KEEP (Matched)
28016e32-a2ea-4ffa-9f5f-b109fc4de87f,NGN01,長野県協同紙工業,COMP-1169,No Match,,,0,0,0,0,ORPHAN (Garbage?)
206e8afb-bb67-4875-b3c1-dc2986b10b96,A-024-1テスト用ｻﾝﾌﾟﾙ(080131).xls,ニシムラ,COMP-1171,No Match,,,0,0,0,0,ORPHAN (Garbage?)
b9ed026c-46f0-4cbc-95c0-1ca22d91bb76,NWN01,ニワノ,COMP-1172,Exact Name,NWN,ニワノ,0,0,0,0,KEEP (Matched)
771a56a9-b7b2-4741-8311-cd83cfcfd061,NHD,日本電計(株),COMP-1201,Exact Code,NHD,日本電計,0,0,0,0,KEEP (Matched)
8bf1ca46-7277-40cf-bd43-ab4c7dcfed45,NNM2,二宮電線工業,COMP-1174,No Match,,,0,0,0,0,ORPHAN (Garbage?)
cf554745-40b5-4e77-bd34-8b7901f1362e,NHI01,仁瓶製作所,COMP-1175,Exact Name,NHI,仁瓶製作所,0,0,0,0,KEEP (Matched)
a79e12ed-980f-41af-9ec6-4a6335af9951,NMR,新村上田支店,COMP-1176,No Match,,,0,0,0,0,ORPHAN (Garbage?)
221a9e61-b163-4534-86c6-620eed824ec7,NMR-2,新村新潟支店,COMP-1177,No Match,,,0,0,0,0,ORPHAN (Garbage?)
26bf3967-1448-435a-86ae-156f1c6c2421,NMR3,新村松本支店,COMP-1178,No Match,,,0,0,0,0,ORPHAN (Garbage?)
70dc7b77-163d-4cbe-953d-e04e332c65ab,NRO,(株)鳴尾商店,COMP-1170,Exact Code,NRO,鳴尾商店,0,0,0,0,KEEP (Matched)
0e48813d-827c-4588-adf0-ec71fd8136bd,NKS03,日三化成☆,COMP-1182,No Match,,,0,0,0,0,ORPHAN (Garbage?)
6e95f45b-1921-49d4-a8a6-ebc1c271abab,NKS4,日光精器,COMP-1183,No Match,,,0,0,0,0,ORPHAN (Garbage?)
1daf3bd1-ae6c-4108-8d7b-e5d60642c66c,TCT-001,日星電気,COMP-1185,Exact Name,NSD,日星電気,0,0,0,0,KEEP (Matched)
8c445cea-53d8-4edb-ba9c-3ff06efc0707,TKM,トーキンミディアン(株),COMP-1141,Exact Code,TKM,トーキンミディアン,0,0,0,0,KEEP (Matched)
4b845b3d-1fa6-48e3-a0f1-4247be40dc68,NHN01,日本エムテック,COMP-1188,No Match,,,0,0,0,0,ORPHAN (Garbage?)
ffe514bc-1be7-4e66-a386-cd9b4d87664e,NHC01,日本コネクト工業,COMP-1189,Exact Name,NHC,日本コネクト工業,0,0,0,0,KEEP (Matched)
44c533b8-cf4d-4753-8d30-5177b9fa0f9f,KOS3,日本コンテック仙台(営)20211207以降新規取引停止,COMP-1190,No Match,,,0,0,0,0,ORPHAN (Garbage?)
b23b966f-9df5-405f-b5d1-67f026aeb933,2024.9.1,日本コンテック八王子20211207以降新規取引停止,COMP-1191,No Match,,,0,0,0,0,ORPHAN (Garbage?)
6372bda5-d8b8-4302-911a-f7b8efc6d8ef,TLK,トークシステム(株),COMP-1138,Exact Code,TLK,トークシステム,0,0,0,0,KEEP (Matched)
36a110bf-c929-4367-8d5a-aba274065d84,NPL2,日本プラスチック工業☆,COMP-1193,No Match,,,0,0,0,0,ORPHAN (Garbage?)
7d6023a8-4fe4-440a-8db6-84e7e9dbbc32,NML-001,日本マテリアル,COMP-1195,Exact Name,NML,日本マテリアル,0,0,0,0,KEEP (Matched)
ae6d7ab8-7df3-41f1-8059-10b9de633fc1,A-012-1(20120726).xls,日本ミクロン,COMP-1196,No Match,,,0,0,0,0,ORPHAN (Garbage?)
e974a64a-4412-41e5-8d3f-82d7949d6d99,NUD,日本ユニバーサル電気,COMP-1199,No Match,,,0,0,0,0,ORPHAN (Garbage?)
cdeea7d5-b725-46df-aeb3-c85a35b7cfe3,NJK,日本情報機械,COMP-1200,No Match,,,0,0,0,0,ORPHAN (Garbage?)
41eb2728-439e-4894-9c73-a406166f11c2,NTK2,日本特殊工業,COMP-1202,No Match,,,0,0,0,0,ORPHAN (Garbage?)
78cd50ad-302b-4326-8760-547677ceb114,NSD4,日本精密電子,COMP-1203,No Match,,,0,0,0,0,ORPHAN (Garbage?)
6563c536-42b2-4f35-8292-0f3bee10f6b1,NCD1,日本蓄電器工業,COMP-1204,No Match,,,0,0,0,0,ORPHAN (Garbage?)
a6b5db52-7464-477f-a483-dc693c3aee65,NDK2,日本電子工業,COMP-1205,No Match,,,0,0,0,0,ORPHAN (Garbage?)
37484781-b6af-489e-af92-02c73d52dc18,MBK,松原金属工業(株),COMP-1466,Exact Code,MBK,松原金属工業,0,1,0,1,KEEP (Matched)
95a9f223-c754-40f8-b686-b3e63514c837,NHD-2,日本電計,COMP-1207,Exact Name,NHD,日本電計,0,0,0,0,KEEP (Matched)
ef438bb9-91fc-4b04-83bc-0b985c51721b,NHD4,日本電計名古屋営業所,COMP-1208,No Match,,,0,0,0,0,ORPHAN (Garbage?)
9b6ff43c-9df3-4d64-a07a-32edf8e1ed43,NHD5,日本電計山梨営業所,COMP-1209,No Match,,,0,0,0,0,ORPHAN (Garbage?)
1303b234-0a9b-4c81-9a12-fe315b7d70c3,MBM,三菱マテリアル(株)セラミック工場,CUST-208,Exact Code,MBM,三菱マテリアル(株)セラミック工場,0,5,0,5,KEEP (Matched)
551c15a2-2f3b-41d1-a2cd-e9306e271834,MKP-003（20100315）.xls,日本ｻﾞﾝﾊﾟｯｸ,COMP-1211,No Match,,,0,0,0,0,ORPHAN (Garbage?)
b63905c8-c620-4664-a54b-65fc13e04150,AP24（20100210）.xls,日本ﾋﾞｼﾞﾈｽﾛｼﾞｽﾃｨｸｽ,COMP-1212,No Match,,,0,0,0,0,ORPHAN (Garbage?)
de0c0465-6472-4201-905a-dad3179918d3,NTB,日東部品,COMP-1213,No Match,,,0,0,0,0,ORPHAN (Garbage?)
8b4da378-549c-464d-bd38-24550b3b47db,000,日東電機,COMP-1214,Exact Name,NIT,日東電機,0,0,0,0,KEEP (Matched)
0e87c632-805b-42f6-9c1c-0459768adec7,NKN,日研工業,COMP-1216,No Match,,,0,0,0,0,ORPHAN (Garbage?)
5b17ae3f-9c48-4e2e-b00c-0d9b035875c2,NSD3,日精電機,COMP-1218,No Match,,,0,0,0,0,ORPHAN (Garbage?)
09f4eb98-a0f7-454b-8374-56e597a9affe,ICｶｰﾄﾞﾘｰﾀﾞｰ受領書回収.xlsx,日通NECロジスティクス☆,COMP-1220,No Match,,,0,0,0,0,ORPHAN (Garbage?)
a02f9b75-18a0-4938-8c08-2f5505e8d21b,NSN,日進精機,COMP-1221,No Match,,,0,0,0,0,ORPHAN (Garbage?)
81117646-3812-4e96-8f80-08f5c87f9544,NIP2,日邦メカトロニクス,COMP-1222,No Match,,,0,0,0,0,ORPHAN (Garbage?)
df739ec3-b732-44c0-abfc-6e8233b2214d,NPD,日邦電機,COMP-1223,No Match,,,0,0,0,0,ORPHAN (Garbage?)
4a364060-a7d8-4033-9d00-8d703eaa8a14,NSI01,西居製作所,COMP-1224,Exact Name,NSI,西居製作所,0,0,0,0,KEEP (Matched)
53be898a-4a73-4085-9c2b-ae3f498b17bd,NKK2,西川工具,COMP-1225,No Match,,,0,0,0,0,ORPHAN (Garbage?)
0368c83c-0043-4137-9166-ab0627c9c6ea,NKW2,西川産業,COMP-1226,No Match,,,0,0,0,0,ORPHAN (Garbage?)
a178607c-2d27-4085-966a-d6b6dc89217b,NNR,西日本ラジオ,COMP-1227,No Match,,,0,0,0,0,ORPHAN (Garbage?)
7da9d803-8c34-43ea-9fd1-7be1f5c17552,NMK2,西本工機,COMP-1228,No Match,,,0,0,0,0,ORPHAN (Garbage?)
6af912a1-f635-46e5-922e-de60a77b4dcf,NSM3,西村,COMP-1229,Exact Name,NSM,西村,0,0,0,0,KEEP (Matched)
b72a0a87-d2fd-4b23-a24a-48fa86efa2a4,NMK3,西村ケミテック,COMP-1230,No Match,,,0,0,0,0,ORPHAN (Garbage?)
26e872d7-4ae2-4d72-828a-a845e3c95a96,MBT,三菱電機トレーディング(株),COMP-1486,Exact Code,MBT,三菱電機トレーディング,0,0,0,0,KEEP (Matched)
7740cfde-f299-4429-acd2-7b6c3989b638,MCM,エムコマース(株),COMP-294,Exact Code,MCM,エムコマース,0,0,0,0,KEEP (Matched)
b75c67c2-e462-4d0e-9748-f0a8ec7f2b2c,NSD2,西田製作所,COMP-1233,No Match,,,0,0,0,0,ORPHAN (Garbage?)
d259774b-1b9f-4da0-8cab-f4e49480938f,A-016-1,西谷精巧舎,COMP-1234,Exact Name,NST,西谷精巧舎,0,2,0,2,KEEP (Matched)
9fcac77d-8ea0-4f05-9f3e-7904c9695273,NKS02,西軽精機,COMP-1235,No Match,,,0,0,0,0,ORPHAN (Garbage?)
71122235-c95a-40a2-9a53-8c1859c7dc6c,OTM4,能代オリエンタルモーター,COMP-1237,No Match,,,0,0,0,0,ORPHAN (Garbage?)
097c88c4-11e3-477b-a5fb-45881ffbe89c,NJM,野島製作所,COMP-1240,No Match,,,0,0,0,0,ORPHAN (Garbage?)
b2cd3308-e40c-4a56-acae-bf533236a547,NKA,ナカアキ,COMP-1241,No Match,,,0,0,0,0,ORPHAN (Garbage?)
103c7d1d-c19b-4efd-be6c-4148c8c6ed91,NKZ2,ナカザワ,COMP-1242,No Match,,,0,0,0,0,ORPHAN (Garbage?)
707a0046-e799-4ebc-8ff5-0fc0dd98166c,NKJ2,ナカジマ,COMP-1243,Exact Name,NKJ,ナカジマ,0,0,0,0,KEEP (Matched)
8e90052b-9f79-430a-b25d-635ea517bbac,NKS3,ナカセイ,COMP-1244,No Match,,,0,0,0,0,ORPHAN (Garbage?)
5b7f369f-cd37-4fa0-8585-3fbd05cbd2a1,NKT2,ナカタニ,COMP-1245,No Match,,,0,0,0,0,ORPHAN (Garbage?)
078c21f5-8877-45be-a314-64d3babb35a3,NKY-001,ナカヤマ,COMP-1246,Exact Name,NKY,ナカヤマ,0,0,0,0,KEEP (Matched)
29020285-d124-43a4-842d-670d6d055e6f,NFI,NISSHAエフアイエス,COMP-1251,No Match,,,0,0,0,0,ORPHAN (Garbage?)
de560842-86c7-4d17-bccd-cc8042401efe,NST2,ニシトモ,COMP-1252,No Match,,,0,0,0,0,ORPHAN (Garbage?)
18852db5-9fc6-401d-860b-f70ae375a09d,NCB,ニチベイパーツ,COMP-1254,No Match,,,0,0,0,0,ORPHAN (Garbage?)
e02d5bf8-e608-4318-b3aa-43beced43a7a,NIK2,ニッコー精機,COMP-1255,Exact Name,NIK,ニッコー精機,0,0,0,0,KEEP (Matched)
1171948d-2f0d-42e7-b76a-d2eccfd5aa91,NTS01,ニット―紙業,COMP-1256,No Match,,,0,0,0,0,ORPHAN (Garbage?)
b752863e-f3ec-4357-a439-3d0724095867,CPL-001B,ニデックコンポーネンツ(旧日本電産コパル電子),COMP-1257,No Match,,,0,0,0,0,ORPHAN (Garbage?)
ab0fef88-b6b4-4508-81fe-36592f2fccc4,NPR-001,ニプロファーマ,COMP-1259,No Match,,,0,0,0,0,ORPHAN (Garbage?)
42e69a98-92f5-48ee-b9d1-2db655452745,NPR-002（20170818)初回.xlsx,ニプロ総合研究所,COMP-1260,No Match,,,0,0,0,0,ORPHAN (Garbage?)
542f7c5a-1aa9-4a13-bfba-3bb049f2c7d9,NPK2,ニューパッケージ,COMP-1261,No Match,,,0,0,0,0,ORPHAN (Garbage?)
7f845dfe-971f-40cf-9130-a12af3e17e21,NPL3,ニュープラン,COMP-1262,No Match,,,0,0,0,0,ORPHAN (Garbage?)
decade2e-853c-4c9c-aa8e-5c5f1fd08b5f,NKT,二コテクス≪取引停止≫,COMP-1264,No Match,,,0,0,0,0,ORPHAN (Garbage?)
2405d0de-903f-4665-9f07-4f754a862f7b,NEO,NEOMAXｴﾝｼﾞﾆｱﾘﾝｸﾞ,COMP-1267,No Match,,,0,0,0,0,ORPHAN (Garbage?)
fb2bd473-2c44-43b0-a71c-91f205fd27eb,NRT,郵船航空サービス(株) 成田ロジスティックス課,COMP-1277,Exact Code,NRT,郵船航空サービス(株) 成田ロジスティックス課,0,0,0,0,KEEP (Matched)
11341340-33d9-4a6e-9211-c47d4a0ca714,HKH,浜松キハン(株),COMP-1291,Exact Code,HKH,浜松キハン,0,0,0,0,KEEP (Matched)
6bd97ccc-0af2-4a57-a6cd-208342ecb39e,MCR,(株)ミクロンプラスチックス,COMP-1546,Exact Code,MCR,ミクロンプラスチックス,0,0,0,0,KEEP (Matched)
d2966339-5081-4d87-a4c6-5802f3581416,MDE,(株)M・D・エンジニアリング,COMP-265,Exact Code,MDE,M・D・エンジニアリング,0,0,0,0,KEEP (Matched)
e2bcd90d-4daa-452c-b0fb-671109561b98,NBR,(株)ノボル電機製作所,COMP-1276,Exact Code,NBR,ノボル電機製作所,0,0,0,0,KEEP (Matched)
2615787d-9ea4-4a4a-b23d-5897c142c821,NXS,ネクサス化成(株),COMP-1268,Exact Code,NXS,ネクサス化成,0,0,0,0,KEEP (Matched)
384954ed-85e2-43a6-96c0-32e5a3d0109d,MDR,(株)モデラート工房,COMP-1582,Exact Code,MDR,モデラート工房,0,0,0,0,KEEP (Matched)
1e248860-d791-4450-9186-ea341602a2bf,NXT,ネクスト,COMP-1269,No Match,,,0,0,0,0,ORPHAN (Garbage?)
cfc23dcf-8e75-489f-9151-71d315062cff,NKP-001,ネコ･パブリッシング,COMP-1270,No Match,,,0,0,0,0,ORPHAN (Garbage?)
30c54484-9d91-4b2e-9403-c593734d1c14,NSE-001,根本特殊化学(旧ネモトセンサエンジニアリング(ﾈﾓﾄｾﾝｻｴﾝｼﾞﾆｱﾘﾝｸﾞ→根本特殊化学と合併）元会社違い住所注意,COMP-1272,No Match,,,0,0,0,0,ORPHAN (Garbage?)
2f6eeb03-e18a-436d-b5e0-046e2b8b1bd7,NBE,ノボルエンジニアリング,COMP-1274,No Match,,,0,0,0,0,ORPHAN (Garbage?)
a234e707-9abb-4aa9-a77d-8722358ecb87,NBR2,ノボル電機,COMP-1275,No Match,,,0,0,0,0,ORPHAN (Garbage?)
8ad8c667-70a9-4340-a02f-e0b41657d496,BNS-001-B(20100910).xls,BNS,COMP-1278,No Match,,,0,0,0,0,ORPHAN (Garbage?)
94a9dff4-cb40-4b61-886e-9e9f845ea338,HPS-RYK004.xls,ハイパックスサトウ,COMP-1279,No Match,,,0,0,0,0,ORPHAN (Garbage?)
465232e2-c043-49ab-956e-1a5f1619e5c4,HIB02,ハイブリッド,COMP-1280,No Match,,,0,0,0,0,ORPHAN (Garbage?)
18b60749-c337-4be9-8b93-f87b17b1ac09,HJK01,八丈興発,COMP-1282,No Match,,,0,0,0,0,ORPHAN (Garbage?)
70cb1ad3-d51d-4029-b19a-22956cf2436e,HGE,原口エンジンニア,COMP-1283,No Match,,,0,0,0,0,ORPHAN (Garbage?)
ea28fa49-05f2-4a47-a211-018d018e7fc5,HYT-001,林テレﾝﾌﾟ,COMP-1285,No Match,,,0,0,0,0,ORPHAN (Garbage?)
5dc40b23-03e8-41a8-b877-8b09433136bc,HYD,林電工,COMP-1286,No Match,,,0,0,0,0,ORPHAN (Garbage?)
54d48d46-1df3-43d6-aa2e-c8e87480d070,HSM2,橋本商工,COMP-1287,No Match,,,0,0,0,0,ORPHAN (Garbage?)
2308943d-ac8c-4b09-b48c-51e2bd4542c7,HSM,橋本精密工業,COMP-1288,No Match,,,0,0,0,0,ORPHAN (Garbage?)
e1765fcc-f7dc-4571-b998-5c07bb4f5b6e,HMG,浜松ガスケット,COMP-1290,No Match,,,0,0,0,0,ORPHAN (Garbage?)
5071c091-4397-4087-bc5a-6e887ced0636,1-4,浜松ホトニクス☆,COMP-1292,No Match,,,0,0,0,0,ORPHAN (Garbage?)
1b420a8d-a19b-4bca-ab8f-1aaea72dc0cb,G-100-1（20100809）.xls,浜松電子プレス,COMP-1294,No Match,,,0,0,0,0,ORPHAN (Garbage?)
32d0643f-2711-4a74-a384-ce95598aa643,HMD3,浜田,COMP-1295,No Match,,,0,0,0,0,ORPHAN (Garbage?)
f51e69cb-1ea8-45b2-a47a-8af23a12c8ae,HAK2,白山飯能支店,COMP-1297,No Match,,,0,0,0,0,ORPHAN (Garbage?)
1f706890-46bb-4fb6-90d7-edb3fcea749f,HMR,羽村金型,COMP-1299,No Match,,,0,0,0,0,ORPHAN (Garbage?)
e9a1acc1-a94b-4b95-ab05-273c0f6fe9ff,HGR,羽黒精工,COMP-1300,No Match,,,0,0,0,0,ORPHAN (Garbage?)
5d62f782-55fe-4647-b85c-2f29a61b836c,HOK01,花岡金属,COMP-1301,No Match,,,0,0,0,0,ORPHAN (Garbage?)
284a88bb-ed9b-432f-8148-e4a715e17c57,HYM2,葉山工業,COMP-1302,No Match,,,0,0,0,0,ORPHAN (Garbage?)
59efeacd-9b50-46c0-a2ae-390cf99c0027,PWJ,パワージェクト,COMP-1305,No Match,,,0,0,0,0,ORPHAN (Garbage?)
988d58d8-2c43-4340-8799-a9ef02e411d2,PNS-004,ﾊﾟﾅｿﾆｯｸｺﾈｸﾄ社,COMP-1307,No Match,,,0,0,0,0,ORPHAN (Garbage?)
326d7242-145e-45a0-b380-395b8677cc6d,A-010-1（20160121）.xls,ヒロテック,COMP-1308,No Match,,,0,0,0,0,ORPHAN (Garbage?)
718020f2-abb7-4255-95fe-caf7dd244673,HKR2,ヒカリ電子工業,COMP-1310,No Match,,,0,0,0,0,ORPHAN (Garbage?)
3e74016c-2c7d-4fde-a6a8-ed3fcb5c0b64,HRI,平井精密工業,COMP-1313,No Match,,,0,0,0,0,ORPHAN (Garbage?)
222b4d1f-1dad-4f95-b95f-0c4660534a82,HRY,平山精機,COMP-1315,No Match,,,0,0,0,0,ORPHAN (Garbage?)
e0beedea-302b-4f39-8759-f351c7c3fb8c,HRH2,平河ヒューテック,COMP-1317,Exact Name,HRH,平河ヒューテック,0,0,0,0,KEEP (Matched)
8d962bfc-5af3-42dc-9373-eb21facb053e,HRK2,廣木精機製作所,COMP-1319,No Match,,,0,0,0,0,ORPHAN (Garbage?)
d0774424-d11b-4f5c-ae0a-73f50030da65,HNM,日乃本錠前,COMP-1320,No Match,,,0,0,0,0,ORPHAN (Garbage?)
d4ce7012-d8d9-4f4c-8c1b-cbf373c2df4e,SUW01,日立Astemo(旧ショーワ)☆,COMP-1322,No Match,,,0,0,0,0,ORPHAN (Garbage?)
23490aeb-35f3-415c-9561-10f4559a5e1b,HTC5,日立ｵｰﾄﾓﾃｨﾌﾞｼｽﾃﾑｽﾞﾋﾞｼﾞﾈｽｻｰﾋﾞｽ,COMP-1325,No Match,,,0,0,0,0,ORPHAN (Garbage?)
b63c42f2-d25b-4c11-88fc-178088bf765e,HTC04,日立ｹｰﾌﾞﾙﾌﾟﾚｼｼﾞｮﾝ,COMP-1326,No Match,,,0,0,0,0,ORPHAN (Garbage?)
6436f4f7-7d41-44ac-bc6c-cb9c0e90930c,HNK2,東日本電子計測,COMP-1328,No Match,,,0,0,0,0,ORPHAN (Garbage?)
fac6a672-a18b-4991-9471-2d31200b9a2a,HGD2,樋口ダイカスト,COMP-1329,No Match,,,0,0,0,0,ORPHAN (Garbage?)
53a8b7cb-62a9-4fa5-bf80-b46f9be75487,BKG,美光技研,COMP-1330,No Match,,,0,0,0,0,ORPHAN (Garbage?)
fa20aabb-09f3-4732-9548-40204f84d2dd,G-100-1(20130329).xls,フィガロ技研,COMP-1331,No Match,,,0,0,0,0,ORPHAN (Garbage?)
9563cf41-2b12-4cfe-8e88-8bfa0e55ff98,FGS01,フジソク,COMP-1332,No Match,,,0,0,0,0,ORPHAN (Garbage?)
f2fb37ff-2d4c-46c5-97fb-05ffbb20192e,FJD02,フジ電科,COMP-1333,Exact Name,FJD,フジ電科,0,0,0,0,KEEP (Matched)
b2d03aa2-ce69-4961-b628-2783ef001282,PLS01,プラス,COMP-1334,No Match,,,0,0,0,0,ORPHAN (Garbage?)
ea7f2330-b3ab-4c01-9d48-ef5819df6bfd,FRK,古川工業所,COMP-1336,No Match,,,0,0,0,0,ORPHAN (Garbage?)
8391a786-1985-4741-8f6a-f579c10f30e6,HNK,(株)ハルナ工業,COMP-1391,Exact Code,HNK,ハルナ工業,0,0,0,0,KEEP (Matched)
ac5db5e5-ff63-414c-b4d5-df0b2112352c,MTY-001（20100323）.xls,富士フイルム,COMP-1338,No Match,,,0,0,0,0,ORPHAN (Garbage?)
218fca5b-08a8-4c10-ade8-875dc6ca91d0,SG-001(B)(20190717).xlsx,富士フイルムメディアクレスト☆,COMP-1339,No Match,,,0,0,0,0,ORPHAN (Garbage?)
d2374150-45bb-48d4-89cd-3b05f9324029,HSY,細谷精機(株),COMP-1383,Exact Code,HSY,細谷精機,0,0,0,0,KEEP (Matched)
df92f619-9f04-435c-93b5-3fdc204753e2,F-080-1,富士梱包紙器☆,COMP-1341,No Match,,,3,1,0,4,ORPHAN WITH FKS (Requires Manual Check)
578f3598-0817-4fa4-8eb9-5f5c376361ca,FJS2,富士製作所,COMP-1342,No Match,,,0,0,0,0,ORPHAN (Garbage?)
cf85b1dc-9be0-43bb-b0b8-a2bb9f0bfbd6,HUY,(株)宝洋 横浜支店,COMP-1380,Exact Code,HUY,宝洋,0,1,0,1,KEEP (Matched)
27b48de3-14c2-45c4-ab79-80697d4ed8d6,HWG,平和ゴム商工(株),COMP-1366,Exact Code,HWG,平和ゴム商工,0,0,0,0,KEEP (Matched)
81664433-6bdb-46b2-8deb-f9ae28cb806c,FKE01,深江工作所,COMP-1345,Exact Name,FKE,深江工作所,0,0,0,0,KEEP (Matched)
caa7556f-4963-42d8-be6b-7dae2e8228ad,FKS2,深沢製作所(神奈川県),COMP-1346,No Match,,,0,0,0,0,ORPHAN (Garbage?)
aeaa607c-e57d-4522-8b8c-6e1da0bdc643,FKS5,深沢製作所(長野県),COMP-1347,No Match,,,0,0,0,0,ORPHAN (Garbage?)
1a74290a-11be-41c8-9c38-40d8aa6a44c8,FKS,福島岩通,COMP-1349,No Match,,,0,0,0,0,ORPHAN (Garbage?)
fb4befbe-9440-414b-b8d3-17737a3fc814,FYS,芙蓉商会,COMP-1352,No Match,,,0,0,0,0,ORPHAN (Garbage?)
d6875093-8525-4917-bbe1-193ece9a7e5b,FJP3,藤プレス工業,COMP-1353,No Match,,,0,0,0,0,ORPHAN (Garbage?)
a99ee694-1130-467c-9d02-133086f4e326,FJI,藤井製作所,COMP-1354,No Match,,,0,0,0,0,ORPHAN (Garbage?)
90a77a2f-c6e3-436e-8c49-8f7a9766041c,FJW,藤原製作所,COMP-1355,No Match,,,0,0,0,0,ORPHAN (Garbage?)
884d79e7-d076-42cd-808b-08d123bd68b8,FKG2,藤工業,COMP-1357,No Match,,,0,0,0,0,ORPHAN (Garbage?)
c9234145-ac0a-4c71-b6e5-4e88b242918f,FPP,藤本パイピング,COMP-1358,No Match,,,0,0,0,0,ORPHAN (Garbage?)
49bddeec-70d6-4abb-9067-e8c98fd9a620,FDS,藤田電機製作所,COMP-1359,No Match,,,0,0,0,0,ORPHAN (Garbage?)
fdbb19db-38ff-4842-9df4-aa685b7bc206,BRI,ブライト,COMP-1360,No Match,,,0,0,0,0,ORPHAN (Garbage?)
d67aee8b-d3c2-4b23-b1b1-596551b752b9,BSK,武州工業,COMP-1361,No Match,,,0,0,0,0,ORPHAN (Garbage?)
b37910b1-322d-497c-905b-dfd54eedcb39,BLU,ﾌﾞﾙｰﾌｨｰﾙﾄﾞ,COMP-1362,No Match,,,0,0,0,0,ORPHAN (Garbage?)
559e4c88-e70f-4b99-b0bc-7613c12e3102,E-040-1(20120207)馬込成形.xls,プラテクノ★,COMP-1363,No Match,,,0,0,0,0,ORPHAN (Garbage?)
a3289a16-9c7f-4364-891d-95bd14b4cefb,PLT02,ﾌﾟﾗﾃｯｸｽ,COMP-1364,No Match,,,0,0,0,0,ORPHAN (Garbage?)
2ddbbd62-1833-4fd1-ae6c-3388c006893b,HIW01,平和工業,COMP-1365,No Match,,,0,0,0,0,ORPHAN (Garbage?)
8713b61f-1a9a-4ca6-8a80-3ec5001d7cb3,G-020-1（091106）.xls,堀内精工,COMP-1368,No Match,,,0,0,0,0,ORPHAN (Garbage?)
61ebac1c-6276-4e71-8050-012a65717e51,HRT01,ホリテック(有限会社ホリテック神奈川県),COMP-1370,No Match,,,0,0,0,0,ORPHAN (Garbage?)
5dad3974-1368-4b2d-a7c0-f47c6158c5bc,HSK-001,ホープ精工,COMP-1371,No Match,,,0,0,0,0,ORPHAN (Garbage?)
705cb6d7-15e1-41b9-95b1-ec2b6712538d,G-100-1(20100326).xls,北信ｴﾝｼﾞﾆｱﾘﾝｸﾞ,COMP-1372,No Match,,,0,0,0,0,ORPHAN (Garbage?)
4b165d71-bdbd-4c27-ac84-b57d5f9cbdd9,E-025-1-PET(20150417).xlsx,北港商事,COMP-1374,No Match,,,0,0,0,0,ORPHAN (Garbage?)
c910919f-7414-4376-9e4e-7bebb9a17034,HSS2,北辰精工,COMP-1376,No Match,,,0,0,0,0,ORPHAN (Garbage?)
0128c645-e7ad-4e5a-ac1b-33e557e6996f,HIN-001,北陸アイエヌティ☆,COMP-1377,No Match,,,0,0,0,0,ORPHAN (Garbage?)
31964577-e760-421b-bf39-054e4358d8b9,HUS2,堀内産業,COMP-1378,No Match,,,0,0,0,0,ORPHAN (Garbage?)
cd17dc3f-8ee4-4352-97c4-77a7aef86282,HKK02,堀田光学工業,COMP-1379,Exact Name,HKK,堀田光学工業,0,0,0,0,KEEP (Matched)
b3105041-8bc5-409a-95a4-f1f575e8601a,HNM2,本間,COMP-1382,No Match,,,0,0,0,0,ORPHAN (Garbage?)
1d7c46ca-72a6-44b0-abbd-9be803cc2ea8,HJT,豊実精工,COMP-1384,No Match,,,0,0,0,0,ORPHAN (Garbage?)
24d921cf-72e6-48f7-a9db-a8169d316184,PWL,POSHWELLNESSLABORATORY,COMP-1385,No Match,,,0,0,0,0,ORPHAN (Garbage?)
fdefa665-dbd4-49e7-9e0c-2bed6e4c98e7,PLP,ポリプラスチックス,COMP-1386,No Match,,,0,0,0,0,ORPHAN (Garbage?)
2df983b9-36d1-47d9-96ba-0025a0d3072c,HPW,ハイパーウェブ,COMP-1387,No Match,,,0,0,0,0,ORPHAN (Garbage?)
c07de4ac-c975-44d2-8ff2-d1d138c9a036,HSB,ハセベ,COMP-1388,No Match,,,0,0,0,0,ORPHAN (Garbage?)
a35dec9c-5c94-4a66-8d59-0b4944c48b43,HTN,ハタノ製作所,COMP-1389,No Match,,,0,0,0,0,ORPHAN (Garbage?)
1109367a-a620-454a-afa3-8e9a9902575e,HMD2,ハマダ工商,COMP-1390,Exact Name,HMD,ハマダ工商,0,0,0,0,KEEP (Matched)
d1e02ca1-6440-4a09-978b-5945b761d6a2,BOT,バイオチューブ,COMP-1392,No Match,,,0,0,0,0,ORPHAN (Garbage?)
d7f63fb2-9cfc-43a2-b2a4-540937a3d170,SED3,バンダイナムコクラフト(旧シーズ),COMP-1393,No Match,,,0,0,0,0,ORPHAN (Garbage?)
81bec5f4-294c-49ae-b07b-e0629a67f287,VTC2,バンテック,COMP-1394,No Match,,,0,0,0,0,ORPHAN (Garbage?)
410c7b3b-dcf7-461a-abfe-894efea0f843,BDC,バンディック,COMP-1395,No Match,,,0,0,0,0,ORPHAN (Garbage?)
37c5d058-2026-42b9-a7e3-65cce27bf68b,VAN,バン工業用品,COMP-1396,No Match,,,0,0,0,0,ORPHAN (Garbage?)
6ec82694-ab03-4b40-b0b6-d28ed5adc4ce,PNS03,パナソニックAIS社,COMP-1397,No Match,,,0,0,0,0,ORPHAN (Garbage?)
4f7d7197-a991-43c2-a61b-22f98fd21ec4,PNS4,パナソニックスイッチングテクノロジーズ,COMP-1398,No Match,,,0,0,0,0,ORPHAN (Garbage?)
06c6d1bf-e2c8-469d-877d-2d17fe2b03c8,G-100-1(20091211).xls,パナソニック電工,COMP-1399,No Match,,,0,0,0,0,ORPHAN (Garbage?)
fba95de5-2e9c-4429-ac3d-70160ae2b4f6,PTS,パーツ精工,COMP-1400,No Match,,,0,0,0,0,ORPHAN (Garbage?)
7af96227-66ed-4892-af59-bd05684be56a,BBJ,BBJハイテック(株),COMP-1406,Exact Code,BBJ,BBJハイテック,0,0,0,0,KEEP (Matched)
ca5962b5-504c-4771-acf0-5e4a29f75f92,PNS03-2,ﾊﾟﾅｿﾆｯｸAIS社,COMP-1402,No Match,,,0,0,0,0,ORPHAN (Garbage?)
4f595627-de4a-4be8-8868-e69ea60171cb,HRS5,ヒリュー精工,COMP-1403,No Match,,,0,0,0,0,ORPHAN (Garbage?)
282cface-c900-4df5-9bba-22a9300cf069,HRH2-2,ヒロホー,COMP-1404,No Match,,,0,0,0,0,ORPHAN (Garbage?)
e92486c2-1ff6-4d55-9b36-e3bd88659f81,HDL,ﾋｭｰﾏﾝﾃﾞｰﾀ,COMP-1405,No Match,,,0,0,0,0,ORPHAN (Garbage?)
f3cc9639-72f5-4b39-89b5-b1b75f15bba2,BMI-001(20140818).xls,BMI☆,COMP-1407,No Match,,,0,0,0,0,ORPHAN (Garbage?)
50c9b1f0-278c-4369-8aee-7cd8bbcda07a,BHM,ビー・エイチ・エム･エレクトロニクス,COMP-1409,No Match,,,0,0,0,0,ORPHAN (Garbage?)
94eefb14-8b11-4267-aecd-400a42d78fa8,FFL,フォーフェローズ,COMP-1411,No Match,,,0,0,0,0,ORPHAN (Garbage?)
6d4a4152-e772-4a8d-8d89-35d3ec5d72cb,FKS3,フカサワ,COMP-1412,No Match,,,0,0,0,0,ORPHAN (Garbage?)
b01f1ab4-e23e-441b-bb61-dd12e303c1c9,FKS4,フカサワ那須支店,COMP-1413,No Match,,,0,0,0,0,ORPHAN (Garbage?)
5d774f8c-8030-486c-8604-2b315ba30071,FSK,フクシマ化学,COMP-1414,No Match,,,0,0,0,0,ORPHAN (Garbage?)
8c6df205-43f6-4776-8326-b9300dea98ae,CHTｹｰｽ,フジクラ,COMP-1415,No Match,,,0,0,0,0,ORPHAN (Garbage?)
3cabfbda-55a5-4868-bf8a-9175dbf6294e,FJK7,フジクラプレシジョン,COMP-1416,No Match,,,0,0,0,0,ORPHAN (Garbage?)
af7ab2f7-4080-4f2c-981f-a32853cf8a21,FJD3,フジクラ電装米沢東事業所,COMP-1417,No Match,,,0,0,0,0,ORPHAN (Garbage?)
047c0639-23c2-4da2-bd88-a65d586b8d9d,COT-001-2,フジクラ電装(旧コンテック)ティーエスビーへ移管,COMP-1418,No Match,,,0,0,0,0,ORPHAN (Garbage?)
c8e98368-4c25-4475-be03-9f0270555bcc,FJT2,フジトロン,COMP-1420,No Match,,,0,0,0,0,ORPHAN (Garbage?)
7b844a7b-2735-4a92-a472-75f832677cdc,FJP2,フジプラスチック工業,COMP-1421,Exact Name,FJP,フジプラスチック工業,0,0,0,0,KEEP (Matched)
00434052-65c5-4805-9d48-eefc4332a4b1,FIT,ファインテック(株),COMP-1410,Exact Code,FIT,ファインテック,0,0,0,0,KEEP (Matched)
5be6d410-7368-4145-9fb4-cb13da821821,BLS01,ブル精密,COMP-1424,Exact Name,BLS,ブル精密,0,0,0,0,KEEP (Matched)
123d5844-71c8-46f6-940f-49f62c0381d2,BIS,ブレインシール,COMP-1425,No Match,,,0,0,0,0,ORPHAN (Garbage?)
95d31871-d71c-44b2-919f-3858ae219208,FJO,(株)フジ・オプティクス,COMP-1422,Exact Code,FJO,フジ・オプティクス,0,0,0,0,KEEP (Matched)
d46338d7-404e-4416-b8be-42249769b59d,PLS3,プラスセイコー,COMP-1428,Exact Name,PS,プラスセイコー,0,0,0,0,KEEP (Matched)
5e754c30-7c9b-487a-8555-d1894a54caba,FJS,(株)フジソレノイド,COMP-1419,Exact Code,FJS,フジソレノイド,0,0,0,0,KEEP (Matched)
1347148a-774f-423d-a465-670e43eddb11,PLT3,プラテック,COMP-1431,No Match,,,0,0,0,0,ORPHAN (Garbage?)
2421503e-1aec-44f9-a4ec-e09be68eb659,PLS2,プレジャー,COMP-1432,Exact Name,PLS,プレジャー,0,0,0,0,KEEP (Matched)
05d0fc89-9ef4-49b9-96dd-a3371efda6f4,PRC,プロセシオ,COMP-1433,No Match,,,0,0,0,0,ORPHAN (Garbage?)
40bb0e9f-cfac-44b8-95fc-dca50d821499,PLM2,プロセス・ラボ・ミクロン,COMP-1434,No Match,,,0,0,0,0,ORPHAN (Garbage?)
6fa33be0-b670-4e7f-8b9d-dbedeac2a657,HKE,(株)ホクシンエレクトロニクス,COMP-1441,Exact Code,HKE,ホクシンエレクトロニクス,0,0,0,0,KEEP (Matched)
2d8d5762-56fc-4dfa-8d92-5bcd10350893,PRN,プロニクス,COMP-1436,No Match,,,0,0,0,0,ORPHAN (Garbage?)
ae04f2fb-9bc7-46fa-8408-ecf4768489df,20200428御取引先様管理カード【ヨシダパッケージ様】.xlsx,ベスコ,COMP-1438,No Match,,,0,0,0,0,ORPHAN (Garbage?)
9acc2c4b-89cb-4a73-8c06-3e80590c1d93,BEN,ベニー精工,COMP-1439,No Match,,,0,0,0,0,ORPHAN (Garbage?)
66888e46-61ef-468c-9629-30bbca4a244f,HKS2,ホクシン,COMP-1440,No Match,,,0,0,0,0,ORPHAN (Garbage?)
6e58aebf-2db4-4db8-8859-f18bbaeb1b00,HKS4,ホックス,COMP-1442,No Match,,,0,0,0,0,ORPHAN (Garbage?)
c8caa0ec-6c00-4908-a164-5324fc6c1ed9,HRZ2,ホリゾン(東京),COMP-1443,No Match,,,0,0,0,0,ORPHAN (Garbage?)
cfb92d4f-e24d-4033-9502-f72bfb5bc3c8,HRT3,ホリテック(株式会社ホリテック茨城県),COMP-1444,No Match,,,0,0,0,0,ORPHAN (Garbage?)
1cc4bb89-6081-4669-b362-af23b662a518,HOYU-PP（20100407）.xls,ホーユー,COMP-1445,No Match,,,0,0,0,0,ORPHAN (Garbage?)
6e28c683-94ba-4618-b4ec-4c0ec4d06ed2,HDR-001,ﾎﾝﾀﾞﾛｯｸ,COMP-1446,No Match,,,0,0,0,0,ORPHAN (Garbage?)
609de18c-3c7c-4300-9d52-745901f6d085,PRF,ポップリベット・ファスナー,COMP-1447,No Match,,,0,0,0,0,ORPHAN (Garbage?)
5b1faa1e-474c-483d-ad9f-0ab44c030c1a,BLT,ＢＬＵＥＴＥＣ,COMP-1449,No Match,,,0,0,0,0,ORPHAN (Garbage?)
de99fafd-2a23-45f6-ad53-d3e2ceae3418,PLM,ＰＬＡＭＯ,COMP-1450,No Match,,,0,0,0,0,ORPHAN (Garbage?)
5e39fd30-cbc7-4455-9278-91f989710e80,PRT2,ＰＲＯＴＥＣ,COMP-1451,No Match,,,0,0,0,0,ORPHAN (Garbage?)
bf13c877-3c14-4d06-b323-b4c5c2bb7852,PQI,ﾟＰＱＩ,COMP-1452,No Match,,,0,0,0,0,ORPHAN (Garbage?)
2b829f18-aa3f-4b3f-8755-88fdacea83fc,HXG,ヘキサゴン・メトロジー(株) 浜松事業所,COMP-1437,Exact Code,HXG,ヘキサゴン・メトロジー(株),0,0,0,0,KEEP (Matched)
627ac1ad-927e-4bf7-8781-d2ba66aad334,PLK,(株)プラックス 西原工場,COMP-1430,Exact Code,PLK,プラックス,0,0,0,0,KEEP (Matched)
b93528f3-33ce-4c60-826f-859ea78ff825,VTC,V・TEC(株),COMP-1426,Exact Code,VTC,V・TEC,0,0,0,0,KEEP (Matched)
796a8b8e-3e07-44e6-8cac-2f99377c1bad,MDY,増田薬品(株),COMP-1465,Exact Code,MDY,増田薬品,0,0,0,0,KEEP (Matched)
47f904c9-a7f6-4454-aa37-6a93ce2f8185,MEC,三晶MEC(株) 有金工場,COMP-1575,Exact Code,MEC,三晶MEC(株),0,0,0,0,KEEP (Matched)
470ef19b-5f09-4f19-adec-90246a9ab645,MED,前田工繊(株),COMP-1463,Exact Code,MED,前田工繊,0,0,0,0,KEEP (Matched)
c41aa8a0-81ff-4eec-a4b5-f09d5476a63b,MEI,(株)メイソル,COMP-1572,Exact Code,MEI,メイソル,0,0,0,0,KEEP (Matched)
ce373c45-d658-452a-ad72-cb51e268c8e7,MEK,(株)マエキ 伊勢崎営業所,COMP-1527,Exact Code,MEK,マエキ,0,0,0,0,KEEP (Matched)
7cfed7dd-de6a-428f-99e4-7b29f3b41359,MEP,(株)モトエプロダクツ,COMP-1583,Exact Code,MEP,モトエプロダクツ,0,0,0,0,KEEP (Matched)
8d7f1f89-a6dc-4977-8274-fffbfaf2f4fd,MRM03,丸み興商,COMP-1454,Exact Name,MRM,丸み興商,0,0,0,0,KEEP (Matched)
3bedc228-2905-4a47-b02b-32513d31f306,MARU-001,丸久中央物産,COMP-1456,No Match,,,0,0,0,0,ORPHAN (Garbage?)
3d6f62a7-8056-43b1-b114-098841f1b98d,(株)ヨシダパッケージ向,丸大☆,COMP-1457,No Match,,,0,0,0,0,ORPHAN (Garbage?)
3a698999-8f01-4e97-99cd-65113d0a7eb3,MRY02,丸山加工,COMP-1458,No Match,,,0,0,0,0,ORPHAN (Garbage?)
44126372-f5b6-4fb9-b3a4-60798d1b3b20,MIK02,丸石工業所,COMP-1459,Exact Name,MIK,丸石工業所,0,0,0,0,KEEP (Matched)
6a2716e5-72c5-40bc-9ee0-15d813c73305,MSK,丸菱スプリング工業,COMP-1460,No Match,,,0,0,0,0,ORPHAN (Garbage?)
71ad9d85-3581-4055-b785-6b8a602c6097,MFS01,丸藤紙器,COMP-1461,No Match,,,0,0,0,0,ORPHAN (Garbage?)
880a4de4-7ad7-4be5-bf8b-a250ea47bcf5,MTE-001,又永化工,COMP-1464,Exact Name,MTE,又永化工,0,0,0,0,KEEP (Matched)
32140f41-ebde-42aa-a641-f7f200910939,MTO02,松尾製作所(愛知県),COMP-1467,No Match,,,0,0,0,0,ORPHAN (Garbage?)
0d49220d-2585-4ab8-bd25-651e99f1803e,5-912052-3-PP(20141117).xls,松永精密工業,COMP-1470,Exact Name,MTN,松永精密工業,0,0,0,0,KEEP (Matched)
2e238e9c-7e54-405d-b99b-e7b2860f157c,MTU2,松浦製作所,COMP-1471,No Match,,,0,0,0,0,ORPHAN (Garbage?)
9f2cd91a-589b-4904-ace8-2c3cae0745ed,MTD2,松田産業,COMP-1472,Exact Name,MTD,松田産業,0,0,0,0,KEEP (Matched)
37ce6d07-262c-490a-9dc7-ddf7ed8e75bd,MKP01,真木ﾌﾟﾗｽﾁｯｸ,COMP-1474,No Match,,,0,0,0,0,ORPHAN (Garbage?)
ecc95d65-ce08-4834-89b8-dff6baca2370,MRS01,ﾏﾙｻﾝﾈｰﾑ,COMP-1475,No Match,,,0,0,0,0,ORPHAN (Garbage?)
480834d6-082b-4f83-8a9e-c801f5154540,MTY2,三ツ矢,COMP-1477,No Match,,,0,0,0,0,ORPHAN (Garbage?)
c6ddaa25-4d46-4eb4-bc47-4bc5b7d39dda,MYK5,三代川,COMP-1478,No Match,,,0,0,0,0,ORPHAN (Garbage?)
bbdcc7cc-65f5-4c13-8c5b-a06ab3a05aa6,CLAMSHELL,三住ｹﾐｶﾙ,COMP-1479,No Match,,,0,0,0,0,ORPHAN (Garbage?)
18772b3f-69f0-40d3-a25f-60b3a61394ec,MYS-Z-50-1(20080304).xls,三山産業,COMP-1480,No Match,,,0,0,0,0,ORPHAN (Garbage?)
0a36b2de-6ab5-46b2-8ff0-6f5b67d65007,MIK3,三木,COMP-1481,No Match,,,0,0,0,0,ORPHAN (Garbage?)
2bab0213-069b-43ca-8dc9-0e4ed8b90e50,MKK4,三木工作,COMP-1482,No Match,,,0,0,0,0,ORPHAN (Garbage?)
64bd5c45-f641-4ae5-8bc5-32ef804c34bb,MTD3,三田電波,COMP-1483,No Match,,,0,0,0,0,ORPHAN (Garbage?)
4635ec7f-eeb3-4ea2-a12a-5f6617fdbd01,G-020-3Bサンプル(20101022）.xls,三菱電機,COMP-1485,No Match,,,0,0,0,0,ORPHAN (Garbage?)
e6d8a2e1-142e-4690-a4c1-b21ec6467139,AP-001（20120220）.xls,三菱ﾏﾃﾘｱﾙ,COMP-1487,No Match,,,0,0,0,0,ORPHAN (Garbage?)
e1fc8d5e-37da-45c2-8a3f-29b2339236ae,MTK01,三鷹精工☆,COMP-1488,No Match,,,0,0,0,0,ORPHAN (Garbage?)
d87f75d8-434f-44f3-81af-dbce0fed975a,MTK3,妙徳,COMP-1489,No Match,,,0,0,0,0,ORPHAN (Garbage?)
8a21a595-2421-4bdd-b3dd-3f911b4a6270,MHG,宮原合成,COMP-1490,No Match,,,0,0,0,0,ORPHAN (Garbage?)
d4dc4770-0c95-42eb-b197-d14840761f87,MYH,宮原技研,COMP-1491,No Match,,,0,0,0,0,ORPHAN (Garbage?)
26c5b90c-6fb7-4e2c-bce8-d8c0e1a41ac7,MKB,宮川バネ工業,COMP-1492,No Match,,,0,0,0,0,ORPHAN (Garbage?)
900028f6-7471-4d4c-9fc0-3bf3ae371e4b,MNS2,宮野商工,COMP-1494,No Match,,,0,0,0,0,ORPHAN (Garbage?)
a5d59291-ab46-439b-9a44-9178506402e4,MIT01,水戸工業,COMP-1495,No Match,,,0,0,0,0,ORPHAN (Garbage?)
afd22271-c622-4b64-96ef-bc7f1fbd94b3,MIT2,水戸精工,COMP-1496,No Match,,,0,0,0,0,ORPHAN (Garbage?)
43b2a7c9-676c-47c2-9f1c-d3c339b38857,MIN,美濃窯業,COMP-1499,No Match,,,0,0,0,0,ORPHAN (Garbage?)
f39beb73-8d2b-444b-86be-b5a73399b3a9,90-10-096-110(20120703).xls,美鈴紙業☆,COMP-1500,No Match,,,0,0,0,0,ORPHAN (Garbage?)
21fe8635-e475-451c-9554-f69b98252d73,MSZ2,美鈴製作所,COMP-1501,Exact Name,MSZ,美鈴製作所,0,0,0,0,KEEP (Matched)
1e70797e-53a5-4fbe-b601-c3c6de709b93,MKK3,都機工,COMP-1502,No Match,,,0,0,0,0,ORPHAN (Garbage?)
3511ced7-cd55-43af-ae9f-427868fe1894,MYK4,都精機,COMP-1503,No Match,,,0,0,0,0,ORPHAN (Garbage?)
b30aab68-bcbd-4516-84f7-8f99d48137d6,MRK01,村上電業,COMP-1504,No Match,,,0,0,0,0,ORPHAN (Garbage?)
a8b868e0-2971-4a4e-9948-a236b7e000b3,MRK3,村上ｼﾝｸ,COMP-1505,No Match,,,0,0,0,0,ORPHAN (Garbage?)
d1412f36-c5f1-4f9e-bb3a-7714b28d5d8f,MRS3,村澤製作所,COMP-1506,No Match,,,0,0,0,0,ORPHAN (Garbage?)
57bf1c15-fb5e-4547-b9d6-a8223c1fccd7,MRT02,村田工業,COMP-1507,No Match,,,0,0,0,0,ORPHAN (Garbage?)
f24cbc4a-d3d7-4b56-a22a-6180704a3a1f,MRT4,村田製作所,COMP-1508,No Match,,,0,0,0,0,ORPHAN (Garbage?)
efaac951-c9ae-421d-a8fe-0fa71ef8db52,G-050-3(20131018).xls,村野製作所,COMP-1509,No Match,,,0,0,0,0,ORPHAN (Garbage?)
ea6dfb6f-037b-4f5a-80fb-4171518bf2b4,MTM2,睦特殊金属工業,COMP-1510,No Match,,,0,0,0,0,ORPHAN (Garbage?)
45ed4fe0-1b06-4c54-b2f4-3dccf5403a01,MKF01,メイコーファイン,COMP-1511,No Match,,,0,0,0,0,ORPHAN (Garbage?)
ad8c736f-8ccc-4013-becf-9040867360e5,MWL,名和ライト工業,COMP-1513,No Match,,,0,0,0,0,ORPHAN (Garbage?)
0cd6dac1-841e-489e-ab64-5897ca41ade6,MTD4,名東電産,COMP-1514,No Match,,,0,0,0,0,ORPHAN (Garbage?)
14b73eb6-90f5-4e2c-b223-42fed590e58d,240205,明治合成☆,COMP-1515,No Match,,,0,0,0,0,ORPHAN (Garbage?)
faedaa8a-f4f7-44e6-9e6a-6d64aa48cd2c,DIM2-2,明王化成☆,COMP-1516,No Match,,,0,0,0,0,ORPHAN (Garbage?)
c99faafe-99b7-40c0-beaf-bd0cdd565f1b,E-100-1,もりや産業,COMP-1517,No Match,,,0,0,0,0,ORPHAN (Garbage?)
271eb9cc-77d1-4b57-90ae-13905124ebf0,MYK04,守屋機工,COMP-1518,No Match,,,0,0,0,0,ORPHAN (Garbage?)
fff4ff9e-5404-4d21-bbd6-578d12dcdd4d,MYK2,守山工業,COMP-1519,No Match,,,0,0,0,0,ORPHAN (Garbage?)
363a6caf-3711-4a2c-8802-dcaadac4d84c,MGM01,最上精機,COMP-1520,No Match,,,0,0,0,0,ORPHAN (Garbage?)
905699e4-684e-4b2e-8f97-1f038b5c9680,KGM,国上精機工業(株) 新潟事業所,CUST-185,Exact Code,KGM,国上精機工業(株),0,15,10,25,KEEP (Matched)
3fa96423-e423-4e69-b61b-12e6e5932d66,KKW,(有)吉川製作所,,Exact Code,KKW,吉川製作所,0,0,0,0,KEEP (Matched)
eaa9fc87-d916-425d-a9f0-d9f5d2a86f21,KMC,(有)ケーエムシー,,Exact Code,KMC,ケーエムシー,0,1,0,1,KEEP (Matched)
97e2909d-05bd-431c-b4fc-b67b6ca484b7,KMD,(株)亀田製作所,,Exact Code,KMD,亀田製作所,0,0,0,0,KEEP (Matched)
14f5bf4a-0724-4979-98cf-287a78ea0275,KNC,コニカミノルタ(株),CUST-306,Exact Code,KNC,コニカミノルタ,0,1,0,1,KEEP (Matched)
a992c05e-87ca-4128-806a-7a9f8270bba2,KND,神田工業(株) 熊本工場,CUST-190,Exact Code,KND,神田工業(株),3,25,9,37,KEEP (Matched)
0011b995-bc6a-4028-8966-f131a0ccdf8b,KNO,クニオ商産(株),COMP-546,Exact Code,KNO,クニオ商産,0,0,0,0,KEEP (Matched)
49d9edc5-8809-4687-b09c-9f7b29048748,KNT,ケンテック(株),COMP-556,Exact Code,KNT,ケンテック,0,0,0,0,KEEP (Matched)
21c85685-0887-44ea-b4dc-27db16cfb9e1,KOA,(株)コーア,,Exact Code,KOA,コーア,0,0,0,0,KEEP (Matched)
c58549f3-5dff-4d22-82fa-333778daeba3,KOD,(株)香田製作所,,Exact Code,KOD,香田製作所,0,0,0,0,KEEP (Matched)
97d689c0-d127-4997-a6cb-ebe6609fd6d6,KOW,光和精工(株)本社,,Exact Code,KOW,光和精工(株)本社,0,1,0,1,KEEP (Matched)
7a4aab21-f023-4752-abdd-9541d2c253ec,MFS,(有)丸藤紙器工業所,,Exact Code,MFS,丸藤紙器工業所,0,5,0,5,KEEP (Matched)
d424e77d-b560-4e7a-aa0d-896ed12e030d,MGM,(有) 恵電機製作所,,Exact Code,MGM,恵電機製作所,0,0,0,0,KEEP (Matched)
9a7647f2-4d76-4d86-90ea-f5e907df7a37,MHJ,森発條(株),,Exact Code,MHJ,森発條,0,2,0,2,KEEP (Matched)
99080fd9-b03b-401e-9543-bed2e07fad6a,MIC,(株)エム・アイ・シー 四国事業所,CUST-212,Exact Code,MIC,エム・アイ・シー,1,1,0,2,KEEP (Matched)
70bb6334-217d-4131-b91a-dca0fd15ec25,MID,(有)ミッド,COMP-1553,Exact Code,MID,ミッド,0,0,0,0,KEEP (Matched)
306bdcdc-551c-4be9-918f-aaed628ad07e,MIG,(株)丸一ゴム製作所,COMP-1455,Exact Code,MIG,丸一ゴム製作所,0,0,0,0,KEEP (Matched)
3d423431-318a-4015-afa0-0544f3bb1334,MKH,(株)みやこひも,COMP-1476,Exact Code,MKH,みやこひも,0,0,0,0,KEEP (Matched)
802f0d3d-51ff-42c6-9434-be234d7ae92a,MSZ,(株)美鈴製作所,,Exact Code,MSZ,美鈴製作所,0,9,0,9,KEEP (Matched)
35f09b01-19c6-401c-a556-01afbcc7d0dd,MTB,松葉倉庫(株),,Exact Code,MTB,松葉倉庫,0,1,0,1,KEEP (Matched)
2ff43380-e817-476c-8cef-98e02ebb2fe6,MTD,松田産業(株),CUST-7,Exact Code,MTD,松田産業,0,6,2,8,KEEP (Matched)
feb1c771-a9ea-4dd6-8da3-f7c6157b6f7d,MTE,又永化工(株),CUST-8,Exact Code,MTE,又永化工,0,6,4,10,KEEP (Matched)
4b7256d8-53f2-4354-bedc-2fae20e5aa9f,MTN,松永精密工業(株),,Exact Code,MTN,松永精密工業,0,0,0,0,KEEP (Matched)
1ccf58b3-5a0f-479b-b513-85f5945b12c8,MTO,(株)松尾製作所,,Exact Code,MTO,松尾製作所,0,0,0,0,KEEP (Matched)
6babbd08-229d-4c45-8f42-9b10194f90eb,MTR,(株)メトロール,CUST-10,Exact Code,MTR,メトロール,0,5,3,8,KEEP (Matched)
d664ac7e-73c3-49c8-b3f2-58227fd63373,MTT,ミトテクノ(株),COMP-1558,Exact Code,MTT,ミトテクノ,0,0,0,0,KEEP (Matched)
cf3591ac-a895-4051-9336-3e114b650cf8,MTW,ミツワ電機工業(株),COMP-1557,Exact Code,MTW,ミツワ電機工業,0,0,0,0,KEEP (Matched)
20fc0928-4764-4799-b357-01a2364b5fae,MWF,(株)三ツワフロンテック,COMP-1565,Exact Code,MWF,三ツワフロンテック,0,0,0,0,KEEP (Matched)
c6a9dfc5-4ef6-44af-8a10-d14f974ed93b,KSP,(株)小林スプリング製作所 本社 小井戸,CUST-199,Exact Code,KSP,小林スプリング製作所 本社 小井戸,34,317,52,403,KEEP (Matched)
2cb92c09-35e7-45ea-8445-9eb678fc6897,KSS,KSS粕川 阿部,COMP-398,Exact Code,KSS,KSS粕川 阿部,0,0,0,0,KEEP (Matched)
8e2fd68d-9539-4bec-abd6-f16d5e75f4f6,KSZ,金鈴精工(株),COMP-390,Exact Code,KSZ,金鈴精工,0,0,0,0,KEEP (Matched)
1f7e9313-92d7-4c9e-8348-78c432750fc5,KTB,(株)寿製作所,,Exact Code,KTB,寿製作所,0,7,0,7,KEEP (Matched)
393fe1d8-81d3-4ac2-abd1-63b2976f702f,KTC,京都機械工具株式会社,,Exact Code,KTC,京都機械工具,0,0,0,0,KEEP (Matched)
db7dc962-5b03-4aed-9445-823be46e63b4,MKM,(株)ミコマ技研,COMP-1550,Exact Code,MKM,ミコマ技研,0,5,0,5,KEEP (Matched)
522fea6c-aa77-4fa6-a46a-72bd976ccc96,MRR,森六テクノロジー,COMP-1521,No Match,,,0,0,0,0,ORPHAN (Garbage?)
7fb60ee3-3215-43b7-849e-11924e9b77d0,MRS2,森島製作所,COMP-1522,No Match,,,0,0,0,0,ORPHAN (Garbage?)
8d76e972-16d3-4930-9570-5cb8355f3473,A-030-1.xls,森発條,COMP-1523,Exact Name,MHJ,森発條,0,0,0,0,KEEP (Matched)
133b16a1-28d5-4371-a649-2860314bc8d6,MRN4,森野,COMP-1524,No Match,,,0,0,0,0,ORPHAN (Garbage?)
302ea9be-41fc-46ac-83e4-236ae2c75d1c,MRK02,諸越レベル,COMP-1525,No Match,,,0,0,0,0,ORPHAN (Garbage?)
b55db6cf-05a8-4547-91f4-9875b8c83e4a,090828-納品書.pdf,MARUWA,COMP-1526,Exact Name,MRW,MARUWA,0,0,0,0,KEEP (Matched)
6f678a98-156d-4fef-ac5c-1d38545632db,MND,(有)マインドホープ,COMP-1537,Exact Code,MND,マインドホープ,0,0,0,0,KEEP (Matched)
94c0010e-0e01-476d-8729-a8b3e75cfffe,MKN6,マキノ,COMP-1528,No Match,,,0,0,0,0,ORPHAN (Garbage?)
46fba0b0-5ab9-48e9-95cb-8f82349fc88b,MPS,マックピーアンドエス,COMP-1529,No Match,,,0,0,0,0,ORPHAN (Garbage?)
c7dcac93-545f-4ec6-b82b-0027c90bc261,MDK,マツムラ電子工業,COMP-1530,No Match,,,0,0,0,0,ORPHAN (Garbage?)
fe1bae2d-95c3-4684-b899-7c6e02400ed2,MRX,マトリックス(旧ﾌﾟﾗｽ岩本様分引継),COMP-1531,No Match,,,0,0,0,0,ORPHAN (Garbage?)
83949675-96e1-4d1b-8e98-b8563a64d8ae,MNC,マノック工業,COMP-1532,No Match,,,0,0,0,0,ORPHAN (Garbage?)
71e6d899-2346-4db9-9c07-f8a0be83eeb7,MRN2,マリーﾅ電子,COMP-1533,No Match,,,0,0,0,0,ORPHAN (Garbage?)
1bc9110f-e833-4965-8307-2cddec1f18b9,MRE,マルエス化成工業,COMP-1534,No Match,,,0,0,0,0,ORPHAN (Garbage?)
9c413edd-5dbc-4a20-9971-50cfbe6107e9,MRH2,マルホ発條工業,COMP-1535,No Match,,,0,0,0,0,ORPHAN (Garbage?)
02d973f7-222a-4ca3-a203-deb15c913723,MYK,(株)ミヤカワ,,Exact Code,MYK,ミヤカワ,0,0,0,0,KEEP (Matched)
8aee45d0-6b52-4912-9007-ab7888c67853,MRM2,ﾏﾙﾏﾝ商事,COMP-1538,No Match,,,0,0,0,0,ORPHAN (Garbage?)
6d90f851-d187-458a-a650-16e0c711fca8,MYN,(株)宮成製作所,COMP-1493,Exact Code,MYN,宮成製作所,0,0,0,0,KEEP (Matched)
901a1311-b4c0-406c-9ebb-3d6d4221f9dd,MKN02,有限会社ミクニ,COMP-1541,No Match,,,0,0,0,0,ORPHAN (Garbage?)
6905ea19-6f47-4cf1-ac94-8553099a8757,5-52-2-0.6(20090518).xls,MIYOSHI,COMP-1542,Exact Name,MYS,MIYOSHI,0,0,0,0,KEEP (Matched)
14be4ffe-1190-49e7-a351-6ebee4d9c0e2,MKK01,ミキ化学,COMP-1543,No Match,,,0,0,0,0,ORPHAN (Garbage?)
d094178a-4b18-4a7a-a3cb-3ea761c85449,MKN03,ミクニエーム,COMP-1544,Exact Name,MKN,ミクニエーム,0,0,0,0,KEEP (Matched)
d57e6b0a-79e1-447c-86fb-1b5a557066d2,1447287-1-2,ミクニ総業,COMP-1545,No Match,,,0,0,0,0,ORPHAN (Garbage?)
399c487c-6c4e-4632-8a3d-b708f5bd0e8a,MCR3,ミクロトップ岩手本社,COMP-1547,No Match,,,0,0,0,0,ORPHAN (Garbage?)
190d17b6-ff32-4311-9371-e1c623c54d02,MRD02,ミクロン電気,COMP-1548,No Match,,,0,0,0,0,ORPHAN (Garbage?)
2c927512-4128-4d48-8882-7745dc070a11,MKN4,ミク二工業所(M&S),COMP-1549,No Match,,,0,0,0,0,ORPHAN (Garbage?)
2eca4ef9-bdbb-4364-af35-91a2e8dea1f3,MIS-001,ミスミ,COMP-1551,Exact Name,MIS,ミスミ,0,0,0,0,KEEP (Matched)
82f4abc9-03c1-49ba-8e74-b2bee650bb34,MMR,ミツマル,COMP-1554,No Match,,,0,0,0,0,ORPHAN (Garbage?)
4a729752-d52a-45fb-aec1-c49ce30038da,MTR2,ミツル光学研究所,COMP-1555,No Match,,,0,0,0,0,ORPHAN (Garbage?)
b30ed8ad-543a-4085-8ccd-b20443130f01,MTW2,ミツワ商事,COMP-1556,No Match,,,0,0,0,0,ORPHAN (Garbage?)
38c0167d-2a2b-45e7-9a97-ed88ca6fcf2e,MNM-001,ミニモ,COMP-1559,Exact Name,MNM,ミニモ,0,0,0,0,KEEP (Matched)
a1523d58-0f28-4d96-b2c6-6d86673b8cec,MCT-001,ミネベアコネクト（ミツミ電機関連会社）☆,COMP-1560,No Match,,,0,0,0,0,ORPHAN (Garbage?)
6647200a-8930-4b21-aa32-6020ef750abc,H-004-1PP(20180316).xlsx,ミモテック,COMP-1561,No Match,,,0,0,0,0,ORPHAN (Garbage?)
eed5a638-c74a-407c-aef7-7336dc5c0f1d,170712LB175型保管状況確認_ﾖｼﾀﾞﾊﾟｯｹｰｼﾞ様.xlsx,ミヤカワ,COMP-1562,Exact Name,MYK,ミヤカワ,0,0,0,0,KEEP (Matched)
b217dc4b-ddb0-4584-bc47-33b815292e5f,MYT2,ミヤタ工業,COMP-1564,No Match,,,0,0,0,0,ORPHAN (Garbage?)
60f37f7b-48ee-4f77-98e4-d40a9a5e83a9,MKN5,株式会社ミクニ,COMP-1566,No Match,,,0,0,0,0,ORPHAN (Garbage?)
3309db14-b6eb-4568-be47-1438fb550540,MKN7,株式会社ミクニ菊川事業所,COMP-1567,No Match,,,0,0,0,0,ORPHAN (Garbage?)
5c4fb143-aaa8-4f78-9ab9-7481dade9f25,KUW,(株)光和化成製作所,,Exact Code,KUW,光和化成製作所,0,0,0,0,KEEP (Matched)
19a0b835-3e20-4897-a56f-e8fd69e8a57b,KWB,河辺プラスチック,,Exact Code,KWB,河辺プラスチック,0,0,0,0,KEEP (Matched)
4be2fc07-9603-4259-8b5f-ba9754354249,MIK,(株)丸石工業所,,Exact Code,MIK,丸石工業所,0,0,0,0,KEEP (Matched)
7b63c023-f88c-404f-a33a-23b222ee5208,MIO,(株)明王化成,,Exact Code,MIO,明王化成,0,0,0,0,KEEP (Matched)
1f030a70-8a92-4155-b9f9-eed7b4c4d6cf,MIR,(株)MIR宮崎工場,,Exact Code,MIR,MIR宮崎工場,0,0,0,0,KEEP (Matched)
dd0c81fc-4db9-40fd-b94f-ce4e487fe98f,MYS,(株)MIYOSHI,CUST-11,Exact Code,MYS,MIYOSHI,0,8,4,12,KEEP (Matched)
1383f864-deba-4ecf-ba43-cef937df75f7,MYT,(株)ミヤタコーポレーション,COMP-1563,Exact Code,MYT,ミヤタコーポレーション,0,0,0,0,KEEP (Matched)
1a1e11d0-37e1-4d49-b922-5f4fb0996dae,MZS,(株)ミズサワセミコンダクタ,COMP-1552,Exact Code,MZS,ミズサワセミコンダクタ,0,0,0,0,KEEP (Matched)
54d8faf5-ec89-4b86-9b9e-e1af3044e991,MZT,(株)水谷製作所,CUST-12,Exact Code,MZT,水谷製作所,31,133,23,187,KEEP (Matched)
af0552c2-0993-4c26-86a8-0c459d3d432c,NAC,(有)ナック技研 群馬開発室,CUST-14,Exact Code,NAC,ナック技研 群馬開発室,0,2,1,3,KEEP (Matched)
05e5fd74-a79c-492e-8cae-2335281eb817,NEC,NECロジスティクス,CUST-15,Exact Code,NEC,NECロジスティクス,0,35,16,51,KEEP (Matched)
5f4d46e4-0e69-4409-980f-e37d753e31f0,NGK,NGKセラミックデバイス(株),CUST-17,Exact Code,NGK,NGKセラミックデバイス,0,5,3,8,KEEP (Matched)
0fedb0ef-6e3a-4242-88f6-1ba1cd6c8175,NGS,内外産業(株),CUST-18,Exact Code,NGS,内外産業,4,33,12,49,KEEP (Matched)
1ac58b6c-3349-4942-af9e-808b210de3b8,NKO,(株)中尾精機,COMP-1155,Exact Code,NKO,中尾精機,0,0,0,0,KEEP (Matched)
be415506-b085-4f27-acea-88ebba2c21e9,NKS,ナックス(株)東京営業所,,Exact Code,NKS,ナックス(株)東京営業所,0,0,0,0,KEEP (Matched)
53d503c0-c9fd-461b-90cb-abc429f9bb87,NKY,株式会社 ナカヤマ,,Exact Code,NKY,ナカヤマ,0,0,0,0,KEEP (Matched)
abf656fa-f4ef-4e5d-9fb8-d82484c94995,NKZ,中沢電気工業,COMP-1162,Exact Code,NKZ,中沢電気工業,0,0,0,0,KEEP (Matched)
bbed1432-ac97-4cc7-b4ef-9ffe7406bb18,NLP,(株)ネットラインプレス,COMP-1273,Exact Code,NLP,ネットラインプレス,0,2,1,3,KEEP (Matched)
207f0c72-6f63-4094-baf3-2a9fbb4186b7,NLT,(株)ニューライト工業,COMP-1263,Exact Code,NLT,ニューライト工業,0,0,0,0,KEEP (Matched)
77850138-3a55-4bd0-b9d0-605a33422ab5,NLX,ナルックス(株) 野洲工場,COMP-1250,Exact Code,NLX,ナルックス(株),0,0,0,0,KEEP (Matched)
c2af9755-95a1-4e82-963f-fb83558366d4,NMG,日本メタルガスケット(株),COMP-1198,Exact Code,NMG,日本メタルガスケット,0,0,0,0,KEEP (Matched)
50855e32-26c0-47f4-94d9-4e849c77defb,NML,日本マテリアル(株),CUST-24,Exact Code,NML,日本マテリアル,8,19,12,39,KEEP (Matched)
38e96555-d18e-4991-a24c-98c8c4e934b6,NMS,(株)西村製作所,COMP-1231,Exact Code,NMS,西村製作所,0,0,0,0,KEEP (Matched)
0245185e-0955-4490-b93e-a15224eea893,NMT,日本メクトロン(株) 白沢事業所,COMP-1197,Exact Code,NMT,日本メクトロン(株),0,0,0,0,KEEP (Matched)
9b110508-85c3-47ef-adeb-d5a0ea8ea1d9,NMZ,沼澤製作所,COMP-1236,Exact Code,NMZ,沼澤製作所,0,0,0,0,KEEP (Matched)
53469f42-dd69-4724-9b82-ff192b47530e,NNM,長野日本無線マニファクチャリング(株),COMP-1168,Exact Code,NNM,長野日本無線マニファクチャリング,0,0,0,0,KEEP (Matched)
1ef0bd85-abd9-4916-84b8-a1d56318c4d5,NOM,(株)NEOMAX,COMP-1266,Exact Code,NOM,NEOMAX,0,0,0,0,KEEP (Matched)
0c2b28f5-18cc-45f5-982d-c484a056fd2b,NPC,ナガセプラスチックス(株),CUST-25,Exact Code,NPC,ナガセプラスチックス,12,34,5,51,KEEP (Matched)
156c620c-1140-4f3a-9bba-a00d776ab869,NPR,ニプロファーマ(株) 大館工場,CUST-271,Exact Code,NPR,ニプロファーマ(株),0,3,2,5,KEEP (Matched)
d1b8fe91-7948-4047-aff0-0c6c89dc4e2f,NRE,(株)ナルエ,COMP-1249,Exact Code,NRE,ナルエ,0,0,0,0,KEEP (Matched)
3fd834aa-8731-4ddf-98f8-a3af4dffe070,NRK,(株)奈良工業所,CUST-26,Exact Code,NRK,奈良工業所,0,67,5,72,KEEP (Matched)
c8df3525-2c86-4389-84d5-cbe91beec046,NLC,ニッコー・ロジスティクス株式会社,,Exact Code,NLC,ニッコー・ロジスティクス,0,0,0,0,KEEP (Matched)
38d0a2bc-0da8-4907-bbc4-a22ca74f30d1,NBK,東亜真空工業(株) 平野工場,,Exact Code,NBK,東亜真空工業(株),0,0,0,0,KEEP (Matched)
ea11a9a6-a6d4-48ae-9a53-d9c12522712d,NCR,日本セラミック(株) 八東研究所 開発事業部,COMP-1192,Exact Code,NCR,日本セラミック(株) 八東研究所 開発事業部,0,0,0,0,KEEP (Matched)
80122db9-8cc2-4b07-852f-dd2618f0eaba,NDC,(株)ナディック,COMP-1248,Exact Code,NDC,ナディック,0,0,0,0,KEEP (Matched)
3460d75e-f44b-41e7-a38a-f2f7e37312f3,NDK,日本電子工業(株) 相模原工場,,Exact Code,NDK,日本電子工業(株),0,0,0,0,KEEP (Matched)
aa1e362d-bdf2-4b59-84d4-c15df16cf406,NDS,日本電産サンキョー(株),COMP-1206,Exact Code,NDS,日本電産サンキョー,0,0,0,0,KEEP (Matched)
82df7d5c-5be5-415f-a19a-bac7a8f64f06,NFK,(株)エヌエフ回路設計ブロック,,Exact Code,NFK,エヌエフ回路設計ブロック,0,0,0,0,KEEP (Matched)
ec2bf517-172a-44b7-8a2b-bcd5715af997,NRS,ニューロスカイジャパン(株),COMP-1265,Exact Code,NRS,ニューロスカイジャパン,0,0,0,0,KEEP (Matched)
3cc753fb-0f36-4281-baa5-9a3c70be0c62,NSH,日生発條(株),COMP-1215,Exact Code,NSH,日生発條,0,0,0,0,KEEP (Matched)
5a7f04ad-6735-4483-b8f8-b8eb3576e865,NSO,(株)日章,COMP-1217,Exact Code,NSO,日章,0,0,0,0,KEEP (Matched)
1f650e3a-6c05-4a55-939a-fb4b3dbc0e8d,NSS,(株)日新商会,COMP-1184,Exact Code,NSS,日新商会,0,0,0,0,KEEP (Matched)
edace113-9e3f-43c5-8f1d-7f84b1a4ce86,NST,(株)西谷精巧舎,COMP-1253,Exact Code,NST,西谷精巧舎,0,0,0,0,KEEP (Matched)
2d2db667-3edf-4662-9659-f41fe6d3d2b1,OOT,(株)大手 千葉工場,CUST-38,Exact Code,OOT,大手,10,80,42,132,KEEP (Matched)
e5d684be-f174-44c8-b25e-3d5606921d10,OPR,(株)オプトロンサイエンス,COMP-331,Exact Code,OPR,オプトロンサイエンス,0,0,0,0,KEEP (Matched)
bd133950-3606-4add-bf14-d4f99ee262c0,ORO,オリオン (株),COMP-339,Exact Code,ORO,オリオン,0,0,0,0,KEEP (Matched)
04ed959e-7262-4be9-ad7e-768981ac7c59,OSG,(有)大澤技研工業,COMP-137,Exact Code,OSG,大澤技研工業,0,0,0,0,KEEP (Matched)
ee3aa745-0284-42c9-80a7-c0c8d9ab37fc,OTA,オータックス(株),,Exact Code,OTA,オータックス,0,0,0,0,KEEP (Matched)
6d436b64-6e8d-47df-b755-0a32f8006469,OTM,オリエンタルモーターテック(株),COMP-338,Exact Code,OTM,オリエンタルモーターテック,0,0,0,0,KEEP (Matched)
efc930d1-2297-4ba2-a953-3b63a16706fe,OWG,(株)オンワード技研,COMP-340,Exact Code,OWG,オンワード技研,0,0,0,0,KEEP (Matched)
9ed3d0be-7149-48c2-b9f9-4e380643fd5b,PBR,バブリックレコード(株),,Exact Code,PBR,バブリックレコード,0,0,0,0,KEEP (Matched)
e5f90a06-dd48-4637-b006-701c79ad0957,PFG,パーフェクトゲージ工業(株),COMP-1306,Exact Code,PFG,パーフェクトゲージ工業,0,0,0,0,KEEP (Matched)
30f92bc9-163c-4f78-bcca-4b6f9fa496d6,PLL,(株)パールライティング,COMP-1401,Exact Code,PLL,パールライティング,0,0,0,0,KEEP (Matched)
bf591815-2bf7-4591-9db1-e50cf33b7855,PLS,(株)プレジャー,,Exact Code,PLS,プレジャー,0,1,0,1,KEEP (Matched)
8ace6e52-b1a2-4e33-b9e3-c55106514e9f,PLT,(有) プラテックス 本社工場,,Exact Code,PLT,(有) プラテックス 本社工場,0,1,0,1,KEEP (Matched)
0a8d7a1b-1300-4d4e-bb5a-859f8700be20,PLW,(株)プラストワーク,COMP-1429,Exact Code,PLW,プラストワーク,0,0,0,0,KEEP (Matched)
f8e174bf-fc8f-45b2-ae53-bc8915692bbc,PNS,パナソニック(株) AIS社 津工場 E3棟2F,CUST-46,Exact Code,PNS,パナソニック(株) AIS社 津工場 E3棟2F,2,26,18,46,KEEP (Matched)
413baa71-d8f2-4fb9-8a3b-6939e087d996,PRI,(有)プライマリー,COMP-1427,Exact Code,PRI,プライマリー,0,0,0,0,KEEP (Matched)
b58a91fa-418b-4981-8033-31981b8a1622,PRM,(株)プロメック,COMP-1453,Exact Code,PRM,プロメック,0,0,0,0,KEEP (Matched)
ca9edcfc-f468-4fd1-a0ee-453351bef4da,PS,プラスセイコー(株),CUST-404,Exact Code,PS,プラスセイコー,29,7,0,36,KEEP (Matched)
90abdc38-b927-4cc4-b8a4-ea5f79915716,PTJ,(株)プロテックジャパン,COMP-1435,Exact Code,PTJ,プロテックジャパン,0,0,0,0,KEEP (Matched)
91d92c54-1595-494f-94c1-c557fe5ebd9a,SDB,正和電気部品工業(株),COMP-698,Exact Code,SDB,正和電気部品工業,0,0,0,0,KEEP (Matched)
85239881-34cd-4339-9197-2d5489225f79,NSD,日星電気,,Exact Code,NSD,日星電気,0,0,0,0,KEEP (Matched)
cb218dbc-78b8-40e7-9abc-88b4595797c4,NSI,(株)西居製作所,,Exact Code,NSI,西居製作所,0,0,0,0,KEEP (Matched)
29be80cb-c013-4a51-9f34-ccdfbeb10860,NTG,日東技研株テクニカルセンター,,Exact Code,NTG,日東技研株テクニカルセンター,0,0,0,0,KEEP (Matched)
0175c5ad-8d49-4182-a3d0-c7b73640c3e8,SDN,(株)進電,COMP-712,Exact Code,SDN,進電,0,0,0,0,KEEP (Matched)
e9f017c5-49c8-48c4-97ad-977469db1128,SGJ,(株)相模樹脂工業,COMP-644,Exact Code,SGJ,相模樹脂工業,0,11,5,16,KEEP (Matched)
dd8eb4f5-e667-4ad5-b5a5-d0726a82f470,SGK,(株)エス・ジー・ケイ,CUST-279,Exact Code,SGK,エス・ジー・ケイ,0,3,1,4,KEEP (Matched)
315c2386-c331-4ec8-9a46-2dae5b115e6f,SGM,シグマ電子(株),,Exact Code,SGM,シグマ電子,0,1,0,1,KEEP (Matched)
f1273e33-0a61-4609-be33-eeac8389293b,SGS,相模精工(株),,Exact Code,SGS,相模精工,0,0,0,0,KEEP (Matched)
b83b6253-e587-494f-b110-5a6299dbe761,SGT,(株)シナジーテクニカ,COMP-796,Exact Code,SGT,シナジーテクニカ,0,0,0,0,KEEP (Matched)
ef124251-833d-4d6d-a56c-bc443f7e11cd,SGY,(有)杉山製作所,,Exact Code,SGY,杉山製作所,0,0,0,0,KEEP (Matched)
efa96dda-5002-49e5-8670-4c1018598a71,SHE,(株)シンエイ・ハイテック,,Exact Code,SHE,シンエイ・ハイテック,0,0,0,0,KEEP (Matched)
fde17cc4-4af4-45c1-8f77-39f0ac9d597d,SHN,湘南デザイン(株),COMP-702,Exact Code,SHN,湘南デザイン,0,0,0,0,KEEP (Matched)
011b1a81-bcfd-49a0-ab35-5dbe08ab789e,SHT,精発ばね工業(株),CUST-61,Exact Code,SHT,精発ばね工業,67,22,3,92,KEEP (Matched)
6be08059-a4b9-40a1-88ca-e378b8218b56,SID,成電工業,COMP-653,Exact Code,SID,成電工業,0,0,0,0,KEEP (Matched)
fa32e759-6fb7-4db1-8e41-263a2468eeef,SIG,重松製作所,COMP-715,Exact Code,SIG,重松製作所,0,0,0,0,KEEP (Matched)
31e85583-aba6-47ab-a4cc-922c4e495f6b,SIK,セイコープレシジョン(株),COMP-844,Exact Code,SIK,セイコープレシジョン,0,1,0,1,KEEP (Matched)
a12d68ce-43e8-4d2d-bce4-f68a26bc48fc,SIN,シンコー電機(株),COMP-808,Exact Code,SIN,シンコー電機,0,0,0,0,KEEP (Matched)
3bfe36c4-d013-4b9a-8d09-42a65e919e0b,SIT,(株)エス・アイ・テック,CUST-62,Exact Code,SIT,エス・アイ・テック,45,34,8,87,KEEP (Matched)
06e99431-101d-43b2-bed2-c4de04b49859,SIW,誠和産業(株),COMP-749,Exact Code,SIW,誠和産業,0,0,0,0,KEEP (Matched)
c7fb2820-f91a-427b-927f-4202484a7918,SIY,(株)サカイヤ,COMP-767,Exact Code,SIY,サカイヤ,0,0,0,0,KEEP (Matched)
5fe4a84c-381a-403f-9221-7d98af2f542b,SJD,庄司電気株式会社,,Exact Code,SJD,庄司電気,0,0,0,0,KEEP (Matched)
4cf6a5ea-eb99-470f-bad1-0657105caf1e,SJF,住重フォージング(株),,Exact Code,SJF,住重フォージング,0,0,0,0,KEEP (Matched)
ac76b39d-6f04-41a8-8175-4eee20186367,SJI,(株)最上インクス,CUST-63,Exact Code,SJI,最上インクス,4,40,30,74,KEEP (Matched)
fc8e671f-d2b7-4935-9dbf-a9ece9a985a9,SKK,三興工業(株),CUST-67,Exact Code,SKK,三興工業,1,9,2,12,KEEP (Matched)
812c58af-578d-4ba7-8a41-47c3d7e7a26a,SKS,(有) 三幸紙器製作所,CUST-69,Exact Code,SKS,三幸紙器製作所,1,29,6,36,KEEP (Matched)
36768709-9ee3-40b6-b7a1-a5e22622dcb4,SLK,三光ライト工業(株) 本社工場,CUST-70,Exact Code,SLK,三光ライト工業(株),2,69,5,76,KEEP (Matched)
4d9f5e8b-df96-48db-8984-570f58ff43ad,SMH,相模原部品工業(株),COMP-642,Exact Code,SMH,相模原部品工業,0,0,0,0,KEEP (Matched)
2af154c3-4f7a-405b-9502-8f121eada865,SMK,SMK株式会社,CUST-71,Exact Code,SMK,SMK,61,317,58,436,KEEP (Matched)
fae9857b-ee10-4d4f-843b-739c9037b075,SMN,(株)シマノ 下関工場,COMP-798,Exact Code,SMN,シマノ,0,0,0,0,KEEP (Matched)
f3087ffe-4e65-4df6-86f5-b920ac116d00,SOD,(株)ソディックハイテック,COMP-791,Exact Code,SOD,ソディックハイテック,0,0,0,0,KEEP (Matched)
0631a12c-f4e5-4266-bde1-169003ca69f3,SOL,(株)ソルプラス,,Exact Code,SOL,ソルプラス,0,0,0,0,KEEP (Matched)
96498bab-54f5-4104-a7b8-6fdc1d55316a,SON,合資会社 松南クラフト,,Exact Code,SON,松南クラフト,0,0,0,0,KEEP (Matched)
20a954ca-ee7f-43e5-94f0-c1e5dd903113,SPJ,(株)エーディーワイ 東日本支社,CUST-77,Exact Code,SPJ,エーディーワイ,1,72,11,84,KEEP (Matched)
d0aee9e5-1cf4-46d5-9372-bd95d4998ae6,SPK,スパーク(株),CUST-78,Exact Code,SPK,スパーク,0,1,2,3,KEEP (Matched)
be59bf9d-4987-40cd-85b6-f3192fe8b57d,SPRT,プラテック工業(株),,Exact Code,SPRT,プラテック工業,0,0,0,0,KEEP (Matched)
3bd4a3d6-ceb0-4ea2-b4f2-c668c109bbe9,QTB,クオンタムバイオシステムズ(株),COMP-544,Exact Code,QTB,クオンタムバイオシステムズ,0,0,0,0,KEEP (Matched)
bcb66b1e-a007-490a-a411-e7a41d6666cb,RGRS,(株)レグルス 春日部工場,,Exact Code,RGRS,レグルス,0,4,2,6,KEEP (Matched)
318127b8-39be-4cac-ae31-ba438d6a631c,RGS,ロジスパック株式会社,,Exact Code,RGS,ロジスパック,0,3,0,3,KEEP (Matched)
0f76d5be-ba93-4b53-a61b-003f53272a3f,RIC,リコーインダストリアルソリューションズ(株) 花巻事業所,,Exact Code,RIC,リコーインダストリアルソリューションズ(株),0,0,0,0,KEEP (Matched)
49ed5038-7e18-46c1-a440-51b2aaf29cef,RIW,リワーク・ソーティング朝比奈,,Exact Code,RIW,リワーク・ソーティング朝比奈,0,0,0,0,KEEP (Matched)
a91c7182-a55b-49fb-acd3-5e963e5c165a,ROK,(有)ロッキー化成,,Exact Code,ROK,ロッキー化成,0,0,0,0,KEEP (Matched)
6a4647b6-ca6e-47e7-be81-8ca439a47c17,RTR,ロータリー(株),,Exact Code,RTR,ロータリー,0,0,0,0,KEEP (Matched)
e16dd5b2-fb02-4651-a993-bead3fbf4571,RYO,リョウサン段ボール(株),,Exact Code,RYO,リョウサン段ボール,0,1,0,1,KEEP (Matched)
101bd125-c44f-4a36-932d-cb164cb76adf,SAK,サンアロー化成(株),COMP-775,Exact Code,SAK,サンアロー化成,0,0,0,0,KEEP (Matched)
48146d12-8c49-4e84-9571-8b0cd23bab95,SAN,(株)佐野製作所,COMP-629,Exact Code,SAN,佐野製作所,0,0,0,0,KEEP (Matched)
78d9ee78-f659-41f2-acbf-a830b1349bfd,SAR,サンアロー(株) 新潟工場,COMP-774,Exact Code,SAR,サンアロー(株),0,0,0,0,KEEP (Matched)
4f74a5ad-1844-456c-952a-64f5971aaae7,SBP,柴プラスチック(株),,Exact Code,SBP,柴プラスチック,0,0,0,0,KEEP (Matched)
084dde34-1004-471d-af9f-268ec36b3865,SRG,(株)白金製作所,COMP-707,Exact Code,SRG,白金製作所,0,0,0,0,KEEP (Matched)
bdee2d22-9c8c-4c28-8e4e-e3744a108d69,SRK,エスアール・カンノ(株),COMP-279,Exact Code,SRK,エスアール・カンノ,0,0,0,0,KEEP (Matched)
0b219af1-ee35-42ba-8685-cfd7ae3c818b,SRN,白根電機産業(株),,Exact Code,SRN,白根電機産業,0,3,0,3,KEEP (Matched)
aee081b1-52c9-4105-9ab5-4d78c2b4b8e3,SRS,(株)三陽理化学器械製作所,COMP-619,Exact Code,SRS,三陽理化学器械製作所,0,0,0,0,KEEP (Matched)
ea67db35-53c6-4844-b815-590c62965e84,SRT,シラトリ(株),COMP-805,Exact Code,SRT,シラトリ,0,0,0,0,KEEP (Matched)
50c8e9d8-425d-4c86-a68e-45ba3caa765c,SRZ,(株)セライズ 三和工場,COMP-848,Exact Code,SRZ,セライズ,0,0,0,0,KEEP (Matched)
d5784d0a-2150-49ec-9646-57ff77b93b40,SSD,(有)宍戸精工,COMP-685,Exact Code,SSD,宍戸精工,0,0,0,0,KEEP (Matched)
fee05378-daec-43f1-a4ef-e8c7ee8eeaed,SSG,三晶技研(株) 上市工場,,Exact Code,SSG,三晶技研(株),0,0,0,0,KEEP (Matched)
523a6e5d-96f3-4709-9928-63e5afefe46e,SYW,(株)秀和,COMP-709,Exact Code,SYW,秀和,0,0,0,0,KEEP (Matched)
4ff5de6c-6b83-41f7-81b4-c52acbb9632c,TAI,太陽工業(株),COMP-880,Exact Code,TAI,太陽工業,0,0,0,0,KEEP (Matched)
fc3b0d13-a25c-42e6-9a3d-a48ee4582d46,TAS,(株)ティアンドエス ラボラトリ,COMP-1094,Exact Code,TAS,ティアンドエス ラボラトリ,0,0,0,0,KEEP (Matched)
93756619-4fe0-4226-bf95-b9b50427102e,TBK,(株)東京鋲兼,COMP-996,Exact Code,TBK,東京鋲兼,0,0,0,0,KEEP (Matched)
ce959602-a878-4dd0-8e9f-2b62ce1ab946,TCM,東京コスモス電機(株),COMP-984,Exact Code,TCM,東京コスモス電機,0,0,0,0,KEEP (Matched)
b956dffe-459d-46a3-8199-b115c88fd307,SKE,(株)栄電子 長野営業所,,Exact Code,SKE,栄電子,0,0,0,0,KEEP (Matched)
b80bff19-bdac-48d7-a29b-6018f6b90c91,SKM,(有)佐久間製作所,,Exact Code,SKM,佐久間製作所,0,0,0,0,KEEP (Matched)
2fd60ae6-99e1-4348-9d02-e10a701afa3a,SKN,(株)創研,,Exact Code,SKN,創研,0,0,0,0,KEEP (Matched)
2f3a6e88-aef5-452a-8449-cfd37dea00aa,SKP,三共プラスチック工業(株),,Exact Code,SKP,三共プラスチック工業,0,0,0,0,KEEP (Matched)
a1fabd72-3bbc-4577-a54f-824734bccc00,SKZ,(株)坂井金属製作所,,Exact Code,SKZ,坂井金属製作所,0,0,0,0,KEEP (Matched)
ee314621-4355-479e-9f95-d1371cf57deb,SLB,シルバー工業,,Exact Code,SLB,シルバー工業,0,0,0,0,KEEP (Matched)
f2a41040-ae1b-479a-9278-35ea3115f7a3,SLO,(株)セリオテック,,Exact Code,SLO,セリオテック,0,0,0,0,KEEP (Matched)
facf3ae8-970b-4c61-931f-0f773c47c51f,SLP,シリコンパワージャパン(株),COMP-806,Exact Code,SLP,シリコンパワージャパン,0,0,0,0,KEEP (Matched)
6fc6783a-fe23-4a81-9623-deacd5f0c9d6,SLV,ソラボノ(株),COMP-855,Exact Code,SLV,ソラボノ,0,0,0,0,KEEP (Matched)
425f0409-a0fa-47f9-be9e-7a9954b8e134,SMD,嶋田製作所,,Exact Code,SMD,嶋田製作所,0,0,0,0,KEEP (Matched)
8107f0f2-a538-4341-88c0-e36db354c2d2,SMS,杉本商事(株),,Exact Code,SMS,杉本商事,0,0,0,0,KEEP (Matched)
41cd5ff0-1f33-4de3-9f4c-71695faf260b,SMZ,(株)清水運輸倉庫,,Exact Code,SMZ,清水運輸倉庫,0,0,0,0,KEEP (Matched)
aec90125-dade-46e5-bad0-9d853bc93741,SNE,(株)サンエース,,Exact Code,SNE,サンエース,0,0,0,0,KEEP (Matched)
6ab61765-f187-4561-a34a-305fd8778e25,SNJ,千住金属工業(株) 栃木工場,,Exact Code,SNJ,千住金属工業(株),0,0,0,0,KEEP (Matched)
8fdbcee5-e65f-47a0-be3e-271de1dea94d,SNN,湘南デザイン(株),COMP-666,Exact Code,SNN,湘南デザイン,0,0,0,0,KEEP (Matched)
3bb9644d-86fe-4ec6-8296-a0e44c724766,SNS,(株)佐野製作所,CUST-416,Exact Code,SNS,佐野製作所,0,3,0,3,KEEP (Matched)
a12fd89b-0c7d-470a-be1a-bf14a26a7358,TES,東栄産業 (株),CUST-258,Exact Code,TES,東栄産業,4,2,4,10,KEEP (Matched)
785246f8-27ce-4405-97f0-d446e27a78e8,THH,(有)ティーエイチ放電,COMP-1116,Exact Code,THH,ティーエイチ放電,0,0,0,0,KEEP (Matched)
4526edbc-08dc-4be6-b929-3c518c2eb006,THM,(株)東北モールド,COMP-1008,Exact Code,THM,東北モールド,0,0,0,0,KEEP (Matched)
00fdd1c1-8d4f-4476-bfb8-1c493ca99353,TKS,(株)トキ商会,CUST-99,Exact Code,TKS,トキ商会,0,26,3,29,KEEP (Matched)
292a95d7-a285-461a-8980-38223cd47de2,TKY,(有) 武山工業,,Exact Code,TKY,武山工業,0,2,0,2,KEEP (Matched)
5c660ca6-e700-4a13-bc00-62a916423511,TLD,(株)ツールデザイン,COMP-1091,Exact Code,TLD,ツールデザイン,0,0,0,0,KEEP (Matched)
f61aab85-e3d6-4f5a-8c67-25d1741ecd89,SSN,(株)住重エス・エヌビジネス,,Exact Code,SSN,住重エス・エヌビジネス,0,0,0,0,KEEP (Matched)
64140682-cce1-4983-870f-8c9174983023,SST,新進テック(株) 柏崎事業所,,Exact Code,SST,新進テック(株),0,0,0,0,KEEP (Matched)
7d84a2d7-6bd6-42fb-9bc4-53f4c0c97180,STK,(株)佐竹製作所,,Exact Code,STK,佐竹製作所,0,0,0,0,KEEP (Matched)
dd4268f3-75e8-47fb-85ae-47e5a3e3f263,STKN,タカノギケン(株),,Exact Code,STKN,タカノギケン,0,0,0,0,KEEP (Matched)
d686a1c1-f1aa-4627-a814-209874820829,SUW,(株)ショーワ 浅羽工場,,Exact Code,SUW,ショーワ,0,0,0,0,KEEP (Matched)
02a4a262-499f-4c70-8605-a41fd2bf9e27,SWC,(株)スワコー,,Exact Code,SWC,スワコー,0,0,0,0,KEEP (Matched)
11dd12d4-ba8e-4d43-ac1f-517a15c6b14d,SWF,伸和ファクトリー,,Exact Code,SWF,伸和ファクトリー,0,0,0,0,KEEP (Matched)
ede98b6c-1a06-4884-b050-7ce033c3388a,SWS,佐脇紙器(株),CUST-86,Exact Code,SWS,佐脇紙器,0,5,0,5,KEEP (Matched)
321ed5ab-0a42-4e71-827f-9ad4f68920a0,SWT,誓和工具(株),CUST-366,Exact Code,SWT,誓和工具,7,5,2,14,KEEP (Matched)
165cf0e2-87ff-43c0-9722-d26223235acd,SYA,社長に確認,,Exact Code,SYA,社長に確認,0,0,0,0,KEEP (Matched)
19d7dd70-4027-4a92-87d7-3270efb822ca,SYM,(株)スヤマ 神辺営業所,,Exact Code,SYM,スヤマ,0,0,0,0,KEEP (Matched)
1b2dd888-cdbe-4f38-9fa9-ba661a1ad19d,SYS,(株)SYSコーポレーション,CUST-87,Exact Code,SYS,SYSコーポレーション,0,1,1,2,KEEP (Matched)
4778f3dc-f58a-43ae-b6ad-d161142796f4,SZK,鈴木電球(有),COMP-741,Exact Code,SZK,鈴木電球,0,0,0,0,KEEP (Matched)
3d297952-4e7c-43f2-b89f-0c72d61fe6e5,SZS,(株)鈴幸製作所,COMP-740,Exact Code,SZS,鈴幸製作所,0,0,0,0,KEEP (Matched)
037c1b45-d45a-4cff-bb02-30b61028d5c2,SZT,シンジ-テック(株),CUST-88,Exact Code,SZT,シンジ-テック,0,15,9,24,KEEP (Matched)
89bd34e5-7377-4179-89f5-f8ad613a759f,TAC,(株)タック,COMP-1065,Exact Code,TAC,タック,0,0,0,0,KEEP (Matched)
ca878d3b-af6f-411e-8bfb-f49a8190807e,TCI,(株)タチ産業 成田事業所,,Exact Code,TCI,タチ産業,0,0,0,0,KEEP (Matched)
b0717093-8f01-40a3-b78f-8e451a086017,TMC,(株)東京マイクロ,CUST-100,Exact Code,TMC,東京マイクロ,0,18,6,24,KEEP (Matched)
f8c42700-2248-40ca-ad4d-f9232a1ae2b8,TMK,東名化学工業(株),,Exact Code,TMK,東名化学工業,0,2,0,2,KEEP (Matched)
5be86ae0-2c17-4367-9623-69b2116b31fc,TMN,東京モートロニクス(株),COMP-990,Exact Code,TMN,東京モートロニクス,0,0,0,0,KEEP (Matched)
db744406-2b1b-4113-b0bf-cb4df0a1725a,TMP,(株)ティーエムパック,,Exact Code,TMP,ティーエムパック,0,0,0,0,KEEP (Matched)
f2d34692-9e8f-4cbf-9695-79c2ee5da0d3,TMS,岱明精工,,Exact Code,TMS,岱明精工,0,0,0,0,KEEP (Matched)
64d3cb77-55e3-486e-aeb9-97c87b460973,TMT,富田梱包(有),CUST-399,Exact Code,TMT,富田梱包,0,4,2,6,KEEP (Matched)
51e2049a-b1c0-4cad-b634-e037f5c40ea5,THD,(株)東北電子,,Exact Code,THD,東北電子,0,0,0,0,KEEP (Matched)
b30b70aa-0b94-48c8-a260-d3785ace8d62,THS,(株)東平商会,,Exact Code,THS,東平商会,0,1,0,1,KEEP (Matched)
a648dcf3-4cd9-4a3e-ba42-3ce419039d90,THT,(株)東北タチバナ,,Exact Code,THT,東北タチバナ,0,0,0,0,KEEP (Matched)
8b891ea8-3e7a-4bc8-b67c-0720e369680a,TMZ,玉澤精機(株),,Exact Code,TMZ,玉澤精機,0,2,0,2,KEEP (Matched)
ade37a77-5c96-4082-9e06-f5108702cf1e,TNK,(有) 田中精機,,Exact Code,TNK,田中精機,0,1,0,1,KEEP (Matched)
939f7d1f-77fc-4a68-a596-95ca55294a77,TNS,(有)高野スプリング製作所,COMP-909,Exact Code,TNS,高野スプリング製作所,0,0,0,0,KEEP (Matched)
85e8e087-11d3-4c22-ae1a-65b3649b8754,TNX,(株)タナックス,CUST-102,Exact Code,TNX,タナックス,16,39,25,80,KEEP (Matched)
0f8802a6-8a07-466d-bd07-787d3872d748,TOA,(株)TOUA 東日本事業統括本部,COMP-1130,Exact Code,TOA,TOUA 東日本事業統括本部,0,0,0,0,KEEP (Matched)
70b53a13-d40f-4a6e-a15a-9d9f81488128,TOD,戸田工業(株),COMP-980,Exact Code,TOD,戸田工業,0,0,0,0,KEEP (Matched)
b4aae58c-1d99-4eef-953d-02258b9bbf4a,TOH,東北テクトロン(株),,Exact Code,TOH,東北テクトロン,0,1,0,1,KEEP (Matched)
b6ef948f-a684-4b63-a0e1-a229469fc402,TOK,(株)東京千曲化成,CUST-103,Exact Code,TOK,東京千曲化成,7,20,0,27,KEEP (Matched)
f258fa95-df2b-494c-931e-80175d870125,TOS,東芝ビジネス&ライフサービス(株),COMP-1041,Exact Code,TOS,東芝ビジネス&ライフサービス,0,0,0,0,KEEP (Matched)
262c5b66-a2fa-4eed-80d0-c0b885d45c75,TOW,東和紙工(株),CUST-104,Exact Code,TOW,東和紙工,0,7,3,10,KEEP (Matched)
90035547-6bc3-47ec-8bfd-660019384a9c,TPN,(株)トッパンTDKレーベル,COMP-1140,Exact Code,TPN,トッパンTDKレーベル,0,0,0,0,KEEP (Matched)
ac5a3357-80b9-4465-a24e-c4a1225965e6,TPT,(株)トープラテクノ,,Exact Code,TPT,トープラテクノ,0,0,0,0,KEEP (Matched)
380cc808-c9ed-4c54-b177-80efcc326c85,TRD,(株)テラダイ鶴ヶ島,,Exact Code,TRD,テラダイ鶴ヶ島,0,2,0,2,KEEP (Matched)
8fef5673-fdc4-40f6-afe0-5afb504caf12,TRS,(株)テラシマ精機 野田川工場,,Exact Code,TRS,テラシマ精機,0,0,0,0,KEEP (Matched)
a9c62f94-d44f-413d-be54-473729f76848,TSI,(有) トーセイ精密,,Exact Code,TSI,トーセイ精密,0,0,0,0,KEEP (Matched)
2177d310-36bf-41e8-895b-10ffb831ae14,TTC,通菱テクニカ,,Exact Code,TTC,通菱テクニカ,0,0,0,0,KEEP (Matched)
f1b5c6f1-8f78-495e-997d-922248362823,TTR,(株)トータル・サウンド・スタック,,Exact Code,TTR,トータル・サウンド・スタック,0,0,0,0,KEEP (Matched)
ab021410-4de5-4f4e-9d4d-7ab1500d82b5,UEN,(株)ウエノ 南関東営業部 厚木支店,COMP-87,Exact Code,UEN,ウエノ,0,0,0,0,KEEP (Matched)
7ba383ea-d688-45a3-a005-c83742a64117,USL,ウシオライティング(株),COMP-256,Exact Code,USL,ウシオライティング,0,0,0,0,KEEP (Matched)
b7dd9005-45ec-4745-8a74-7b11c933de0e,USM,(有)牛丸製作所,COMP-97,Exact Code,USM,牛丸製作所,0,0,0,0,KEEP (Matched)
0db0fd16-67ed-4441-b3e4-70003be1a34b,UTI,(株)ウツヰ 東京支店,COMP-255,Exact Code,UTI,ウツヰ,0,0,0,0,KEEP (Matched)
b4e1c20d-e16f-427f-8ced-c6352f67fb31,UTR,宇都宮螺子(株),COMP-91,Exact Code,UTR,宇都宮螺子,0,0,0,0,KEEP (Matched)
46a3051b-1bbe-4ef4-b03f-6e11e5aa1198,WDS,和田ステンレス工業,CUST-226,Exact Code,WDS,和田ステンレス工業,0,1,0,1,KEEP (Matched)
b08d67a9-c394-4ae0-ac9c-0a6aa834cf09,YND,(株)米田金属製作所,COMP-1651,Exact Code,YND,米田金属製作所,0,0,0,0,KEEP (Matched)
1f5c72cb-d80f-485b-b7a7-0941dc0bcdd9,YNO,(株)ユニオンダイキャスティング,,Exact Code,YNO,ユニオンダイキャスティング,0,0,0,0,KEEP (Matched)
0faa003c-40a8-4c39-b2d3-4e1357dc75c5,YNS,(株)矢野製作所,COMP-1625,Exact Code,YNS,矢野製作所,0,0,0,0,KEEP (Matched)
b7c1a0b5-8e04-47a8-ae65-cadb9918b4f7,YGS,(株)山口製作所,COMP-1612,Exact Code,YGS,山口製作所,0,0,0,0,KEEP (Matched)
3323c086-9265-4cc3-b616-f8af2b528280,MKS,(株)ムラコシ精工,COMP-1570,Exact Code,MKS,ムラコシ精工,0,0,0,0,KEEP (Matched)
b874b398-47ce-4928-8dcd-0f3cfa39a636,MNT,ミナト精工,COMP-1584,Exact Code,MNT,ミナト精工,0,0,0,0,KEEP (Matched)
22dee0a5-e178-4443-b7f5-56c4422edc75,UNT,(株)ユニタス,COMP-1628,Exact Code,UNT,ユニタス,0,0,0,0,KEEP (Matched)
6226aada-f712-4868-b35e-c42eed632370,YOK,吉川工業(株) ハイプレシジョン君津工場,CUST-239,Exact Code,YOK,吉川工業(株),0,4,1,5,KEEP (Matched)
1c20be91-94d8-4a11-8606-fb6003863b26,YSA,(株)ワイ・エス・エージェンシー,COMP-1722,Exact Code,YSA,ワイ・エス・エージェンシー,0,0,0,0,KEEP (Matched)
0e4f33af-4859-499c-bbae-3f936549be5b,YSK,吉川化成(株)東北事業部,COMP-1633,Exact Code,YSK,吉川化成(株)東北事業部,0,0,0,0,KEEP (Matched)
6ba99089-941e-4593-929e-b54529382ba2,MCR-2,ﾐｸﾛﾝﾌﾟﾗｽﾁｯｸｽ,COMP-1568,No Match,,,0,0,0,0,ORPHAN (Garbage?)
3f3e8e6c-f9dc-430f-bf8d-a67eb673b896,3-912020-3サンプル(20120124).xls,ムトウ,COMP-1569,No Match,,,0,0,0,0,ORPHAN (Garbage?)
9e6b3c36-b5cb-4d87-9910-b7b722da4cfc,MIK4,メイコー,COMP-1571,No Match,,,0,0,0,0,ORPHAN (Garbage?)
5fc1d349-cb74-4c51-b5fc-32433a9dca66,ﾄﾚｲﾃﾞｰﾀ＆指示書(201408から).xlsx,メイワ電子☆,COMP-1573,No Match,,,0,0,0,0,ORPHAN (Garbage?)
225d5ada-1eb6-4eed-860e-1442536f68e8,MGW,メガワークス,COMP-1574,No Match,,,0,0,0,0,ORPHAN (Garbage?)
794791fe-39df-45b0-8642-c9fd86064f12,MDH,メディコスヒラタ,COMP-1576,No Match,,,0,0,0,0,ORPHAN (Garbage?)
b5ec24e3-289b-418a-9463-53f4048fb87b,MDX,メディックス,COMP-1577,No Match,,,0,0,0,0,ORPHAN (Garbage?)
01827acf-e2ad-45ef-84d0-f0e6d410b7ac,C式MF,ﾒﾀﾙﾌﾟﾗｽﾜﾝ,COMP-1579,No Match,,,0,0,0,0,ORPHAN (Garbage?)
036387d9-a888-4851-a35b-047dc0d0b3b8,MBK2,ﾒﾋﾞｺｼﾞｬﾊﾟﾝ,COMP-1580,No Match,,,0,0,0,0,ORPHAN (Garbage?)
36c7fe90-1c66-4aee-902a-02e36a177738,JAE-121-PP1.0ｻﾝﾌﾟﾙ,モデュレックス,COMP-1581,No Match,,,0,0,0,0,ORPHAN (Garbage?)
a3f6692c-5fa0-4527-a5c4-10f1af08bb14,MNM2,モナミ,COMP-1585,No Match,,,0,0,0,0,ORPHAN (Garbage?)
ea94a4c2-da5d-405e-a6a4-77362fc3069c,MNW,モノワイヤレス,COMP-1587,No Match,,,0,0,0,0,ORPHAN (Garbage?)
52ded0cf-4800-431a-98a3-b254fe15006f,MWE,モリワキエンジニアリング,COMP-1588,No Match,,,0,0,0,0,ORPHAN (Garbage?)
c753dde7-0cac-45b6-abbd-cf57965b9d30,MLG,モールド技研,COMP-1589,No Match,,,0,0,0,0,ORPHAN (Garbage?)
35de30dd-a7da-4753-b605-ebd35903d97d,D-025-1(20100319).xls,（株）モルテック,COMP-1590,No Match,,,0,0,0,0,ORPHAN (Garbage?)
025743dd-6fb1-431c-9d53-b8a6d60bfb81,UK,UK,COMP-1591,No Match,,,0,0,0,0,ORPHAN (Garbage?)
3a8a9adb-7f2e-477f-9424-ba15f44cabee,YSD02,ヤスダ産商㈱,COMP-1593,No Match,,,0,0,0,0,ORPHAN (Garbage?)
e63893d7-a43c-4ad3-b777-2cd2498738d3,YNG,ヤナ川精機製作所,COMP-1594,No Match,,,0,0,0,0,ORPHAN (Garbage?)
7f9f19ef-da08-4e43-af48-c5cc7cddd9df,YMI-2,ヤマイチ名古屋営業所,COMP-1596,No Match,,,0,0,0,0,ORPHAN (Garbage?)
4f9d92ee-6179-4616-a4bc-f83eb85a6c73,YMG02,ヤマゲン,COMP-1597,Exact Name,YMG,ヤマゲン,0,0,0,0,KEEP (Matched)
2ff20064-af07-4883-af79-59cec75a4c89,A-010-1-PET(20130828).xls,八代電機202109会社業務終了,COMP-1598,No Match,,,0,0,0,0,ORPHAN (Garbage?)
3df78bb2-3173-4793-b019-88d07700afaa,サンペルカ（丸大）20100927.xls,八洲商事,COMP-1599,No Match,,,0,0,0,0,ORPHAN (Garbage?)
237ed832-1eb7-4bb8-9fc8-58deffb79e3c,MMP,大和エム・エム・ピー,COMP-1600,No Match,,,0,0,0,0,ORPHAN (Garbage?)
1828d205-ecc0-46b7-a32a-3e2cc8a01c43,YTD,大和電器,COMP-1601,No Match,,,0,0,0,0,ORPHAN (Garbage?)
15af9fb3-9d59-44b0-9bde-bf8d02ec1c3a,YSS3,安田製作所,COMP-1602,No Match,,,0,0,0,0,ORPHAN (Garbage?)
c1fa0a70-e20c-4de8-b701-7369fd8da20e,ﾄﾚｲﾃﾞｰﾀ＆指示書(201408から).xlsx-2,山一精工白山工場☆,COMP-1603,No Match,,,0,0,0,0,ORPHAN (Garbage?)
60b472a9-0f0c-4419-b550-c348d213b526,G-020-3,山下マテリアル,COMP-1605,No Match,,,4,1,0,5,ORPHAN WITH FKS (Requires Manual Check)
32f6430e-f49f-4ddc-b00a-4373f26ff745,YMS3,山下マテリアルｻｰｷﾃｯｸ事業所,COMP-1606,No Match,,,0,0,0,0,ORPHAN (Garbage?)
f12f3641-7eea-4be2-9d9c-807a810468f8,YSH,山下包装,COMP-1607,No Match,,,0,0,0,0,ORPHAN (Garbage?)
16c46b9e-25f9-482a-bd62-b07a75e31dcc,YSD1,山下電気,COMP-1608,Exact Name,YMS,山下電気,0,0,0,0,KEEP (Matched)
37308f1e-1751-4666-bd4c-ce7bee8cff99,YMK-001,山久,COMP-1609,Exact Name,YMK,山久,0,0,0,0,KEEP (Matched)
ba2cb113-a748-43e4-b5d7-a065bafeb354,3-111111-3,山十産業,COMP-1610,No Match,,,0,0,0,0,ORPHAN (Garbage?)
a396b67b-ffd9-4110-9ee5-cacf2677404e,OKY2-2,山宗,COMP-1613,No Match,,,0,0,0,0,ORPHAN (Garbage?)
3856a3e5-0c94-46cb-b8ad-f4ae79bdd750,YSS01,山崎製作所,COMP-1614,Exact Name,YMZ,山崎製作所,0,0,0,0,KEEP (Matched)
33e435f1-fc7d-4617-9649-2d5f0bf92344,YMP2,山本パッケージ,COMP-1615,Exact Name,YMP,山本パッケージ,0,0,0,0,KEEP (Matched)
6baeb093-35fb-4209-b250-3238e827fd97,YMM3,山本電機製作所,COMP-1617,No Match,,,0,0,0,0,ORPHAN (Garbage?)
633eea98-03db-40cc-99cf-b1b1485d49a4,YMZ-PP-50（20080715）.xls,山津電機,COMP-1618,No Match,,,0,0,0,0,ORPHAN (Garbage?)
7f3e0b81-ab88-410d-8278-08a16d7842d2,YMG3,山源機械工具,COMP-1619,No Match,,,0,0,0,0,ORPHAN (Garbage?)
7a48d7d6-ec2a-468d-bab2-18014207fc52,YMD2,山田精工,COMP-1620,No Match,,,0,0,0,0,ORPHAN (Garbage?)
2de41dbc-a667-40d9-bed4-0b2fea0f09f9,YTK,山田耐酸機器工業所,COMP-1621,No Match,,,0,0,0,0,ORPHAN (Garbage?)
9e6fc984-48ab-4cc0-b891-733e5f731a02,YMD3,山田製作所（愛知県）,COMP-1622,No Match,,,0,0,0,0,ORPHAN (Garbage?)
080a87b2-93f8-4cd4-8fb0-82692b3bcd74,YND2,矢野電機,COMP-1626,No Match,,,0,0,0,0,ORPHAN (Garbage?)
4f45ec48-707c-48df-8ee3-0c4e6f1048e3,YSS02,野州精機,COMP-1627,Exact Name,YSS,野州精機,0,0,0,0,KEEP (Matched)
2eb77e3e-5fe3-43b3-8d35-d93b9b869cf3,YUS01,雄信,COMP-1630,Exact Name,YUS,雄信,0,0,0,0,KEEP (Matched)
10b45f08-6b5a-4d30-8a72-a746aeb6cacc,COMP-1631,ヨシダエンタープライズ,COMP-1631,No Match,,,0,0,0,0,ORPHAN (Garbage?)
185cd165-5081-4152-b71f-16cfcafb50ee,YDK2,吉城電子工業,COMP-1632,No Match,,,0,0,0,0,ORPHAN (Garbage?)
dda77091-4664-4eab-9c39-478e0b87dcaf,WRL,ワイヤレステクノロジー(株),,Exact Code,WRL,ワイヤレステクノロジー,0,0,0,0,KEEP (Matched)
977b8855-2d85-4ba0-896d-787847953d36,YDK,吉野電化工業(株),,Exact Code,YDK,吉野電化工業,0,0,0,0,KEEP (Matched)
62d05bdf-6d0a-49f0-a44a-9408fcc376fd,YIS,山一精工(株) 京都事業所,COMP-1604,Exact Code,YIS,山一精工(株),0,0,0,0,KEEP (Matched)
30f9390b-1c25-4e9d-a794-22520bbd6745,YKD,山形航空電子(株),,Exact Code,YKD,山形航空電子,0,1,1,2,KEEP (Matched)
0df66298-7cf4-4996-9941-4da48b21ef65,YKK,(有)吉田化成工業所,COMP-1636,Exact Code,YKK,吉田化成工業所,0,0,0,0,KEEP (Matched)
d64fb828-177a-4d45-ac49-32d7377b5e04,YKS,横浜金属商事(株) 神奈川事業所,CUST-235,Exact Code,YKS,横浜金属商事(株),0,3,0,3,KEEP (Matched)
3f4531a2-be2c-4ed4-a2cf-efe0023edcf2,YKT,横田工機(株),COMP-1647,Exact Code,YKT,横田工機,0,0,0,0,KEEP (Matched)
c676b2bb-fb82-4f99-b310-3f19ac6b0b03,YKW,(株)ヨコオ,CUST-236,Exact Code,YKW,ヨコオ,2,14,10,26,KEEP (Matched)
2f59c7bd-6849-46c6-9a4c-9f12122af61a,YMD,(株)山田製作所,,Exact Code,YMD,山田製作所,0,0,0,0,KEEP (Matched)
655e5b31-ebd1-45e2-8123-2dff83d190f2,YMG,(株)ヤマゲン,COMP-1611,Exact Code,YMG,ヤマゲン,0,0,0,0,KEEP (Matched)
a35aa9fc-687c-462f-84cf-c40297eccbd6,YMH,ヤマハ(株),,Exact Code,YMH,ヤマハ,0,0,0,0,KEEP (Matched)
c5fb5850-56b2-433e-bbdf-1d707c9ba076,YMI,山一精工(株) 京都事業所,COMP-1595,Exact Code,YMI,山一精工(株),0,0,0,0,KEEP (Matched)
78251438-2c79-417e-beb8-2d26b08a4e8c,YMK,(株)山久 彦根営業所,CUST-324,Exact Code,YMK,山久,0,1,0,1,KEEP (Matched)
47433fd2-56ed-47b4-95d9-4adce785c675,YMM,ヤマトマテリアル(株),COMP-1616,Exact Code,YMM,ヤマトマテリアル,0,0,0,0,KEEP (Matched)
13b51fe5-3a65-49d3-80ce-95b3de48b6ee,YMP,山本パッケージ(株),,Exact Code,YMP,山本パッケージ,0,0,0,0,KEEP (Matched)
48dd5c0a-7a79-4d33-829a-3706292ca112,YMZ,山崎製作所,,Exact Code,YMZ,山崎製作所,0,0,0,0,KEEP (Matched)
5366530b-5511-492f-9d6b-f4c535d21692,YSM,山下マテリアル(株)サーキテックカンパニー,CUST-241,Exact Code,YSM,山下マテリアル(株)サーキテックカンパニー,4,58,16,78,KEEP (Matched)
598121f4-fb07-4623-8b8f-89dc8279b646,YSN,吉野化工,,Exact Code,YSN,吉野化工,0,0,0,0,KEEP (Matched)
91769f99-5be5-44f6-9aad-9b38ddcc0baa,YSS,(有)野州精機,,Exact Code,YSS,野州精機,0,0,0,0,KEEP (Matched)
8c59a995-3562-4d92-90b0-4f4653f53639,YAE,山形航空電子株式会社,,Exact Code,YAE,山形航空電子,0,0,0,0,KEEP (Matched)
9edb36f8-94d6-49ac-8ea4-9190bd390240,999,後日確認,,Exact Code,999,後日確認,0,0,0,0,KEEP (Matched)
f338842a-c268-421a-adb9-b0c6cfcdb7e1,A3C,エースリーシー・デザイン事務所,CUST-398,Exact Code,A3C,エースリーシー・デザイン事務所,0,4,0,4,KEEP (Matched)
4fc1156c-e107-49f7-b7ef-2c60ff39314b,AAK,(株)アーク RPT工場,CUST-386,Exact Code,AAK,アーク,0,2,0,2,KEEP (Matched)
0d660e4d-180d-40b6-a970-b0a66e0286a2,AAT,(株)エイアンドティー,CUST-109,Exact Code,AAT,エイアンドティー,0,29,20,49,KEEP (Matched)
72e306f3-f481-4c24-9faf-9b25be01c84d,AB,(株)エービー,,Exact Code,AB,エービー,0,0,0,0,KEEP (Matched)
ff4d892c-07cc-4d35-abcc-866a9b6dafe9,ACD,(株)エースキャド,COMP-304,Exact Code,ACD,エースキャド,0,0,0,0,KEEP (Matched)
d4d76329-5e3a-45f8-87f3-70d06b6ec916,ADK,(株)エーディーケイ,,Exact Code,ADK,エーディーケイ,0,0,0,0,KEEP (Matched)
b0515490-7a71-4c4a-b7a6-55852eff557a,ADO,アドバンテック 宮古工場,,Exact Code,ADO,アドバンテック,0,0,0,0,KEEP (Matched)
bad9e1de-542f-4bc3-9aa1-c682bde93b5d,ADV,(株)アドバネクス 本社,CUST-110,Exact Code,ADV,アドバネクス,6,85,13,104,KEEP (Matched)
ed4cc1ca-f946-46d1-9beb-b75e551f8f31,AFM,(株)エーエフエムシー,,Exact Code,AFM,エーエフエムシー,0,0,0,0,KEEP (Matched)
fdf7f754-986f-438c-a5ef-e2e6c945dbb4,AHN,(株)朝比奈 本社,,Exact Code,AHN,朝比奈,0,0,0,0,KEEP (Matched)
6e60b380-571d-4eaa-819b-0acb77c7fdab,DDL,(株)ディーディーエル,COMP-1124,Exact Code,DDL,ディーディーエル,0,0,0,0,KEEP (Matched)
b8c2796e-dce1-4ea6-9e99-7369ec316738,DGK,(株)電子技研工業,COMP-965,Exact Code,DGK,電子技研工業,0,0,0,0,KEEP (Matched)
46779df5-53c5-4184-95af-8b137d275b1b,DIC,(株)大一,CUST-141,Exact Code,DIC,大一,137,195,49,381,KEEP (Matched)
0f977753-49ef-4435-92f9-b9ea3eaa001c,DII,(株)第一 西東京支社,COMP-926,Exact Code,DII,第一,0,0,0,0,KEEP (Matched)
6e71581a-1639-4e91-8259-49f43dbb3d4d,DIK,(株)ダイコー,COMP-928,Exact Code,DIK,ダイコー,0,0,0,0,KEEP (Matched)
74e54cb1-b756-4dfa-b273-27e7ec1319d2,DIM,(株)大妙,CUST-142,Exact Code,DIM,大妙,0,34,21,55,KEEP (Matched)
523c65a5-7cca-4ffd-8e62-3b55cb423d5d,DIN,ダイナオックス(株),CUST-143,Exact Code,DIN,ダイナオックス,0,2,1,3,KEEP (Matched)
68bc8114-6ddd-4772-998a-19543b94c05b,DIS,(株)ダイシン,CUST-268,Exact Code,DIS,ダイシン,0,1,1,2,KEEP (Matched)
e6a834ff-2d9f-4ab4-99eb-d69d9915f437,DIW,(株)ダイワ化成,,Exact Code,DIW,ダイワ化成,0,0,0,0,KEEP (Matched)
e9760b77-c4b0-46e1-a0c5-96255c2bd25c,DIY,ダイヤ精密(株),COMP-1086,Exact Code,DIY,ダイヤ精密,0,0,0,0,KEEP (Matched)
ed0f0d88-8959-4319-ae4d-cf7e138b18a9,DKI,大研医器(株),COMP-923,Exact Code,DKI,大研医器,0,0,0,0,KEEP (Matched)
246c7f6d-e0f2-4a12-94c4-b55e34144836,DKK,電気化学工業(株) 渋川工場,COMP-967,Exact Code,DKK,電気化学工業(株),0,0,0,0,KEEP (Matched)
4a70dade-9298-4a5a-a1cc-427dfe8e45ee,DKY,大庫洋紙(株) 営業本部,COMP-918,Exact Code,DKY,大庫洋紙(株) 営業本部,0,0,0,0,KEEP (Matched)
0d918b12-c16c-4454-9303-68888d176c98,DNL,(株)ダンレイ,COMP-1084,Exact Code,DNL,ダンレイ,0,0,0,0,KEEP (Matched)
6048356b-beb2-4f73-97f5-60c8e5dfb4bb,DNP,大日本商事(株),COMP-921,Exact Code,DNP,大日本商事,0,0,0,0,KEEP (Matched)
d3be351c-d312-43a3-8645-b5411ebd9662,DSK,(株)電子設計,COMP-966,Exact Code,DSK,電子設計,0,0,0,0,KEEP (Matched)
183cecd8-1c2d-4a2a-9ef6-cb1d21922c42,EKS,(株)エクセル,,Exact Code,EKS,エクセル,0,1,0,1,KEEP (Matched)
b82f6f09-fc19-419c-ad7a-10432aa9ccb4,FJK,(株)青森フジクラ金矢,CUST-155,Exact Code,FJK,青森フジクラ金矢,0,8,4,12,KEEP (Matched)
4a62b81f-017e-41e0-a0e2-4da5c41a119d,FLX,フレックス・ディー(株),COMP-1423,Exact Code,FLX,フレックス・ディー,0,0,0,0,KEEP (Matched)
184dcc45-f5c8-4179-9cf0-08045dd7698c,FSO,(株)富創,COMP-1337,Exact Code,FSO,富創,0,0,0,0,KEEP (Matched)
d608901c-0db9-4394-8c18-9aac9278144d,FSS,(株)福島製作所,COMP-1350,Exact Code,FSS,福島製作所,0,0,0,0,KEEP (Matched)
85986ba9-e84e-41d9-ba97-4e9a4cf35b27,FTK,富士通化成(株),COMP-1343,Exact Code,FTK,富士通化成,0,0,0,0,KEEP (Matched)
7d7186c8-2199-4f7c-ba32-7ea4397f7127,GC,(株)ジーシー デザイン部,,Exact Code,GC,ジーシー デザイン部,0,0,0,0,KEEP (Matched)
97dca040-9816-4f99-92e2-4a4cec582743,GCM,ジーコム(株),COMP-828,Exact Code,GCM,ジーコム,0,0,0,0,KEEP (Matched)
910ab73a-ae1b-4fda-a0ac-ec207ae7952f,GKU,技工(株),,Exact Code,GKU,技工,0,0,0,0,KEEP (Matched)
c73c2af3-5a6d-422c-9207-2662bd79b1f8,GMS,群馬精工(株),COMP-446,Exact Code,GMS,群馬精工,0,0,0,0,KEEP (Matched)
0cb47667-6158-4440-9c18-b0182595e6d4,GMY,(株)五明紙器製作所,CUST-157,Exact Code,GMY,五明紙器製作所,6,177,38,221,KEEP (Matched)
1ee4c0a6-1aa5-40a0-9093-b83ec1ba4530,GNM,群馬精工株式会社 藤岡工場,COMP-445,Exact Code,GNM,群馬精工株式会社,0,0,0,0,KEEP (Matched)
c42da5ae-df1c-4260-9552-8d44970c791b,HJR,(有) ひじり工研,,Exact Code,HJR,ひじり工研,0,0,0,0,KEEP (Matched)
9d90319d-2589-4663-9c8d-956cc1942776,HYK,(有)早川製作所,COMP-1284,Exact Code,HYK,早川製作所,0,0,0,0,KEEP (Matched)
39f48211-14a5-489a-a994-2edf3f7ad32e,HYM,(株)葉山電器製作所,COMP-1303,Exact Code,HYM,葉山電器製作所,0,0,0,0,KEEP (Matched)
3f8ef936-c544-4941-b632-5139f41c9d21,HYT,林テレンプ株式会社,CUST-169,Exact Code,HYT,林テレンプ,0,2,0,2,KEEP (Matched)
a7f7974e-279e-4c8d-8a81-0abbca89b986,ICK,(有)一幸工業,,Exact Code,ICK,一幸工業,0,0,0,0,KEEP (Matched)
50a8268f-f52d-4918-aa40-32db8331c572,JCT,ジャパンコンミュテーター(株),,Exact Code,JCT,ジャパンコンミュテーター,0,2,1,3,KEEP (Matched)
326184cd-fb7e-4668-9b74-ddac61849905,JED,上越電子工業(株),COMP-719,Exact Code,JED,上越電子工業,0,0,0,0,KEEP (Matched)
6a408913-501f-4cde-a71c-8c36d60e96a7,JJD,(株)十字電子,COMP-720,Exact Code,JJD,十字電子,0,0,0,0,KEEP (Matched)
b75fa9c0-f160-42d9-8afd-70a548191911,JKK,(株)樹研工業,COMP-722,Exact Code,JKK,樹研工業,0,0,0,0,KEEP (Matched)
50bb16f7-af5a-4610-8383-e729ab4ffb38,JLS,(株)ジョルソン,COMP-860,Exact Code,JLS,ジョルソン,0,0,0,0,KEEP (Matched)
1f4c0911-02e1-4561-bf35-944abf8a0e9b,JMT,ジェイエムティー(株),COMP-824,Exact Code,JMT,ジェイエムティー,0,0,0,0,KEEP (Matched)
e4889c3e-be32-4e6d-813e-c40164ee7746,JOC,上智大学 理工学部,COMP-718,Exact Code,JOC,上智大学 理工学部,0,0,0,0,KEEP (Matched)
53de67f4-adc3-4373-a65c-174929c1aa62,JON,JOHNAN(株),COMP-821,Exact Code,JON,JOHNAN,0,0,0,0,KEEP (Matched)
d5570278-0b2f-4c39-84bc-c9271bce1e8d,JSD,(有) 常創電子,,Exact Code,JSD,常創電子,0,0,0,0,KEEP (Matched)
f9e87e38-10d0-4f09-a069-cb65914c5c9e,KBH,(株)小林包装,COMP-480,Exact Code,KBH,小林包装,0,0,0,0,KEEP (Matched)
84e1d56d-8927-477a-94dc-401114bcec85,KBS,(株)高分子技研,CUST-182,Exact Code,KBS,高分子技研,0,1,0,1,KEEP (Matched)
28637214-d840-41ce-9ba2-b42964ff77e2,KNP,カネパッケージ(株),COMP-523,Exact Code,KNP,カネパッケージ,0,0,0,0,KEEP (Matched)
89f3283d-e890-474a-97d9-08b42e49a6a5,KOG,(株)興国ゴム 赤羽工場,CUST-191,Exact Code,KOG,興国ゴム,4,4,3,11,KEEP (Matched)
8ad94a5d-cf60-4dd4-99ea-87ba067ad8f5,KWG,(株)川口義治商店,,Exact Code,KWG,川口義治商店,0,0,0,0,KEEP (Matched)
81356f0f-4eac-41db-a059-7fde4b2fd155,KWI,(株)カワイ,,Exact Code,KWI,カワイ,0,4,0,4,KEEP (Matched)
85d21fa4-f152-4518-ab3f-a019fc2d7f1a,KWN,桑名エンヂニアリング プラスチック (株),COMP-439,Exact Code,KWN,桑名エンヂニアリング プラスチック,0,0,0,0,KEEP (Matched)
0125b43a-858c-465d-9ca0-791d81083d1d,KWS,川崎エコー(株),,Exact Code,KWS,川崎エコー,0,0,0,0,KEEP (Matched)
bbf3e32d-46eb-4e67-aa03-1631adb8869d,KYK,光洋金属工業(株),,Exact Code,KYK,光洋金属工業,0,0,0,0,KEEP (Matched)
f237f3c2-89cc-462c-81c5-392407158836,KYO,協伸工業(株) 川越工場,,Exact Code,KYO,協伸工業(株),0,0,0,0,KEEP (Matched)
c383ac3b-01a9-4742-881f-57eee93144c1,KYP,旭洋紙パルプ(株),COMP-419,Exact Code,KYP,旭洋紙パルプ,0,0,0,0,KEEP (Matched)
11baa9c3-dcaa-46f9-9964-de0975e51559,KYR,(有)協立化成,COMP-406,Exact Code,KYR,協立化成,0,0,0,0,KEEP (Matched)
0533fb74-b04e-4d6e-bb8e-e39e294b3e56,KYW,共和発条,,Exact Code,KYW,共和発条,0,1,0,1,KEEP (Matched)
9555d1a2-cc7e-4fb4-86e1-d30031c47793,LGA,(株)ロジカルアイ,,Exact Code,LGA,ロジカルアイ,0,0,0,0,KEEP (Matched)
3eb18519-a9da-4407-add8-ca1ed795da69,MKK,(株)松見科学計測,COMP-1473,Exact Code,MKK,松見科学計測,0,1,0,1,KEEP (Matched)
4f722082-4c00-4543-a820-c0c545e14966,MMD,ミツミ電機(株),,Exact Code,MMD,ミツミ電機,0,0,0,0,KEEP (Matched)
d252b79a-f99d-40fd-8560-a41fbbeff2ff,MMS,(株)松本製作所 本社,COMP-1468,Exact Code,MMS,松本製作所,0,0,0,0,KEEP (Matched)
c5f26d26-7aae-4499-ad83-dd307575c70f,MNB,(株)松永文商店,COMP-1469,Exact Code,MNB,松永文商店,0,0,0,0,KEEP (Matched)
3c52ba34-0383-4b32-940c-99385e68f20d,MNM,(株)ミニモ,CUST-1,Exact Code,MNM,ミニモ,0,6,0,6,KEEP (Matched)
30291022-65b0-495f-a10a-abf7409a8754,MNS,(株)湊製作所,COMP-1498,Exact Code,MNS,湊製作所,0,0,0,0,KEEP (Matched)
36492db7-ec4a-4388-926e-04042e94b1b7,MOE,(株)MOEX,,Exact Code,MOE,MOEX,0,0,0,0,KEEP (Matched)
9855ef3d-0637-4217-94c3-a84cf675da33,MOL,日本モレックス(株) 静岡工場 組立,,Exact Code,MOL,日本モレックス(株) 静岡工場 組立,0,0,0,0,KEEP (Matched)
54413122-7917-4d14-a42b-89772cd2d526,MOR,(有)モルテック,,Exact Code,MOR,モルテック,0,0,0,0,KEEP (Matched)
ab1b68a8-e9c9-4ef8-8764-8c961e3590af,MRK,村上シンク,,Exact Code,MRK,村上シンク,0,0,0,0,KEEP (Matched)
5dc62562-925f-49d4-9637-196afa3bac4c,MRM,丸み興商(株),COMP-1539,Exact Code,MRM,丸み興商,0,0,0,0,KEEP (Matched)
0f25e4b8-058a-4b5f-b24a-3cec213098a6,MRS,マルサンネーム,,Exact Code,MRS,マルサンネーム,0,1,0,1,KEEP (Matched)
183005a9-d719-4009-a17c-f68a6a8a1bc3,MRT,村田工業(株)藤枝工場,,Exact Code,MRT,村田工業(株)藤枝工場,0,0,0,0,KEEP (Matched)
9594547f-f3da-4edc-a350-5ea7edc52937,MRW,(株)MARUWA 春日山工場,,Exact Code,MRW,MARUWA,0,0,0,0,KEEP (Matched)
936c2d36-cf6d-4660-87c7-158df4712ecf,MSD,(株)エム・エス・ディー,COMP-1536,Exact Code,MSD,エム・エス・ディー,0,0,0,0,KEEP (Matched)
c684eb6b-d76c-447b-be52-fba96fc7e76b,YHK,横浜金属(株),COMP-1645,Exact Code,YHK,横浜金属,0,0,0,0,KEEP (Matched)
a2961b78-0935-41e5-8f64-559f97f360bd,RPR,(株)ラプロパック,COMP-1684,Exact Code,RPR,ラプロパック,0,0,0,0,KEEP (Matched)
f0e5bf84-c684-41ba-a636-d0947bdcb797,UNP,(株)ユニオンパーツ工業,COMP-1661,Exact Code,UNP,ユニオンパーツ工業,0,0,0,0,KEEP (Matched)
651bb104-0e05-4bdd-bec4-043b69f8803d,UST,(有)ユーズテック,COMP-1666,Exact Code,UST,ユーズテック,0,0,0,0,KEEP (Matched)
280c3836-8d76-4eb1-b1ad-98a8fe05a892,YUS,(株)雄信,,Exact Code,YUS,雄信,0,0,0,0,KEEP (Matched)
6a03a77e-c0dd-45b2-85d6-6712b92df515,YSK-2,吉川化成茨城工場,COMP-1634,No Match,,,0,0,0,0,ORPHAN (Garbage?)
48e42441-e406-41e0-a54c-da469aa70b69,YOK2,吉川工業,COMP-1635,No Match,,,0,0,0,0,ORPHAN (Garbage?)
96c8c528-92b4-479f-a74a-0653c36cbb76,YDS2,吉田商会,COMP-1637,No Match,,,0,0,0,0,ORPHAN (Garbage?)
a9f7369b-5d81-4adf-850f-571c5ed25d42,E-050-1(20080403).xls,吉野加工,COMP-1638,No Match,,,0,0,0,0,ORPHAN (Garbage?)
499b11fe-9f64-4ba0-a282-728528dca5c2,YDK01,吉野電化工業,COMP-1639,Exact Name,YDK,吉野電化工業,0,0,0,0,KEEP (Matched)
1730b3dc-d299-4198-98f5-73014d0ea25c,YKY2,横山製作所,COMP-1640,No Match,,,0,0,0,0,ORPHAN (Garbage?)
a755459c-f179-4315-9a7f-077577a12d48,YGD,横河電機,COMP-1641,No Match,,,0,0,0,0,ORPHAN (Garbage?)
6d81d671-92ee-4098-983b-1f6321b0453f,YHK02,横浜工業,COMP-1643,No Match,,,0,0,0,0,ORPHAN (Garbage?)
de8f0d06-8d4f-44e7-a115-e3c3ddc82d2d,YKK2,横浜機工,COMP-1644,No Match,,,0,0,0,0,ORPHAN (Garbage?)
57dab369-5f31-4612-919f-a676f397a13a,YHG,横浜ｺﾞﾑ平塚東工場,COMP-1646,No Match,,,0,0,0,0,ORPHAN (Garbage?)
03a62f6c-d3a9-46cc-a7da-12df9fbfe4f8,YKY01,横谷紙器製作所,COMP-1648,No Match,,,0,0,0,0,ORPHAN (Garbage?)
e901ab2b-292f-433a-b5b4-149127bf6694,YAC,淀川ＡＣＣ,COMP-1649,No Match,,,0,0,0,0,ORPHAN (Garbage?)
a45d5b02-97e7-4f5f-8fd5-4996e868f6a9,YND3,米田精機,COMP-1650,No Match,,,0,0,0,0,ORPHAN (Garbage?)
912ee169-7c49-4f24-9a8b-862a391001b1,YGD2,ヤグチ電子工業,COMP-1652,No Match,,,0,0,0,0,ORPHAN (Garbage?)
8d78c7a9-27b8-4e74-b553-9d587b87621d,YKP01,ヤザキプランニング,COMP-1653,No Match,,,0,0,0,0,ORPHAN (Garbage?)
76b1ca8f-e64c-46e6-b5fa-b94949ac5ab1,YMS2,ヤマセ電気,COMP-1655,No Match,,,0,0,0,0,ORPHAN (Garbage?)
79944f5c-d365-4994-9e96-d7772eb37dbd,YMM2,ヤマトマテリアル,COMP-1656,Exact Name,YMM,ヤマトマテリアル,0,0,0,0,KEEP (Matched)
800e9cb5-1179-41eb-8fc0-454b4a460386,YMY,ヤマヤス,COMP-1657,No Match,,,0,0,0,0,ORPHAN (Garbage?)
6c4b38ee-828b-4a2f-b326-d3e01f585008,5-912084-4,ユウエツ精機☆,COMP-1658,No Match,,,0,0,0,0,ORPHAN (Garbage?)
c9afb51c-b7f1-48eb-a992-8a9c34863aa8,UNO,ユニオン,COMP-1659,No Match,,,0,0,0,0,ORPHAN (Garbage?)
77b5952c-6081-4cad-84c2-e9ed171edbf7,UOT,ユニオンツール,COMP-1660,No Match,,,0,0,0,0,ORPHAN (Garbage?)
a49a07bf-5e6f-48f9-aadb-ba281359f122,UNM,ユニメックス,COMP-1662,No Match,,,0,0,0,0,ORPHAN (Garbage?)
4468af59-5b44-4b25-bb3b-d59b024be02d,YRT,ユリトン,COMP-1663,No Match,,,0,0,0,0,ORPHAN (Garbage?)
5c930fde-8351-4c0e-b253-04d24e8bf042,UM,ユーエム,COMP-1664,No Match,,,0,0,0,0,ORPHAN (Garbage?)
c5aaf6bd-0b53-46ee-a776-4d9251bd3d82,UGH,ユージーハイテックス☆,COMP-1665,No Match,,,0,0,0,0,ORPHAN (Garbage?)
02d482ce-0887-49e2-b0c3-10675a253f52,YDN,ユーデン,COMP-1667,No Match,,,0,0,0,0,ORPHAN (Garbage?)
bed1a1a1-58ab-4f84-9859-1da68cfe215e,UMC,ユー・エム・シー・エレクトロニクス,COMP-1668,No Match,,,0,0,0,0,ORPHAN (Garbage?)
5ba13ac3-bccf-44a0-ab75-f9a42e81ad71,YKW-001,ヨコオ,COMP-1669,Exact Name,YKW,ヨコオ,0,0,0,0,KEEP (Matched)
ae88f9a8-87d3-427d-b472-0afcc33fe25f,YKW2,ヨコオプレシジョン,COMP-1670,No Match,,,0,0,0,0,ORPHAN (Garbage?)
ad8fcfea-4bc8-47c6-b890-bc7928b61b20,YMJ2,ヨシムラジャパン,COMP-1671,No Match,,,0,0,0,0,ORPHAN (Garbage?)
91b5731f-26ff-475a-8953-708893eed0b5,RIS01,ライズ,COMP-1672,No Match,,,0,0,0,0,ORPHAN (Garbage?)
7fcf2c7a-b24c-4af7-ace2-03f6288c6d3e,RKS2,菱光社,COMP-1673,No Match,,,0,0,0,0,ORPHAN (Garbage?)
1b0673b1-202b-4f3f-8ff1-dcf0040d56ef,1447287-1-3,菱華工業☆,COMP-1674,No Match,,,0,0,0,0,ORPHAN (Garbage?)
57aa3b66-23af-4860-9dd7-5bb9a314e7cb,RKG01,ロクゴー,COMP-1675,No Match,,,0,0,0,0,ORPHAN (Garbage?)
e60a63b2-90f0-4dd7-b794-0f66c246debc,RGS-5-52-4(20180605)軽銀.xlsx,ロジスパック,COMP-1676,Exact Name,RGS,ロジスパック,0,0,0,0,KEEP (Matched)
de1b5592-58de-4cd9-855d-55e8a93ecfad,AA42FB1.tmp,ロッキー化成,COMP-1677,Exact Name,ROK,ロッキー化成,0,0,0,0,KEEP (Matched)
57b68cc5-1ec9-4fe6-96d6-66e748c8063d,RKW,六和化成工業所,COMP-1678,No Match,,,0,0,0,0,ORPHAN (Garbage?)
18a8b7c5-7523-45b5-aa15-f236c858f91c,RSC,ライズ・シー,COMP-1679,No Match,,,0,0,0,0,ORPHAN (Garbage?)
2693918c-226d-4c5e-b603-d64598e33e32,KRE01,ライブエンジニアリング(旧クリエイト）,COMP-1680,No Match,,,0,0,0,0,ORPHAN (Garbage?)
d5ed93c1-ab9b-48ea-aec5-5a3284bb774c,LPL2,ラプラス郡山営業所,COMP-1683,No Match,,,0,0,0,0,ORPHAN (Garbage?)
9328cb6f-2b3d-4181-b06c-300b38ec8a83,KES03,Ring(旧康永精密),COMP-1686,No Match,,,0,0,0,0,ORPHAN (Garbage?)
ae8bde50-670e-4b39-a5c3-991bf17d2709,RKZ,リカザイ,COMP-1687,No Match,,,0,0,0,0,ORPHAN (Garbage?)
4d8f38fe-c44e-4e09-924e-ce5deef4cb78,RE_,リコーインダストリアルソリューションズ,COMP-1688,No Match,,,0,0,0,0,ORPHAN (Garbage?)
e8547211-ddd9-4785-a553-33f6b7146f36,Estimates_100_72256_00_10_2024051619,リコーインダストリアルソリューションズ鳥取事業所,COMP-1689,No Match,,,0,0,0,0,ORPHAN (Garbage?)
4cd56051-e96c-4355-b4a3-726cfb4cc787,RTJ,リサイクルテック･ジャパン,COMP-1690,No Match,,,0,0,0,0,ORPHAN (Garbage?)
9a3a4985-aa15-4067-a4f8-f6ad15138ba6,RTM,リズム会津工場☆,COMP-1691,No Match,,,0,0,0,0,ORPHAN (Garbage?)
ce4d9ffe-6194-489d-b05f-3a16a84e6a95,RES,リッシュ,COMP-1692,No Match,,,0,0,0,0,ORPHAN (Garbage?)
cadb4466-e755-49fd-8cd0-d2830386dcc1,RVN,リバーノ,COMP-1693,No Match,,,0,0,0,0,ORPHAN (Garbage?)
e22e4366-070a-4735-9d3c-ea98a88fe47d,RNE,ルネサスイートン,COMP-1696,No Match,,,0,0,0,0,ORPHAN (Garbage?)
0d9fb8cb-744a-4a2e-b31c-dfa078f30832,RGRS-002(20160613)型売り.xlsx,レグルス,COMP-1698,Exact Name,RGRS,レグルス,0,0,0,0,KEEP (Matched)
09e15d0a-2603-41aa-813d-aa6678fd5b61,NGC,(株)野口製作所,COMP-1239,Exact Code,NGC,野口製作所,0,0,0,0,KEEP (Matched)
e46e1fc8-dd35-43cc-8958-791525d41ded,NGT,新潟精密(株),CUST-19,Exact Code,NGT,新潟精密,7,19,7,33,KEEP (Matched)
564c4ada-f866-4a88-8358-1b97cac614f1,NHC,日本コネクト工業(株),CUST-20,Exact Code,NHC,日本コネクト工業,3,14,5,22,KEEP (Matched)
e51f5ad9-421e-4f66-aa1a-e830e27bf45b,NHE,(株)日本エレクトリック,COMP-1210,Exact Code,NHE,日本エレクトリック,0,0,0,0,KEEP (Matched)
ad0bd168-1913-4084-b77f-0125bf75a22e,NHI,(株)仁瓶製作所,,Exact Code,NHI,仁瓶製作所,0,3,0,3,KEEP (Matched)
8edb5edf-f69b-479f-bfe9-e55af9198ae0,NHN,日本サービック(株),,Exact Code,NHN,日本サービック,0,1,0,1,KEEP (Matched)
162b7e0a-4ae5-4274-a060-698e1374965e,NIC,(株)農協印刷センター,COMP-1238,Exact Code,NIC,農協印刷センター,0,0,0,0,KEEP (Matched)
cc3a60c8-ce0f-4ce5-a951-0f2a3ed41dc8,NIK,ニッコー精機(株),,Exact Code,NIK,ニッコー精機,0,3,2,5,KEEP (Matched)
7348868a-586e-4f54-8a41-1e3e6ad0d396,NIT,(株) 日東電機,CUST-22,Exact Code,NIT,日東電機,0,13,2,15,KEEP (Matched)
145f2f54-5df3-4db2-8b05-8e719eac1b46,NKD,ニコー電子(株) 第2工場,,Exact Code,NKD,ニコー電子(株),0,0,0,0,KEEP (Matched)
c7229a7f-76b9-4124-8c1f-f3b50aa9b2dc,NKE,(株)ナカエ電子,,Exact Code,NKE,ナカエ電子,0,0,0,0,KEEP (Matched)
50b450e2-10e2-4dde-80fe-7e98deed2fb8,NKI,(有)ナカイ精工,CUST-23,Exact Code,NKI,ナカイ精工,0,15,8,23,KEEP (Matched)
c8ebcce5-29d8-43a6-86dd-dfaba938e4af,NKJ,(株)ナカジマ,COMP-1156,Exact Code,NKJ,ナカジマ,0,0,0,0,KEEP (Matched)
c7666747-7b72-4703-b12c-4c0c03abbd8d,NKK,西川工具(株) 新潟営業所,COMP-1179,Exact Code,NKK,西川工具(株),0,0,0,0,KEEP (Matched)
b5c8b6cc-8f1f-4dda-839e-320bf969599f,NKL,ニッコー・ロジスティクス(株),,Exact Code,NKL,ニッコー・ロジスティクス,0,0,0,0,KEEP (Matched)
27cfbff1-63ef-463e-be81-198bea8c44f4,NKM,中村工機(株),,Exact Code,NKM,中村工機,0,0,0,0,KEEP (Matched)
67b43388-408d-47c2-8e4f-4c0cd1dca2d4,NMK,NMK化成,,Exact Code,NMK,NMK化成,0,1,0,1,KEEP (Matched)
b6373533-9a00-4990-969c-de0d5702d976,NTD,(有)西東京電機,COMP-1232,Exact Code,NTD,西東京電機,0,0,0,0,KEEP (Matched)
6bd69848-c5af-4ee5-915c-43dfbb0be54f,NWS,丹羽新精機(株),COMP-1173,Exact Code,NWS,丹羽新精機,0,0,0,0,KEEP (Matched)
2ecd286a-23b1-48ca-bdc5-c398b66c33f6,NYS,(株)エヌワイエス,COMP-286,Exact Code,NYS,エヌワイエス,0,0,0,0,KEEP (Matched)
85a884f1-4db5-49ef-8744-3bd7975fcf74,ODS,(株)旺電舎,CUST-32,Exact Code,ODS,旺電舎,89,106,14,209,KEEP (Matched)
876fdc95-a0ce-4066-a191-528b4961b998,OGR,小倉貿易(株),CUST-33,Exact Code,OGR,小倉貿易,0,38,0,38,KEEP (Matched)
0a57a802-c624-4aa3-baa4-6c67fdcbaa48,OGW,小川化成商会,COMP-145,Exact Code,OGW,小川化成商会,0,1,1,2,KEEP (Matched)
9599d02b-4203-44b4-a00a-83be6f2c240d,OHS,大橋精密(株),CUST-34,Exact Code,OHS,大橋精密,0,1,0,1,KEEP (Matched)
eb4c31fc-ab7a-456e-81a2-fa8e7f131347,OKI,沖電気工業(株) 本庄工場,COMP-153,Exact Code,OKI,沖電気工業(株),0,0,0,0,KEEP (Matched)
f256d3a2-9547-40d3-a4cd-a852d8be73d1,OKJ,(株)OKIジェイネットサプライ,COMP-326,Exact Code,OKJ,OKIジェイネットサプライ,0,0,0,0,KEEP (Matched)
348999a8-6bd4-4a47-9227-d900a5f1e615,OKN,奥野電器産業(株),,Exact Code,OKN,奥野電器産業,0,1,0,1,KEEP (Matched)
2093ac54-952c-4566-8c8e-a788347ff1c0,ONS,小野産業(株),,Exact Code,ONS,小野産業,0,0,0,0,KEEP (Matched)
220e5873-996b-44c6-b731-ba002fbee633,OOI,大井電気(株) 水沢製作所 資材部,,Exact Code,OOI,大井電気(株) 水沢製作所 資材部,0,0,0,0,KEEP (Matched)
088f9623-9b39-4a76-88f2-9eeba45339d2,OOM,大村技研(株),,Exact Code,OOM,大村技研,0,2,0,2,KEEP (Matched)
be6f23cd-1e6d-44ad-bf82-4fa0c2ae6bdf,OPA,OPTART,CUST-39,Exact Code,OPA,OPTART,0,1,0,1,KEEP (Matched)
5f361970-a03e-4b4c-a59e-b886d35a97e0,SBT,(有)瀬端製作所,COMP-753,Exact Code,SBT,瀬端製作所,0,0,0,0,KEEP (Matched)
e68fe32f-8bd1-4598-b00e-9236ca6b308b,SDH,(株)静電半導体,COMP-747,Exact Code,SDH,静電半導体,0,0,0,0,KEEP (Matched)
e474aff5-4259-4a99-8329-103a1eebc5b0,SDS,(株)正電社 埼玉工場,CUST-251,Exact Code,SDS,正電社,0,2,2,4,KEEP (Matched)
879bc0f2-80b7-48e6-b05f-dc94b50fe79c,SED,(株)シーズ,COMP-610,Exact Code,SED,シーズ,0,0,0,0,KEEP (Matched)
caec6320-17e9-417a-b98c-aa3d44a4883d,SEI,杉原エス ・イー・アイ(株),,Exact Code,SEI,杉原エス ・イー・アイ,0,2,0,2,KEEP (Matched)
090b836d-e5aa-443d-9c24-69c80900eab0,SEP,(有)松栄プラスチック,COMP-696,Exact Code,SEP,松栄プラスチック,0,0,0,0,KEEP (Matched)
8e2228f9-c9a8-4571-baef-457d1761857b,SES,(有)伸越製作所,CUST-285,Exact Code,SES,伸越製作所,0,8,6,14,KEEP (Matched)
dd45a96d-8bd0-4320-be50-5c6e56e0d8f6,SMR,(株)志村精機製作所,COMP-676,Exact Code,SMR,志村精機製作所,0,0,0,0,KEEP (Matched)
f987f70f-94e5-4207-aa57-aa847d08f3ad,SNG,(株)湘南技研,COMP-703,Exact Code,SNG,湘南技研,0,0,0,0,KEEP (Matched)
2da6b0a9-ad90-4bdf-afd6-038f58c3bdf1,SNT,(株)サンテックス,CUST-74,Exact Code,SNT,サンテックス,0,8,1,9,KEEP (Matched)
6daf480c-f191-4831-b51d-9f777cf7176f,SNW,シンワ(株) 静岡営業所,,Exact Code,SNW,シンワ(株),0,0,0,0,KEEP (Matched)
a2140d6d-93e7-4e6f-8feb-faaa643554de,SNY,(有)サンヨー精工,,Exact Code,SNY,サンヨー精工,0,0,0,0,KEEP (Matched)
88fca5fe-6a16-42e3-982d-da84595e8a12,SOE,(株)ショウエイ,COMP-803,Exact Code,SOE,ショウエイ,0,0,0,0,KEEP (Matched)
849fdaa8-6259-4d61-a144-a100efa10906,SOK,双喜商事(株),COMP-762,Exact Code,SOK,双喜商事,0,0,0,0,KEEP (Matched)
b803f334-4a8a-49ff-8144-281e8d340871,YUW,有和化学工業(有),,Exact Code,YUW,有和化学工業,0,0,0,0,KEEP (Matched)
ad3df257-f49c-49df-a9b9-eecf82266ff6,YZP,矢崎部品 株式会社,CUST-330,Exact Code,YZP,矢崎部品,0,14,5,19,KEEP (Matched)
d42deebc-bb27-45fd-85f0-e7131891ef2a,ＳＳＫ,三共精密金型株式会社,,Exact Code,ＳＳＫ,三共精密金型,0,0,0,0,KEEP (Matched)
a38885ae-7d7e-469f-9c69-d01a7a9c1574,HAE,弘前航空電子株式会社,,Exact Code,HAE,弘前航空電子,0,0,0,0,KEEP (Matched)
e5d6cdb1-97d2-4c4d-b83c-70815398273a,TAY,太洋工業(株),COMP-879,Exact Code,TAY,太洋工業,0,0,0,0,KEEP (Matched)
6064ccc8-4847-4914-88db-fa4b80d31064,TCH,(株)タックルハウス,COMP-910,Exact Code,TCH,タックルハウス,0,0,0,0,KEEP (Matched)
3beed4b6-d21f-4171-b3b2-cf12dc3be200,TCN,(株)テクノラボ,COMP-1103,Exact Code,TCN,テクノラボ,0,0,0,0,KEEP (Matched)
87ff27c1-d178-4a4e-adf2-18ce6f29cc2c,TCR,(株)テクレコ 秋田工場,COMP-1106,Exact Code,TCR,テクレコ,0,0,0,0,KEEP (Matched)
b9b0be66-647d-46f4-9881-bbbad4232aef,TCS,(株)タチ産業,CUST-91,Exact Code,TCS,タチ産業,0,2,1,3,KEEP (Matched)
c29364b8-7dc2-4271-ab92-0844f6659441,TDJ,(株)テッドジャパン,COMP-1108,Exact Code,TDJ,テッドジャパン,0,0,0,0,KEEP (Matched)
ba898525-3443-4260-98f2-45e1f0801ac7,TDK,TDK庄内(株) 酒田工場,COMP-1113,Exact Code,TDK,TDK庄内(株),0,0,0,0,KEEP (Matched)
378ab231-bd0b-4155-aa55-1ce8da7a5ec1,TDR,轟産業(株),COMP-1049,Exact Code,TDR,轟産業,0,0,0,0,KEEP (Matched)
f3a19a05-7772-4bd0-994a-7a529dce6250,TDS,(株)多田製作所,CUST-92,Exact Code,TDS,多田製作所,2,19,15,36,KEEP (Matched)
fab6fa90-814f-4ae9-833c-792756162d10,TDU,東大宇宙線研究所,COMP-1022,Exact Code,TDU,東大宇宙線研究所,0,0,0,0,KEEP (Matched)
37bbeeb4-5b24-49e5-94c1-57072f5214bf,TEC,テック化成 (株),,Exact Code,TEC,テック化成,0,0,0,0,KEEP (Matched)
1576ba33-b0b3-4830-a376-2f298fb69fd3,TEP,東京エンプラ商事(株),CUST-273,Exact Code,TEP,東京エンプラ商事,0,13,7,20,KEEP (Matched)
48e588db-c03d-42b5-a930-92f6bc82b8e8,TII,(有)ティー・アイ・アンド・アイ,CUST-247,Exact Code,TII,ティー・アイ・アンド・アイ,0,2,1,3,KEEP (Matched)
b740d0a5-8ee6-4446-b01e-3db6e6743728,TIK,大興紙工(株),,Exact Code,TIK,大興紙工,0,0,0,0,KEEP (Matched)
759dd568-3be0-49aa-b404-44e664efb2e5,TIM,(株)タイム,COMP-1054,Exact Code,TIM,タイム,0,0,0,0,KEEP (Matched)
0db0ecc2-a254-4020-9109-21475df9d22b,TIS,(有) 大誠製作所,,Exact Code,TIS,大誠製作所,0,0,0,0,KEEP (Matched)
cbfb9391-a47c-4811-b7ee-7b40f6ecb774,TIY,(株)太洋,,Exact Code,TIY,太洋,0,0,0,0,KEEP (Matched)
75191272-3b76-4a47-97b2-df5de82d5cde,TKH,竹花精工,,Exact Code,TKH,竹花精工,0,0,0,0,KEEP (Matched)
51c723cf-2da0-4f4c-bbb0-9ea794abb756,TKI,東海部品工業(株) 修善寺メディカルリサーチセンター,COMP-1040,Exact Code,TKI,東海部品工業(株),0,3,1,4,KEEP (Matched)
610984e7-81b4-4860-a59a-67eea8dd47ab,TKK,(有)テクノコネック,COMP-1119,Exact Code,TKK,テクノコネック,0,0,0,0,KEEP (Matched)
72313421-15dd-4bfe-9f7e-52906a28de9d,TKR,(株)所沢電子,COMP-981,Exact Code,TKR,所沢電子,0,0,0,0,KEEP (Matched)
54905bd2-a2ce-4c5f-a27a-0e1ee4f4b8ad,TKU,(株)竹内鉱業,,Exact Code,TKU,竹内鉱業,0,0,0,0,KEEP (Matched)
9b9ac5ff-613e-4760-b7ec-8ca42ffd550e,TKW,(有) 常盤精工,,Exact Code,TKW,常盤精工,0,0,0,0,KEEP (Matched)
9c670951-cfa3-4043-9a4d-68a8d690b4ea,TSK,(株)タック精工,COMP-1067,Exact Code,TSK,タック精工,0,0,0,0,KEEP (Matched)
b6228398-8960-4ac0-9a47-1a98a746d5f7,TTM,ツツミ産業(株),COMP-1090,Exact Code,TTM,ツツミ産業,0,1,0,1,KEEP (Matched)
d600a29f-d984-48de-939a-fd83251369d2,TTT,(株)タツタ,,Exact Code,TTT,タツタ,0,0,0,0,KEEP (Matched)
0ff51bfa-e4c5-4ec7-9d21-6c34199a1411,TUE,東栄化成(株)小諸工場,,Exact Code,TUE,東栄化成(株)小諸工場,0,0,0,0,KEEP (Matched)
3d5fb223-7370-4ccd-ae5d-9a42a2b8f103,TUH,(株)東北電子,,Exact Code,TUH,東北電子,0,0,0,0,KEEP (Matched)
afda22c0-9061-4547-9d92-2cc728888ba5,TUK,東工(株),CUST-221,Exact Code,TUK,東工,0,2,1,3,KEEP (Matched)
f06d924e-2098-4ce3-a648-81a56c34f95f,TUS,東信化工(株),,Exact Code,TUS,東信化工,0,0,0,0,KEEP (Matched)
3adb153e-2cec-44a1-a858-51442862bcd9,TUW,(有) 東和パーツ,,Exact Code,TUW,東和パーツ,0,1,0,1,KEEP (Matched)
9df3bec0-2fab-4666-8137-e09595daa14a,TUY,東洋ユニコン(株),,Exact Code,TUY,東洋ユニコン,0,0,0,0,KEEP (Matched)
04685a62-ea51-492e-9159-f435c560e598,TWD,テーダブリュ電気(株),CUST-222,Exact Code,TWD,テーダブリュ電気,0,2,1,3,KEEP (Matched)
f919b501-9614-4f5c-afce-65d6301bfe3f,TYD,タイヨー電子(株),COMP-952,Exact Code,TYD,タイヨー電子,0,1,0,1,KEEP (Matched)
90ec0670-3b0d-4df7-a8cb-77c25ebc4224,TYI,(株)高山医療機械製作所,COMP-901,Exact Code,TYI,高山医療機械製作所,0,0,0,0,KEEP (Matched)
04f892ea-88ee-492c-8120-e843e4e78f9c,TYK,(株)テイワイケイ,CUST-224,Exact Code,TYK,テイワイケイ,0,5,2,7,KEEP (Matched)
36040bb3-6531-489e-b84e-eb3c53cb6872,TYM,三晶MEC(株)有金工場,,Exact Code,TYM,三晶MEC(株)有金工場,0,3,0,3,KEEP (Matched)
95c3127a-7070-4661-8b23-d2abe239e6f2,TYR,東洋ロープ(株),COMP-1034,Exact Code,TYR,東洋ロープ,0,0,0,0,KEEP (Matched)
06668c6c-0fcc-4022-b97f-8c637144097b,TYS,立山製紙(株),,Exact Code,TYS,立山製紙,0,0,0,0,KEEP (Matched)
51d636a2-c1e5-4392-9568-836e4b2f7d1d,LAE,ロイアルエンジニアリング(株),COMP-1701,Exact Code,LAE,ロイアルエンジニアリング,0,0,0,0,KEEP (Matched)
3910c294-7f5e-4319-8dfa-6ab7db8fdf7e,LEC,レック(株),COMP-1700,Exact Code,LEC,レック,0,3,3,6,KEEP (Matched)
35c43c5a-c826-4988-9408-addf8da4ea19,WKE,(株)ワカエ,CUST-227,Exact Code,WKE,ワカエ,2,6,2,10,KEEP (Matched)
e057349a-b340-4484-b3bf-8cab62523e14,WKL,(有)ワークロード,COMP-1719,Exact Code,WKL,ワークロード,0,0,0,0,KEEP (Matched)
6ce0dc44-bde3-403b-9866-8da59bfd260c,WNS,(株)渡辺精工社,COMP-1715,Exact Code,WNS,渡辺精工社,0,0,0,0,KEEP (Matched)
29424f66-907a-45a0-ab8d-fd633293f99b,WTY,(有)和多屋,COMP-1708,Exact Code,WTY,和多屋,0,0,0,0,KEEP (Matched)
a58f5564-b096-42d1-b0d6-3f44a5e6a526,YKC,(株)ワイケーシー,COMP-1723,Exact Code,YKC,ワイケーシー,0,0,0,0,KEEP (Matched)
c20c6ac6-e571-4017-869a-eddcd5de58a0,YMS,山下電気株式会社,CUST-237,Exact Code,YMS,山下電気,0,5,2,7,KEEP (Matched)
9a97a3aa-cbbd-453e-beab-198ab5b89b60,YMT,やまと工業(株),CUST-238,Exact Code,YMT,やまと工業,4,22,8,34,KEEP (Matched)
7ebee2c0-8166-4f69-b701-0108cf3fdad4,LCP,レシップ電子,COMP-1699,No Match,,,0,0,0,0,ORPHAN (Garbage?)
68eb3bc4-699b-4f2c-9152-a95f8c7c02c4,WSM01,ワシモト,COMP-1706,No Match,,,0,0,0,0,ORPHAN (Garbage?)
0ceb9800-18cf-4fb6-9d37-7e8192b7e097,CK-001（071013）.xls,和光精機,COMP-1707,Exact Name,WKS,和光精機,0,0,0,0,KEEP (Matched)
5a54c474-3140-4139-854e-0c6b30f671fc,WDS-001,和田製作所,COMP-1711,No Match,,,0,0,0,0,ORPHAN (Garbage?)
e9a0fae2-65a7-40e5-a30d-82a58917e41e,KRD01-2,和田電器(黒田電気黒田テクノ）,COMP-1712,No Match,,,0,0,0,0,ORPHAN (Garbage?)
c881b903-712e-4d7d-9529-04e12aef41f2,WKS3,和興産業☆,COMP-1713,No Match,,,0,0,0,0,ORPHAN (Garbage?)
13055298-b150-4a63-9bdc-657057ad8100,WTN2,渡辺化成工業☆,COMP-1714,No Match,,,0,0,0,0,ORPHAN (Garbage?)
93cacccc-1ee5-4651-a387-bfa12e3b0cc0,WIR,ﾜｲﾔﾚｽﾃｸﾉﾛｼﾞｰ,COMP-1716,No Match,,,0,0,0,0,ORPHAN (Garbage?)
f4b30d8d-3db2-42fe-b032-e9e0311cba5d,DIC-001B,ワイエイシイガーター(岡山事業所含む),COMP-1717,No Match,,,0,0,0,0,ORPHAN (Garbage?)
13b7deba-616f-4a2b-bb03-a2cf7848aecb,F-030-1(20150317).xls,ワカエ,COMP-1718,Exact Name,WKE,ワカエ,0,0,0,0,KEEP (Matched)
fbae7981-340d-4f6e-bade-a43a3ce6f30e,WAN,ＷＡＮ,COMP-1720,No Match,,,0,0,0,0,ORPHAN (Garbage?)
8ad1c888-aa20-487f-9fac-80fa86fc8852,YDK3,ＹＤＫ,COMP-1721,No Match,,,0,0,0,0,ORPHAN (Garbage?)
bc55bb0d-8be7-48e6-9456-b8345f9c6a33,LED蛍光灯（20120210）.xls,ﾜｲｽﾞｳﾞｨﾚｯｼﾞ,COMP-1724,No Match,,,0,0,0,0,ORPHAN (Garbage?)
89906d71-7843-496a-a025-d938b0aba559,2010(H22)0331,ﾜﾝﾘｰﾌ,COMP-1725,No Match,,,0,0,0,0,ORPHAN (Garbage?)
1166838a-f3fa-4d6f-892a-6a5c2aab7d61,OTHER,その他,COMP-1726,No Match,,,0,0,0,0,ORPHAN (Garbage?)
