WorkLogID,ProcessingDeadlineID,EmployeeID,ProcessingCodeID,ProcessingTime,ProcessingDate,ProcessingNotes,ProcessingNumbers,FinishDate,Finished,Noidunglienlac,CompanyID,UpdatedAt,UpdatedBy
1162,1616,9,15,2.5,8/17/2022,,0,,FALSE,,,,
1163,1616,9,11,2.75,8/20/2022,,0,,FALSE,,,,
1164,1616,9,12,3.25,8/22/2022,,0,,FALSE,,,,
1168,1632,9,13,2.75,8/22/2022,,0,,FALSE,,,,
1169,1632,9,12,1.75,8/20/2022,,0,,FALSE,,,,
1170,1632,9,11,2.5,8/19/2022,,0,,FALSE,,,,
1171,1632,9,15,2.5,8/17/2022,,0,,FALSE,,,,
1172,1633,9,10,4.25,8/23/2022,,0,,FALSE,,,,
1174,1616,9,12,4,8/23/2022,,0,,FALSE,,,,
1175,1636,9,23,0.5,8/23/2022,,0,,FALSE,,,,
1176,1637,9,23,0.5,8/23/2022,,0,,FALSE,,,,
1179,1640,9,51,0.5,8/23/2022,梱包、５S,0,,FALSE,,,,
1180,1633,9,700,6,8/24/2022,,0,,FALSE,,,,
1181,1633,9,700,22,8/23/2022,,0,,FALSE,,,,
1182,1640,9,51,0.25,8/24/2022,,0,,FALSE,,,,
1183,1623,9,10,1.5,8/24/2022,　３３０ｘ460　から　330ｘ415　外周削り,0,,FALSE,,,,
1184,1641,9,10,4,8/24/2022,,0,,FALSE,,,,
1185,1641,10,700,3,8/24/2022,裏面加工,0,,FALSE,,,,
1186,1631,9,13,2,8/24/2022,,0,,FALSE,,,,
1187,1640,9,40,1,8/24/2022,中川さんへ,0,,FALSE,,,,
1188,1629,9,40,2.75,8/25/2022,Lam gap cho may 8 - KOHI,0,,FALSE,,,,
1189,1642,9,10,7,8/25/2022,"251x240x15, 322x311x30",0,,FALSE,,,,
1190,1640,9,51,0.25,8/25/2022,,0,,FALSE,,,,
1191,1633,9,10,2.25,8/25/2022,"Chuong trinh cu bi xau, phai chay lai be mat",0,,FALSE,,,,
1193,1640,9,51,0.75,8/26/2022,JAE-047 金型 + カッター+PB300ｘ285、　テフロン（KSP-194、195）,0,,FALSE,,,,
1195,1643,9,43,3.5,8/26/2022,２面カッター治具,0,,FALSE,,,,
1196,1644,9,15,2,8/26/2022,下穴φ4.2の追加工,0,,FALSE,,,,
1197,1644,9,11,1,8/26/2022,追加工,0,,FALSE,,,,
1198,1642,9,10,1.5,8/26/2022,２個セット完了,0,,FALSE,,,,
1199,1641,9,10,1,8/26/2022,"UNDER Z7, MENTRI",0,,FALSE,,,,
1200,1641,9,11,2,8/29/2022,"Thieu 4 lo D4.2, 8/30 khoan them",0,,FALSE,,,,
1201,1645,9,13,3,8/29/2022,"Dan pocket nho, kho",0,,FALSE,,,,
1202,1646,9,13,3.25,8/29/2022,"Dan pocket nho, kho",0,,FALSE,,,,
1203,1640,9,51,0.5,8/29/2022,"GUI KHUON JAE-006 di AOMORI, nhan 2 khuon TEFURON 2425819-1, 16-1",0,,FALSE,,,,
1204,1640,9,43,2.5,8/30/2022,"SMK-213, 650x400",0,,FALSE,,,,
1205,1641,9,12,1.5,8/30/2022,,0,,FALSE,,,,
1206,1641,9,13,2.5,8/30/2022,,0,,FALSE,,,,
1207,1647,9,10,1.5,8/30/2022,裏面プログラム作成,0,,FALSE,,,,
1208,1648,9,40,0.5,8/30/2022,Sua cho Hai,0,,FALSE,,,,
1209,1647,9,10,2.25,8/31/2022,,0,,FALSE,,,,
1210,1633,9,11,2.75,8/31/2022,,0,,FALSE,,,,
1211,1627,9,40,3,8/31/2022,2面スタッキング　④～⑦号機共通,0,,FALSE,,,,
1212,1652,9,40,2.5,8/31/2022,④～⑦号機共通,0,,FALSE,,,,
1213,1651,9,15,2,8/31/2022,,0,,FALSE,,,,
1214,1651,10,700,5.5,8/31/2022,裏面穴加工,0,,FALSE,,,,
1216,1647,9,700,5,8/31/2022,裏面穴加工 3.75+1.25,0,,FALSE,,,,
1217,1649,9,10,3.25,9/1/2022,,0,,FALSE,,,,
1218,1651,9,15,1.5,9/1/2022,,0,,FALSE,,,,
1219,1650,9,10,2,9/1/2022,,0,,FALSE,,,,
1220,1640,9,50,3.5,9/1/2022,台湾機の冷凍機取付,0,,FALSE,,,,
1221,1653,9,10,2.5,9/2/2022,,0,,FALSE,,,,
1222,1653,19,700,8,9/2/2022,3+5,0,,FALSE,,,,
1224,1654,9,10,1.5,9/2/2022,,0,,FALSE,,,,
1225,1650,9,10,1.75,9/2/2022,,0,,FALSE,,,,
1228,1640,9,550,3.5,9/2/2022,,0,,FALSE,,,,
1234,1653,9,21,0.25,9/3/2022,,0,,FALSE,,,,
1235,1653,9,22,0.5,9/3/2022,,0,,FALSE,,,,
1236,1647,9,11,3,9/3/2022,,0,,FALSE,,,,
1237,1633,9,12,3,9/3/2022,,0,,FALSE,,,,
1238,1656,9,10,2.75,9/3/2022,,0,,FALSE,,,,
1240,1647,9,12,3,9/5/2022,,0,,FALSE,,,,
1241,1654,9,21,0.5,9/5/2022,,0,,FALSE,,,,
1243,1654,9,22,0.5,9/5/2022,,0,,FALSE,,,,
1244,1657,9,15,2.25,9/5/2022,,0,,FALSE,,,,
1245,1656,9,10,2,9/5/2022,,0,,FALSE,,,,
1246,1647,9,13,3,9/5/2022,,0,,FALSE,,,,
1247,1651,9,11,1.25,9/5/2022,,0,,FALSE,,,,
1248,1655,9,10,5,9/6/2022,,0,,FALSE,,,,
1250,1651,9,13,4,9/6/2022,,0,,FALSE,,,,
1251,1647,9,13,2,9/6/2022,,0,,FALSE,,,,
1252,1651,9,11,1,9/6/2022,,0,,FALSE,,,,
1253,1651,9,12,3,9/7/2022,,0,,FALSE,,,,
1254,1654,9,23,0.5,9/7/2022,,0,,FALSE,,,,
1256,,9,50,6,9/7/2022,,0,,FALSE,,,,
1257,2233,9,50,7.5,9/7/2022,MILLAC 468V 機械のクーラントタンク掃除、切削油切り替え、キリコ出し,0,,FALSE,,,,
1258,1653,9,23,0.5,9/7/2022,,0,,FALSE,,,,
1259,1660,9,15,2,9/8/2022,,0,,FALSE,,,,
1260,1657,9,11,3,9/8/2022,,0,,FALSE,,,,
1261,1647,9,10,5.75,9/8/2022,設計が間違えたた原因で不具合発生した金型の修理　,0,,FALSE,,,,
1262,1640,9,50,0.75,9/8/2022,,0,,FALSE,,,,
1263,1663,9,33,2,9/9/2022,プラグ修理,0,,FALSE,,,,
1264,1647,9,10,2.5,9/9/2022,彫刻編集＆加工,0,,FALSE,,,,
1265,1661,9,15,2,9/9/2022,,0,,FALSE,,,,
1266,1651,9,13,2,9/9/2022,,0,,FALSE,,,,
1268,1640,9,43,1,9/9/2022,,0,,FALSE,,,,
1269,1662,9,10,1.75,9/9/2022,,0,,FALSE,,,,
1270,1656,9,11,2.5,9/12/2022,,0,,FALSE,,,,
1273,1655,9,11,2.25,9/12/2022,,0,,FALSE,,,,
1276,1662,9,10,2,9/12/2022,,0,,FALSE,,,,
1277,1664,9,10,2.5,9/12/2022,,0,,FALSE,,,,
1278,1657,9,13,3.5,9/12/2022,,0,,FALSE,,,,
1279,1640,9,40,1,9/12/2022,,0,,FALSE,,,,
1280,1665,9,10,0.5,9/13/2022,彫刻追加工,0,,FALSE,,,,
1281,1655,9,13,3,9/13/2022,,0,,FALSE,,,,
1282,1655,9,12,2,9/13/2022,,0,,FALSE,,,,
1283,1656,9,13,3,9/13/2022,,0,,FALSE,,,,
1284,1647,9,15,1.5,9/13/2022,金型修理,0,,FALSE,,,,
1285,1667,9,24,1,9/13/2022,,0,,FALSE,,,,
1286,1666,9,24,1,9/13/2022,,0,,FALSE,,,,
1287,1640,9,50,0.5,9/13/2022,,0,,FALSE,,,,
1289,1662,9,11,1.5,9/14/2022,,0,,FALSE,,,,
1290,1664,9,11,1,9/14/2022,,0,,FALSE,,,,
1291,1664,9,12,1,9/14/2022,,0,,FALSE,,,,
1292,1662,9,12,1.25,9/14/2022,,0,,FALSE,,,,
1293,1668,9,10,2.5,9/14/2022,,0,,FALSE,,,,
1294,1632,9,40,2,9/14/2022,,0,,FALSE,,,,
1295,1661,9,13,2.75,9/14/2022,,0,,FALSE,,,,
1296,1667,9,11,0.25,9/14/2022,,0,,FALSE,,,,
1298,1670,9,13,2.5,9/15/2022,再ネル貼り,0,,FALSE,,,,
1300,1640,9,560,1.5,9/15/2022,プラグ、圧空ベース穴追加、５S,0,,FALSE,,,,
1301,1662,9,13,2.5,9/15/2022,,0,,FALSE,,,,
1302,1669,9,10,3,9/15/2022,,0,,FALSE,,,,
1303,1650,9,10,1,9/15/2022,,0,,FALSE,,,,
1304,1660,9,11,2.5,9/15/2022,,0,,FALSE,,,,
1305,1667,9,22,0.25,9/16/2022,,0,,FALSE,,,,
1306,1667,9,23,0.25,9/16/2022,,0,,FALSE,,,,
1307,1666,9,21,0.75,9/16/2022,,0,,FALSE,,,,
1308,1666,9,22,0.5,9/16/2022,,0,,FALSE,,,,
1309,1666,9,23,1.5,9/16/2022,,0,,FALSE,,,,
1310,1660,9,11,1.25,9/16/2022,,0,,FALSE,,,,
1311,1664,9,13,2,9/16/2022,,0,,FALSE,,,,
1312,1668,9,11,3,9/16/2022,,0,,FALSE,Khoan them lo under va lo z10,,,
1313,1669,9,10,1.25,9/16/2022,,0,,FALSE,,,,
1314,1671,9,15,1,9/16/2022,,0,,FALSE,,,,
1315,1674,9,13,2.5,9/17/2022,,0,,FALSE,中川さん Lam lai khuon plug,,,
1316,1671,9,11,1.75,9/17/2022,,0,,FALSE,,,,
1317,1671,9,12,2,9/17/2022,,0,,FALSE,,,,
1318,1668,9,11,2,9/17/2022,,0,,FALSE,,,,
1319,1669,9,11,1.75,9/20/2022,,0,,FALSE,,,,
1320,1669,9,12,2,9/20/2022,,0,,FALSE,,,,
1321,1669,9,13,2.25,9/20/2022,,0,,FALSE,,,,
1322,1675,9,10,2,9/20/2022,,0,,FALSE,,,,
1323,1668,9,12,1.5,9/20/2022,,0,,FALSE,,,,
1324,1676,9,40,1.75,9/21/2022,,0,,FALSE,,,,
1325,1649,9,11,2.5,9/21/2022,,0,,FALSE,,,,
1326,1649,9,13,2,9/21/2022,,0,,FALSE,,,,
1327,1660,9,12,2,9/21/2022,,0,,FALSE,,,,
1328,1660,9,13,2,9/21/2022,,0,,FALSE,,,,
1329,1640,9,560,2,9/21/2022,水冷盤掃除、プラグ修理,0,,FALSE,,,,
1332,1649,9,12,3,9/22/2022,,0,,FALSE,,,,
1333,1677,9,10,3,9/22/2022,,0,,FALSE,,,,
1334,1679,9,15,2,9/22/2022,,0,,FALSE,,,,
1335,1678,9,13,3,9/22/2022,,0,,FALSE,,,,
1336,1668,9,13,3,9/26/2022,,0,,FALSE,,,,
1337,1680,9,20,2,9/26/2022,,0,,FALSE,,,,
1338,1650,9,11,2.25,9/26/2022,,0,,FALSE,,,,
1339,1650,9,12,2,9/26/2022,,0,,FALSE,,,,
1340,1650,9,13,2.5,9/26/2022,,0,,FALSE,,,,
1341,1678,9,51,0.25,9/26/2022,青森へ送る,0,,FALSE,,,,
1342,1675,9,21,0.25,9/26/2022,,0,,FALSE,,,,
1343,1675,9,22,0.25,9/26/2022,,0,,FALSE,,,,
1344,1681,9,13,2,9/27/2022,プラグ再製作,0,,FALSE,,,,
1345,1673,9,15,1.5,9/27/2022,,0,,FALSE,,,,
1346,1677,9,11,2,9/27/2022,,0,,FALSE,,,,
1347,1679,9,11,2,9/27/2022,,0,,FALSE,,,,
1348,1680,9,21,0.25,9/27/2022,,0,,FALSE,,,,
1350,1673,9,13,3,9/27/2022,,0,,FALSE,,,,
1351,1640,9,550,0.5,9/27/2022,,0,,FALSE,,,,
1354,1673,9,11,3,9/28/2022,,0,,FALSE,,,,
1355,1673,9,12,2,9/28/2022,,0,,FALSE,,,,
1356,1680,9,22,0.25,9/28/2022,,0,,FALSE,,,,
1357,1680,9,23,0.5,9/28/2022,,0,,FALSE,,,,
1360,1683,9,10,3,9/28/2022,,0,,FALSE,,,,
1361,1684,9,10,3,9/28/2022,,0,,FALSE,,,,
1362,1640,9,50,0.25,9/28/2022,,0,,FALSE,,,,
1364,1664,9,40,3,9/29/2022,,0,,FALSE,,,,
1365,1677,9,12,2,9/29/2022,,0,,FALSE,,,,
1366,1679,9,12,2.5,9/29/2022,,0,,FALSE,,,,
1367,1675,9,23,0.5,9/29/2022,,0,,FALSE,,,,
1368,1685,9,10,3,9/29/2022,,0,,FALSE,,,,
1369,1640,9,50,0.75,9/29/2022,,0,,FALSE,,,,
1370,1686,9,13,2,9/30/2022,再貼り,0,,FALSE,,,,
1372,1688,9,40,1,9/30/2022,スタッキング修理,0,,FALSE,,,,
1373,1687,9,40,1,9/30/2022,スタッキング修理,0,,FALSE,,,,
1374,1690,9,15,2,9/30/2022,,0,,FALSE,,,,
1375,1689,9,15,2,9/30/2022,,0,,FALSE,,,,
1376,1671,9,13,2,9/30/2022,,0,,FALSE,,,,
1377,1640,9,50,0.75,9/30/2022,,0,,FALSE,,,,
1378,1671,9,10,1.25,10/1/2022,,0,,FALSE,,,,
1379,1683,9,11,3.5,10/1/2022,,0,,FALSE,,,,
1380,1684,9,11,3.5,10/1/2022,,0,,FALSE,,,,
1381,1640,9,50,0.25,10/1/2022,,0,,FALSE,,,,
1382,1640,9,888,0.5,10/1/2022,クアンさんパソコンのアプリケーショントラブルの解決,0,,FALSE,,,,
1385,1692,9,11,3.5,10/31/2022,,0,,FALSE,,,,
1386,1692,9,12,3,10/31/2022,,0,,FALSE,,,,
1387,1695,9,15,1.5,10/31/2022,,0,,FALSE,,,,
1388,1694,9,15,2.25,10/31/2022,,0,,FALSE,外周削り,,,
1389,1640,9,52,2,10/31/2022,,0,,FALSE,,,,
1390,,9,40,2,11/1/2022,,0,,FALSE,,,,
1391,1701,9,40,2,11/1/2022,,0,,FALSE,,,,
1392,1640,9,52,4.25,11/1/2022,粉砕、5S,0,,FALSE,,,,
1393,1700,9,40,2,11/1/2022,,0,,FALSE,,,,
1394,1702,9,15,1,11/1/2022,,0,,FALSE,,,,
1395,1703,9,15,1,11/1/2022,,0,,FALSE,,,,
1396,1693,9,11,1.75,11/1/2022,,0,,FALSE,,,,
1397,1704,9,15,1.5,11/2/2022,,0,,FALSE,,,,
1398,1695,9,11,1.25,11/2/2022,,0,,FALSE,,,,
1399,1694,9,11,2.5,11/2/2022,,0,,FALSE,,,,
1400,1640,9,52,5,11/2/2022,,0,,FALSE,,,,
1401,1640,9,50,0.5,11/2/2022,,0,,FALSE,Don may a Quan de tho den sua,,,
1402,1702,9,11,1.5,11/2/2022,,0,,FALSE,,,,
1403,1705,9,20,0.5,11/2/2022,,0,,FALSE,,,,
1404,1706,9,40,2,11/4/2022,,0,,FALSE,,,,
1405,1631,9,40,2,11/4/2022,,0,,FALSE,,,,
1406,1694,9,12,2.75,11/4/2022,,0,,FALSE,,,,
1407,1694,9,13,2,11/4/2022,,0,,FALSE,,,,
1408,1640,9,52,3,11/4/2022,,0,,FALSE,,,,
1409,1640,9,50,0.5,11/4/2022,,0,,FALSE,クアンさんの機械部署,,,
1410,1707,9,40,1.75,11/7/2022,,0,,FALSE,,,,
1411,1708,9,15,1.25,11/7/2022,,0,,FALSE,,,,
1412,1694,9,13,1,11/7/2022,,0,,FALSE,,,,
1413,1693,9,12,1.25,11/7/2022,,0,,FALSE,,,,
1414,1695,9,12,1,11/7/2022,,0,,FALSE,,,,
1415,1703,9,11,2,11/7/2022,,0,,FALSE,,,,
1417,1640,9,52,3.5,11/7/2022,,0,,FALSE,,,,
1418,1671,9,40,1.75,11/8/2022,,0,,FALSE,,,,
1419,1705,9,21,0.25,11/8/2022,,0,,FALSE,,,,
1420,1705,9,22,0.5,11/8/2022,,0,,FALSE,,,,
1421,1640,9,52,3,11/8/2022,,0,,FALSE,,,,
1422,1704,9,11,2,11/8/2022,,0,,FALSE,,,,
1423,1640,9,54,2.25,11/8/2022,機械部門用コンプレッサーの潤滑交換、フィルター掃除、エアーもれの修理,0,,FALSE,,,,
1424,1709,9,10,2,11/9/2022,,0,,FALSE,,,,
1425,1703,9,12,2,11/9/2022,,0,,FALSE,,,,
1426,1704,9,12,1.75,11/9/2022,,0,,FALSE,,,,
1427,1693,9,13,1.75,11/9/2022,,0,,FALSE,,,,
1428,1640,9,52,3.5,11/9/2022,,0,,FALSE,"Don phong chua rac, ngan phan loai",,,
1429,1708,9,11,2.25,11/10/2022,,0,,FALSE,,,,
1430,1711,9,560,1.75,11/10/2022,360　ショット,0,,FALSE,,,,
1431,1712,9,560,5,11/10/2022,713　ショット,0,,FALSE,,,,
1432,1708,9,12,1.5,11/10/2022,,0,,FALSE,,,,
1433,1702,9,12,1.5,11/10/2022,,0,,FALSE,,,,
1434,1640,9,52,1.75,11/10/2022,,0,,FALSE,,,,
1435,1709,9,11,2,11/11/2022,,0,,FALSE,,,,
1436,1699,9,11,3,11/11/2022,,0,,FALSE,,,,
1437,1711,9,560,5.5,11/11/2022,960　ショット,0,,FALSE,,,,
1438,1640,9,52,2,11/11/2022,,0,,FALSE,,,,
1439,1713,9,10,1.5,11/11/2022,,0,,FALSE,,,,
1440,,9,40,1.75,11/12/2022,,0,,FALSE,,,,
1441,1721,9,560,3,11/12/2022,380 ショット,0,,FALSE,,,,
1442,1717,9,40,1.5,11/12/2022,,0,,FALSE,,,,
1443,1718,9,40,1.5,11/12/2022,,0,,FALSE,,,,
1444,1640,9,52,2.5,11/12/2022,,0,,FALSE,,,,
1445,1713,9,10,1.75,11/12/2022,,0,,FALSE,,,,
1446,1722,9,10,1.75,11/12/2022,,0,,FALSE,,,,
1447,1721,9,560,8.5,11/13/2022,1426　ショット,0,,FALSE,,,,
1448,1640,9,50,0.25,11/13/2022,当番,0,,FALSE,,,,
1449,1709,9,12,1.5,11/14/2022,,0,,FALSE,,,,
1450,1721,9,560,4.5,11/14/2022,800 ショット,0,,FALSE,,,,
1451,1713,9,11,3,11/14/2022,,0,,FALSE,,,,
1452,1640,9,52,3,11/14/2022,,0,,FALSE,,,,
1453,1723,9,15,1.25,11/14/2022,,0,,FALSE,,,,
1454,1725,9,40,1.5,11/15/2022,623ｘ313,0,,FALSE,,,,
1455,1721,9,560,7.25,11/15/2022,1241 ショット,0,,FALSE,,,,
1456,1722,9,10,1.5,11/15/2022,,0,,FALSE,"Chu bi loi bu dao, phan doan: do ct xuat code loi",,,
1457,1723,9,11,2,11/15/2022,,0,,FALSE,,,,
1458,1727,9,24,1,11/16/2022,,0,,FALSE,,,,
1459,1728,9,24,1,11/16/2022,,0,,FALSE,,,,
1460,1640,9,52,2.25,11/16/2022,,0,,FALSE,,,,
1461,,9,40,1.5,11/16/2022,,0,,FALSE,,,,
1462,1730,9,40,2.5,11/16/2022,8号機用,0,,FALSE,,,,
1463,1731,9,40,1,11/16/2022,,0,,FALSE,,,,
1464,1699,9,12,2,11/16/2022,,0,,FALSE,,,,
1465,1729,9,24,1,11/16/2022,,0,,FALSE,,,,
1466,1640,9,50,0.25,11/16/2022,,0,,FALSE,,,,
1467,1714,9,40,1.75,11/17/2022,,0,,FALSE,,,,
1468,1731,9,40,1.25,11/17/2022,8 号機用,0,,FALSE,,,,
1469,1723,9,11,1,11/17/2022,,0,,FALSE,,,,
1471,1727,9,21,0.5,11/17/2022,,0,,FALSE,,,,
1472,1728,9,21,0.5,11/17/2022,,0,,FALSE,,,,
1473,1699,9,12,1,11/17/2022,,0,,FALSE,,,,
1474,1640,9,52,1.5,11/17/2022,,0,,FALSE,,,,
1475,1640,9,888,2,11/17/2022,コンプレッサートラブル対応、途中で止まったプログラム編集、加工の続き,0,,FALSE,,,,
1476,1733,9,10,2,11/17/2022,プログラム,0,,FALSE,,,,
1477,1640,9,888,0.5,11/17/2022,面板カット（ハイ）,0,,FALSE,,,,
1478,1724,9,13,2,11/18/2022,,0,,FALSE,,,,
1479,1723,9,12,2,11/18/2022,,0,,FALSE,,,,
1481,1640,9,52,3,11/18/2022,,0,,FALSE,,,,
1482,1737,9,13,3,11/18/2022,,0,,FALSE,,,,
1483,1713,9,22,2.75,11/18/2022,,0,,FALSE,,,,
1484,1738,9,560,8,11/19/2022,1090　ショット,0,,FALSE,,,,
1486,1739,9,10,3,11/21/2022,,0,,FALSE,,,,
1487,1745,9,15,2.5,11/21/2022,,0,,FALSE,,,,
1488,1710,9,13,1.75,11/21/2022,,0,,FALSE,,,,
1489,1737,9,13,0.5,11/21/2022,,0,,FALSE,,,,
1490,1640,9,52,3.5,11/21/2022,,0,,FALSE,,,,
1491,1729,9,21,0.5,11/21/2022,,0,,FALSE,,,,
1492,1727,9,22,0.25,11/21/2022,,0,,FALSE,,,,
1493,1728,9,22,0.25,11/21/2022,,0,,FALSE,,,,
1494,1733,9,10,2,11/22/2022,,0,,FALSE,,,,
1495,1722,9,11,2.5,11/22/2022,,0,,FALSE,,,,
1496,1722,9,12,3,11/22/2022,,0,,FALSE,,,,
1497,1727,9,22,0.25,11/22/2022,,0,,FALSE,,,,
1498,1729,9,22,0.5,11/22/2022,,0,,FALSE,,,,
1499,1640,9,52,3.25,11/22/2022,,0,,FALSE,,,,
1500,1748,9,888,0.5,11/24/2022,プラグ修理、穴あけ,0,,FALSE,,,,
1501,1750,9,10,3,11/24/2022,,0,,FALSE,,,,
1502,1751,9,10,6.25,11/24/2022,,0,,FALSE,,,,
1503,1726,9,13,3,11/24/2022,,0,,FALSE,,,,
1504,1640,9,50,1,11/24/2022,キリコ出し,0,,FALSE,,,,
1505,1640,9,600,0.25,11/24/2022,フォークリフト　でざいりょうを受け取りました。,0,,FALSE,,,,
1506,1752,9,10,2.5,11/25/2022,,0,,FALSE,,,,
1507,1745,9,11,2.75,11/25/2022,,0,,FALSE,,,,
1508,1750,9,10,1.25,11/25/2022,,0,,FALSE,,,,
1510,1640,9,52,2.5,11/25/2022,,0,,FALSE,,,,
1511,1746,9,13,3,11/25/2022,,0,,FALSE,,,,
1512,1745,9,12,2.75,11/25/2022,,0,,FALSE,,,,
1513,1755,9,40,2.5,11/26/2022,,0,,FALSE,新規,,,
1514,1712,9,888,0.5,11/26/2022,プラグ修理,0,,FALSE,,,,
1515,1756,9,10,3,11/26/2022,,0,,FALSE,,,,
1516,1739,9,21,2.5,11/26/2022,,0,,FALSE,,,,
1518,1745,9,12,0.5,11/26/2022,,0,,FALSE,,,,
1519,1732,9,13,3.25,11/26/2022,,0,,FALSE,,,,
1520,1751,9,10,6.25,11/28/2022,LOWER TABLE部分の追加工,0,,FALSE,,,,
1521,1640,9,52,2.5,11/28/2022,,0,,FALSE,,,,
1522,1640,9,888,4,11/28/2022,キエンさんと病院へ行きます。,0,,FALSE,,,,
1523,1757,9,10,2.5,11/29/2022,,0,,FALSE,,,,
1524,1763,9,10,2.75,11/29/2022,,0,,FALSE,,,,
1525,1640,9,51,0.5,11/29/2022,"テフロン加工：MTM-172～174, KSP-189, HKS-011, 茨城工場：LOWER　テーブル、材料",0,,FALSE,,,,
1526,1640,9,52,3,11/29/2022,,0,,FALSE,,,,
1527,1751,9,11,1,11/29/2022,10x12x590棒の加工、穴あけ,0,,FALSE,,,,
1528,1750,9,11,1.5,11/29/2022,,0,,FALSE,,,,
1530,1764,9,40,1.5,11/29/2022,,0,,FALSE,,,,
1531,1640,9,52,2.75,11/30/2022,,0,,FALSE,,,,
1533,1750,9,11,3,11/30/2022,,0,,FALSE,,,,
1534,1750,9,12,3.5,11/30/2022,,0,,FALSE,,,,
1535,1736,9,23,0.75,11/30/2022,,0,,FALSE,,,,
1536,1735,9,23,0.5,11/30/2022,,0,,FALSE,,,,
1537,1734,9,23,0.5,11/30/2022,,0,,FALSE,,,,
1538,1767,9,40,1.75,11/30/2022,,0,,FALSE,,,,
1539,1766,9,10,2,12/1/2022,,0,,FALSE,,,,
1540,1739,9,12,3.5,12/1/2022,4Ｘ20°テーパエンドミルが欠けたため、加工後残った段差が多くてミガキする時間がかかります。,0,,FALSE,4Ｘ20°テーパエンドミルがかけたため加工後、残った段差が多くて時間がかかる,,,
1541,1640,9,52,1.5,12/1/2022,,0,,FALSE,,,,
1542,1761,9,13,4.5,12/1/2022,,0,,FALSE,,,,
1543,1768,9,888,1,12/2/2022,金型修理、梱包（テフロン加工へ送る）,0,,FALSE,,,,
1544,1766,9,10,0.5,12/2/2022,,0,,FALSE,,,,
1545,1733,9,11,3.75,12/2/2022,,0,,FALSE,,,,
1546,1733,9,12,2.5,12/2/2022,,0,,FALSE,,,,
1547,1762,9,13,2,12/2/2022,,0,,FALSE,,,,
1548,1640,9,52,1.5,12/2/2022,,0,,FALSE,,,,
1549,1640,9,50,0.5,12/2/2022,,0,,FALSE,,,,
1550,1752,9,11,2.75,12/3/2022,,0,,FALSE,,,,
1551,1752,9,12,2.5,12/3/2022,,0,,FALSE,,,,
1552,1753,9,13,2,12/3/2022,,0,,FALSE,,,,
1553,1762,9,13,1.25,12/3/2022,,0,,FALSE,,,,
1554,1770,9,10,2,12/5/2022,,0,,FALSE,,,,
1555,1771,9,10,2.25,12/5/2022,,0,,FALSE,,,,
1556,1753,9,13,0.75,12/5/2022,,0,,FALSE,,,,
1557,1756,9,11,2,12/5/2022,,0,,FALSE,,,,
1558,1756,9,12,1.75,12/5/2022,,0,,FALSE,,,,
1559,1757,9,11,2,12/5/2022,,0,,FALSE,,,,
1560,1757,9,12,0.5,12/5/2022,,0,,FALSE,,,,
1561,1640,9,52,1.5,12/5/2022,,0,,FALSE,,,,
1562,1760,9,13,2.5,12/6/2022,,0,,FALSE,,,,
1563,1759,9,13,2.5,12/6/2022,,0,,FALSE,,,,
1564,1763,9,11,2,12/6/2022,,0,,FALSE,,,,
1566,1757,9,12,1,12/6/2022,,0,,FALSE,,,,
1567,1769,9,15,1,12/6/2022,,0,,FALSE,,,,
1568,1765,9,13,2.5,12/6/2022,,0,,FALSE,,,,
1569,1763,9,12,1.5,12/6/2022,,0,,FALSE,,,,
1570,1772,9,10,2.5,12/7/2022,,0,,FALSE,,,,
1571,,9,13,0.5,12/7/2022,,0,,FALSE,,,,
1572,,9,13,0.5,12/7/2022,,0,,FALSE,,,,
1573,,9,13,0.5,12/7/2022,,0,,FALSE,,,,
1574,1640,9,52,3,12/7/2022,,0,,FALSE,,,,
1575,1782,9,13,0.75,12/7/2022,,0,,FALSE,,,,
1576,1781,9,13,0.75,12/7/2022,,0,,FALSE,,,,
1577,1780,9,13,0.5,12/7/2022,,0,,FALSE,,,,
1578,1777,9,15,1.25,12/7/2022,,0,,FALSE,,,,
1579,1784,9,15,0.5,12/7/2022,改造,0,,FALSE,,,,
1580,1640,9,51,0.25,12/7/2022,"テフロン加工へ：KSP-202, MTM-171",0,,FALSE,,,,
1581,1763,9,12,0.25,12/7/2022,,0,,FALSE,,,,
1582,1787,9,10,6.5,12/8/2022,,0,,FALSE,,,,
1583,1769,9,11,2.5,12/8/2022,,0,,FALSE,,,,
1584,1769,9,12,1.5,12/8/2022,,0,,FALSE,,,,
1585,1640,9,50,0.5,12/8/2022,,0,,FALSE,,,,
1586,1784,9,12,0.25,12/8/2022,改造,0,,FALSE,,,,
1587,1779,9,15,1.5,12/8/2022,,0,,FALSE,,,,
1588,1783,9,13,0.75,12/9/2022,,0,,FALSE,,,,
1589,1788,9,13,0.5,12/9/2022,ブリッジ発生の対応,0,,FALSE,,,,
1590,1640,9,52,4,12/9/2022,,0,,FALSE,,,,
1591,1787,9,10,5.25,12/9/2022,"カッター治具：　t15x30x980, t15x10.5x400",0,,FALSE,,,,
1592,1776,9,13,2,12/9/2022,,0,,FALSE,,,,
1593,1787,9,10,8.75,12/10/2022,"30x630x830, 30x600x800",0,,FALSE,,,,
1594,1640,9,52,1.75,12/10/2022,,0,,FALSE,,,,
1595,,9,13,1.5,12/12/2022,,0,,FALSE,,,,
1596,1766,9,11,1,12/12/2022,,0,,FALSE,,,,
1597,1772,9,11,1.5,12/12/2022,,0,,FALSE,,,,
1598,1773,9,13,1,12/12/2022,,0,,FALSE,,,,
1599,1640,9,52,4,12/12/2022,,0,,FALSE,,,,
1600,1766,9,12,1.5,12/12/2022,,0,,FALSE,,,,
1601,1787,9,10,2,12/12/2022,M8　タッピング(40箇所）、梱包,0,,FALSE,10/27　足りなく３個の送り,,,
1602,1789,9,13,1.5,12/12/2022,,0,,FALSE,,,,
1603,1640,9,52,1.75,12/13/2022,,0,,FALSE,,,,
1604,1791,9,10,2.75,12/13/2022,,0,,FALSE,,,,
1605,1792,9,10,6,12/13/2022,加工、組立,0,,FALSE,,,,
1606,1794,9,33,1,12/13/2022,プラグ修理、木板交換,0,,FALSE,,,,
1607,1793,9,33,0.75,12/13/2022,プラグ修理,0,,FALSE,,,,
1608,1777,9,11,0.5,12/14/2022,,0,,FALSE,,,,
1609,1777,9,12,1,12/14/2022,,0,,FALSE,,,,
1610,1778,9,13,1,12/14/2022,,0,,FALSE,,,,
1611,1779,9,11,1,12/14/2022,,0,,FALSE,,,,
1612,1779,9,12,1.5,12/14/2022,,0,,FALSE,,,,
1613,1772,9,12,1,12/14/2022,,0,,FALSE,,,,
1614,1773,9,13,1.25,12/14/2022,,0,,FALSE,,,,
1615,1640,9,52,2.5,12/14/2022,,0,,FALSE,,,,
1616,1795,9,13,2.5,12/15/2022,,0,,FALSE,,,,
1617,1788,9,13,0.5,12/15/2022,ブリッジ発生の対応,0,,FALSE,,,,
1618,1796,9,15,1.5,12/15/2022,,0,,FALSE,,,,
1619,1640,9,52,4.5,12/15/2022,,0,,FALSE,,,,
1620,1778,9,13,0.5,12/15/2022,,0,,FALSE,,,,
1621,1640,9,51,0.25,12/15/2022,圧空ベース、水冷盤　499ｘ347,0,,FALSE,,,,
1622,1770,9,11,0.5,12/16/2022,,0,,FALSE,,,,
1623,1770,9,12,0.25,12/16/2022,,0,,FALSE,,,,
1624,1771,9,11,0.5,12/16/2022,,0,,FALSE,,,,
1625,1771,9,12,0.5,12/16/2022,,0,,FALSE,,,,
1626,1640,9,52,3.75,12/16/2022,,0,,FALSE,,,,
1628,1797,9,10,2,12/16/2022,40-φ10 穴あけ,0,,FALSE,,,,
1629,1768,9,11,0.75,12/16/2022,,0,,FALSE,,,,
1630,1798,9,10,2.75,12/19/2022,,0,,FALSE,,,,
1631,1799,9,10,1.5,12/19/2022,追加工・外周削り,0,,FALSE,,,,
1632,1774,9,13,1.5,12/19/2022,,0,,FALSE,,,,
1633,1775,9,13,1.5,12/19/2022,,0,,FALSE,,,,
1634,1796,9,11,2,12/19/2022,,0,,FALSE,,,,
1635,1640,9,52,1.5,12/19/2022,,0,,FALSE,,,,
1636,1798,9,10,0.75,12/20/2022,,0,,FALSE,,,,
1637,1801,9,10,2.5,12/20/2022,,0,,FALSE,,,,
1638,1802,9,10,2.5,12/20/2022,,0,,FALSE,,,,
1639,1640,9,52,0.5,12/20/2022,,0,,FALSE,,,,
1640,1800,9,13,0.75,12/20/2022,,0,,FALSE,,,,
1641,1640,9,51,0.5,12/20/2022,MZT-110,0,,FALSE,,,,
1642,1796,9,12,0.5,12/20/2022,,0,,FALSE,,,,
1643,1804,9,40,3,12/21/2022,8号機用２面スタッキング,0,,FALSE,,,,
1644,1801,9,11,0.75,12/21/2022,,0,,FALSE,,,,
1645,1801,9,12,1.5,12/21/2022,,0,,FALSE,,,,
1646,1802,9,11,0.75,12/21/2022,,0,,FALSE,,,,
1647,1802,9,12,1.5,12/21/2022,,0,,FALSE,,,,
1648,1805,9,10,2.5,12/21/2022,,0,,FALSE,,,,
1650,1800,9,13,0.75,12/21/2022,,0,,FALSE,,,,
1651,1640,9,50,0.5,12/21/2022,,0,,FALSE,,,,
1652,1804,9,40,0.5,12/22/2022,,0,,FALSE,,,,
1653,1808,9,13,2.5,12/22/2022,再貼り,0,,FALSE,,,,
1654,1798,9,11,2.5,12/22/2022,,0,,FALSE,,,,
1655,1798,9,12,2,12/22/2022,,0,,FALSE,,,,
1656,1809,9,10,2.5,12/22/2022,機械加工、梱包,0,,FALSE,,,,
1657,1803,9,13,1,12/22/2022,,0,,FALSE,,,,
1658,1640,9,50,1.5,12/22/2022,,0,,FALSE,,,,
1659,1769,9,10,1.5,12/23/2022,刻印追加工,0,,FALSE,,,,
1660,1730,9,40,2.5,12/23/2022,6，７号機共通,0,,FALSE,,,,
1661,1803,9,13,2.75,12/23/2022,,0,,FALSE,,,,
1662,1810,9,24,1,12/23/2022,,0,,FALSE,Ghi nham sang ma 110,,,
1663,1640,9,51,1,12/23/2022,"SJK-011, 012 セット、材料",0,,FALSE,,,,
1664,1640,9,50,2,12/23/2022,5S、圧空ベースタップ、プラグ穴あけ,0,,FALSE,,,,
1665,1811,9,888,0.25,12/23/2022,プラグカット,0,,FALSE,,,,
1666,1640,9,52,0.5,12/24/2022,,0,,FALSE,,,,
1667,1640,9,50,10.75,12/24/2022,２階の５S,0,,FALSE,,,,
1668,1812,9,10,3,12/26/2022,,0,,FALSE,,,,
1669,1640,9,50,8.75,12/26/2022,大掃除,0,,FALSE,,,,
1670,1640,9,50,10,12/27/2022,大掃除,0,,FALSE,,,,
1671,1640,9,50,4.25,12/28/2022,大掃除,0,,FALSE,,,,
1672,1813,9,15,1,1/6/2023,,0,,FALSE,,,,
1673,1815,9,10,2.5,1/6/2023,,0,,FALSE,,,,
1674,1814,9,10,2.25,1/6/2023,改造,0,,FALSE,,,,
1675,1810,9,21,0.25,1/6/2023,,0,,FALSE,,,,
1676,1810,9,22,0.25,1/6/2023,,0,,FALSE,,,,
1677,1640,9,51,0.5,1/6/2023,"SRI-004, JAE-269 テフロン加工出し",0,,FALSE,,,,
1678,1812,9,10,1,1/6/2023,,0,,FALSE,"gay dao d6 l20, chay lai",,,
1679,1799,9,10,1,1/6/2023,金型、水冷盤穴あけ,0,,FALSE,,,,
1680,1640,9,54,0.5,1/6/2023,機械操作、G59原点設定,0,,FALSE,,,,
1681,1816,9,20,1.75,1/7/2023,,0,,FALSE,,,,
1682,1813,9,11,1.5,1/7/2023,,0,,FALSE,,,,
1683,1813,9,12,3,1/7/2023,,0,,FALSE,,,,
1684,1640,9,52,1,1/7/2023,,0,,FALSE,,,,
1685,1640,9,888,2,1/7/2023,カーテン修理,0,,FALSE,,,,
1686,1640,9,50,1,1/7/2023,,0,,FALSE,,,,
1687,1817,9,13,2,1/10/2023,,0,,FALSE,,,,
1688,1812,9,11,2.75,1/10/2023,,0,,FALSE,,,,
1690,1818,9,13,4,1/10/2023,,0,,FALSE,,,,
1691,1640,9,54,2.5,1/10/2023,6号機のモーター交換,0,,FALSE,,,,
1692,1815,9,10,1.5,1/11/2023,,0,,FALSE,,,,
1693,1812,9,11,2,1/11/2023,,0,,FALSE,,,,
1694,1812,9,12,3.5,1/11/2023,,0,,FALSE,,,,
1695,1640,9,54,4,1/11/2023,粉砕機メンテ,0,,FALSE,,,,
1697,1820,9,40,3.5,1/12/2023,,0,,FALSE,,,,
1698,1821,9,700,4,1/12/2023,金型圧空穴あけ用治具,0,,FALSE,,,,
1699,1819,9,15,2.5,1/12/2023,,0,,FALSE,,,,
1700,1822,9,10,2,1/12/2023,,0,,FALSE,,,,
1701,1816,9,21,0.25,1/13/2023,,0,,FALSE,,,,
1702,1816,9,12,0.25,1/13/2023,,0,,FALSE,,,,
1703,1825,9,23,1,1/13/2023,,0,,FALSE,,,,
1704,1822,9,10,2,1/13/2023,,0,,FALSE,,,,
1705,1826,9,40,2.5,1/13/2023,,0,,FALSE,,,,
1706,1827,9,40,2.25,1/13/2023,,0,,FALSE,,,,
1707,1821,9,888,3.5,1/13/2023,金型圧空穴あけ用治具、オイルタンク作成,0,,FALSE,,,,
1709,1819,9,10,0.5,1/16/2023,,0,,FALSE,,,,
1710,1828,9,10,2.75,1/16/2023,,0,,FALSE,,,,
1711,1819,9,11,3,1/16/2023,,0,,FALSE,,,,
1712,1822,9,11,3,1/16/2023,,0,,FALSE,,,,
1713,1815,9,11,1.75,1/16/2023,,0,,FALSE,,,,
1714,1640,9,50,0.5,1/16/2023,,0,,FALSE,,,,
1715,,9,40,3,1/17/2023,２面スタッキング,0,,FALSE,,,,
1716,,9,40,4,1/17/2023,スタッキング下部,0,,FALSE,,,,
1717,1815,9,12,2,1/17/2023,,0,,FALSE,,,,
1718,1831,9,40,3,1/17/2023,2面スタッキング,0,,FALSE,,,,
1719,1831,9,40,4.5,1/17/2023,スタッキング下部,0,,FALSE,,,,
1720,1827,9,40,1.5,1/17/2023,,0,,FALSE,,,,
1721,1824,9,13,1.5,1/17/2023,,0,,FALSE,,,,
1722,1832,9,10,2.5,1/18/2023,,0,,FALSE,,,,
1723,1823,9,13,3,1/18/2023,,0,,FALSE,,,,
1724,1824,9,13,3,1/18/2023,,0,,FALSE,,,,
1725,1819,9,12,2,1/18/2023,,0,,FALSE,,,,
1726,1822,9,12,1.75,1/18/2023,,0,,FALSE,,,,
1727,1828,9,11,3.5,1/19/2023,,0,,FALSE,,,,
1728,1828,9,12,2,1/19/2023,,0,,FALSE,,,,
1729,1829,9,13,2,1/19/2023,,0,,FALSE,,,,
1730,1823,9,13,1.5,1/19/2023,,0,,FALSE,,,,
1731,1640,9,51,0.5,1/19/2023,"2445924-1, 2445925-1 金型と抜きカッタ",0,,FALSE,,,,
1732,1640,9,54,3,1/19/2023,粉砕機は材料入口のローラーと材料止め板があたるため「キー」「キー」の音がするので材料止め板を調整して直しました。,0,,FALSE,,,,
1733,1829,9,13,3,1/20/2023,,0,,FALSE,,,,
1734,1640,9,52,4.5,1/20/2023,,0,,FALSE,,,,
1735,1640,9,888,1.5,1/20/2023,会社の寮の片付け,0,,FALSE,,,,
1736,1640,9,51,0.25,1/20/2023,2445926-1 金型・抜きカッター「日三化成へ送る」,0,,FALSE,,,,
1737,1834,9,10,0.5,1/20/2023,,0,,FALSE,,,,
1738,1838,9,10,3.5,1/21/2023,,0,,FALSE,,,,
1739,1640,9,54,4,1/21/2023,プレス機の修理「押すボタンが外れて、電線も切られたため、機械は正常に動かなかった」,0,,FALSE,,,,
1740,1640,9,50,1.5,1/21/2023,,0,,FALSE,,,,
1741,1838,9,11,1,1/23/2023,,0,,FALSE,,,,
1742,1832,9,11,1.5,1/23/2023,,0,,FALSE,,,,
1743,1834,9,10,3,1/23/2023,,0,,FALSE,,,,
1744,1640,9,52,4.5,1/23/2023,,0,,FALSE,,,,
1745,1640,9,50,0.5,1/23/2023,,0,,FALSE,,,,
1746,1842,9,24,2,1/24/2023,,0,,FALSE,,,,
1747,1833,9,13,1.5,1/24/2023,,0,,FALSE,,,,
1748,1841,9,13,2.5,1/24/2023,プラグ改造,0,,FALSE,,,,
1749,1671,9,10,1.25,1/24/2023,金型改造,0,,FALSE,,,,
1750,1640,9,52,4,1/24/2023,,0,,FALSE,,,,
1751,1832,9,12,1.5,1/25/2023,,0,,FALSE,,,,
1752,1838,9,22,1,1/25/2023,,0,,FALSE,,,,
1753,1842,9,21,1,1/25/2023,,0,,FALSE,,,,
1754,1842,9,22,0.5,1/25/2023,,0,,FALSE,,,,
1755,1844,9,40,1.5,1/25/2023,,0,,FALSE,,,,
1756,1640,9,52,6,1/25/2023,,0,,FALSE,,,,
1757,1839,9,13,2,1/26/2023,,0,,FALSE,,,,
1758,,9,13,0.5,1/26/2023,,0,,FALSE,,,,
1759,1845,9,23,0.75,1/26/2023,,0,,FALSE,,,,
1760,2232,9,888,1,1/26/2023,"5S, CNC用バッテリー交換 (MoriSeiki DuraVertical 5080)",0,,FALSE,,,,
1761,1835,9,13,1.5,1/26/2023,,0,,FALSE,,,,
1762,1640,9,52,3.25,1/26/2023,,0,,FALSE,,,,
1763,1844,9,40,1.5,1/27/2023,,0,,FALSE,,,,
1764,,9,40,2,1/27/2023,,0,,FALSE,,,,
1765,1846,9,40,3,1/27/2023,,0,,FALSE,,,,
1766,1837,9,13,2.75,1/27/2023,,0,,FALSE,,,,
1767,1847,9,13,1,1/27/2023,,0,,FALSE,,,,
1768,1640,9,52,2.5,1/27/2023,,0,,FALSE,,,,
1769,1837,9,13,0.5,1/30/2023,,0,,FALSE,,,,
1771,1848,9,10,2.5,1/30/2023,,0,,FALSE,,,,
1772,1849,9,10,2.25,1/30/2023,,0,,FALSE,,,,
1773,1640,9,52,1.75,1/30/2023,,0,,FALSE,,,,
1774,1640,9,50,0.5,1/30/2023,,0,,FALSE,,,,
1775,1847,9,13,1,1/30/2023,,0,,FALSE,,,,
1776,1835,9,13,1.5,1/30/2023,,0,,FALSE,,,,
1777,1834,9,11,1.5,1/30/2023,,0,,FALSE,,,,
1778,1835,9,13,1,1/31/2023,,0,,FALSE,,,,
1779,1834,9,12,2,1/31/2023,,0,,FALSE,,,,
1780,1852,9,10,3,1/31/2023,,0,,FALSE,,,,
1781,1855,9,13,2,1/31/2023,再製作,0,,FALSE,,,,
1782,1856,9,10,1.75,1/31/2023,上面の３D　R1.5 面取り,0,,FALSE,,,,
1783,1857,9,10,3,2/1/2023,,0,,FALSE,,,,
1784,1854,9,13,3,2/1/2023,,0,,FALSE,,,,
1785,1640,9,52,1,2/1/2023,,0,,FALSE,,,,
1786,1839,9,13,0.5,2/1/2023,,0,,FALSE,,,,
1787,1818,9,13,0.5,2/1/2023,,0,,FALSE,,,,
1788,1640,9,50,2.5,2/1/2023,バンドソーのキリコのカーバ作り,0,,FALSE,,,,
1790,1859,9,20,1.75,2/2/2023,,0,,FALSE,,,,
1791,1640,9,51,0.25,2/2/2023,テフロン加工出し「ＬＭＮ-001」,0,,FALSE,,,,
1792,1640,9,888,1.5,2/2/2023,フォークリフト運転,0,,FALSE,,,,
1793,1848,9,11,4.5,2/2/2023,,0,,FALSE,,,,
1794,1848,9,12,2.5,2/2/2023,,0,,FALSE,,,,
1795,1853,9,13,1.75,2/2/2023,,0,,FALSE,,,,
1796,1859,9,21,0.25,2/3/2023,,0,,FALSE,,,,
1797,1859,9,22,0.5,2/3/2023,,0,,FALSE,,,,
1798,1852,9,11,4,2/3/2023,,0,,FALSE,,,,
1799,1857,9,10,2,2/3/2023,,0,,FALSE,,,,
1800,1856,9,10,2.75,2/3/2023,,0,,FALSE,,,,
1801,1640,9,50,2,2/3/2023,フォークリフト運転、段ボール片付け,0,,FALSE,,,,
1802,1849,9,10,0.75,2/3/2023,,0,,FALSE,,,,
1803,1853,9,13,1.5,2/4/2023,,0,,FALSE,,,,
1804,1852,9,12,2.75,2/4/2023,,0,,FALSE,,,,
1805,1640,9,888,0.5,2/4/2023,"5S,　フレームの梱包「茨城工場へ」",0,,FALSE,,,,
1806,1856,9,10,2,2/4/2023,,0,,FALSE,,,,
1807,1849,9,11,2,2/4/2023,,0,,FALSE,,,,
1808,1849,9,12,3,2/4/2023,,0,,FALSE,,,,
1810,1862,9,10,2.75,2/6/2023,,0,,FALSE,,,,
1811,1856,9,11,3,2/6/2023,,0,,FALSE,,,,
1812,1856,9,12,2.5,2/6/2023,,0,,FALSE,,,,
1813,1640,9,52,1.75,2/6/2023,,0,,FALSE,,,,
1814,1640,9,888,2,2/6/2023,出荷場所整理,0,,FALSE,,,,
1815,1862,9,11,1.5,2/7/2023,,0,,FALSE,,,,
1817,1862,9,12,1,2/7/2023,,0,,FALSE,,,,
1818,1865,9,13,1.5,2/7/2023,,0,,FALSE,,,,
1819,1860,9,13,3,2/7/2023,,0,,FALSE,Bi nham sang ミガキ,,,
1820,1866,9,10,0.75,2/7/2023,,0,,FALSE,,,,
1821,1640,9,50,0.5,2/7/2023,,0,,FALSE,,,,
1822,1640,9,620,0.25,2/7/2023,,0,,FALSE,,,,
1823,1867,9,40,1.5,2/7/2023,,0,,FALSE,,,,
1825,1863,9,15,1.25,2/7/2023,,0,,FALSE,,,,
1826,1869,9,10,2.5,2/8/2023,,0,,FALSE,,,,
1827,1857,9,11,2.75,2/8/2023,,0,,FALSE,,,,
1828,1857,9,12,3,2/8/2023,,0,,FALSE,,,,
1829,1850,9,13,2.5,2/8/2023,,0,,FALSE,,,,
1830,1640,9,50,1,2/8/2023,粉砕用かごのキャスター取付,0,,FALSE,,,,
1831,1871,9,10,2.5,2/9/2023,,0,,FALSE,,,,
1832,1863,9,11,2,2/9/2023,,0,,FALSE,,,,
1833,1863,9,12,3.5,2/9/2023,,0,,FALSE,段差,,,
1834,1640,9,50,0.75,2/9/2023,出荷場所整理「プレス機移動」,0,,FALSE,,,,
1835,1640,9,52,3,2/9/2023,,0,,FALSE,,,,
1836,1873,9,10,3.25,2/10/2023,,0,,FALSE,,,,
1837,1864,9,13,3,2/10/2023,,0,,FALSE,,,,
1838,1640,9,43,0.5,2/10/2023,プレス用PP板作成,0,,FALSE,,,,
1839,1640,9,52,3,2/10/2023,,0,,FALSE,,,,
1841,1837,9,42,0.5,2/10/2023,,0,,FALSE,中川さんに頼まれた,,,
1842,1875,9,10,4,2/13/2023,,0,,FALSE,,,,
1843,1640,9,52,5,2/13/2023,,0,,FALSE,,,,
1844,1876,9,20,2,2/13/2023,,0,,FALSE,,,,
1845,1640,9,50,0.25,2/13/2023,キリコだし,0,,FALSE,,,,
1846,1869,9,11,3.75,2/14/2023,,0,,FALSE,,,,
1847,1869,9,12,2.5,2/14/2023,,0,,FALSE,,,,
1848,1875,9,10,1,2/14/2023,,0,,FALSE,,,,
1849,1873,9,11,0.5,2/14/2023,,0,,FALSE,,,,
1850,1640,9,52,3,2/14/2023,,0,,FALSE,,,,
1851,1640,9,43,1.5,2/14/2023,プレス用PP板作成、機械加工の試し,0,,FALSE,,,,
1852,1877,9,10,2.5,2/15/2023,,0,,FALSE,,,,
1853,1879,9,10,2.5,2/15/2023,,0,,FALSE,,,,
1854,1869,9,12,0.5,2/15/2023,,0,,FALSE,,,,
1855,1870,9,13,2.75,2/15/2023,,0,,FALSE,,,,
1856,1873,9,12,0.5,2/15/2023,,0,,FALSE,,,,
1857,1640,9,52,3.5,2/15/2023,,0,,FALSE,,,,
1858,1640,9,43,0.75,2/15/2023,プレス用PP板作成,0,,FALSE,,,,
1859,1880,9,40,5,2/16/2023,２面スタッキング、下部スタッキング,0,,FALSE,,,,
1860,1640,9,52,4,2/16/2023,,0,,FALSE,,,,
1861,1870,9,13,0.75,2/16/2023,,0,,FALSE,,,,
1862,1864,9,13,1,2/16/2023,ブリッジ発生の為ネル追加,0,,FALSE,,,,
1863,1884,9,15,1.5,2/17/2023,,0,,FALSE,,,,
1864,1877,9,11,1,2/17/2023,,0,,FALSE,,,,
1865,1877,9,10,2,2/17/2023,,0,,FALSE,,,,
1866,1879,9,11,0.5,2/17/2023,,0,,FALSE,,,,
1867,1879,9,12,1.25,2/17/2023,,0,,FALSE,,,,
1868,1871,9,11,0.5,2/17/2023,,0,,FALSE,,,,
1869,1871,9,12,1,2/17/2023,,0,,FALSE,,,,
1870,1640,9,50,1.5,2/17/2023,,0,,FALSE,,,,
1871,,9,15,2,2/17/2023,,0,,FALSE,,,,
1872,1885,9,15,1.5,2/17/2023,,0,,FALSE,,,,
1873,1874,9,13,0.5,2/20/2023,,0,,FALSE,,,,
1874,1885,9,15,1.5,2/20/2023,,0,,FALSE,,,,
1876,1881,9,13,1.75,2/20/2023,,0,,FALSE,,,,
1877,1640,9,54,6.25,2/20/2023,コンプレッサー取付、5S,0,,FALSE,,,,
1878,1640,9,52,2.5,2/20/2023,,0,,FALSE,,,,
1880,1868,9,13,2,2/21/2023,再製作,0,,FALSE,,,,
1881,1882,9,13,3.5,2/21/2023,,0,,FALSE,,,,
1882,1890,9,10,2.25,2/21/2023,,0,,FALSE,Nham dao Under 8.0-＞8.6,,,
1883,1891,9,10,2.25,2/21/2023,,0,,FALSE,,,,
1884,1850,9,13,2,2/21/2023,,0,,FALSE,,,,
1885,1640,9,50,0.5,2/21/2023,,0,,FALSE,,,,
1886,1640,9,52,1.75,2/22/2023,,0,,FALSE,,,,
1887,1886,9,13,2.75,2/22/2023,,0,,FALSE,,,,
1888,1885,9,11,2.5,2/22/2023,,0,,FALSE,,,,
1889,1885,9,12,2,2/22/2023,,0,,FALSE,,,,
1891,1640,9,888,2,2/22/2023,健康診断,0,,FALSE,,,,
1892,1884,9,11,2,2/23/2023,,0,,FALSE,,,,
1893,1884,9,12,1.75,2/23/2023,,0,,FALSE,,,,
1894,1889,9,23,0.5,2/23/2023,,0,,FALSE,,,,
1895,1891,9,11,1.5,2/23/2023,,0,,FALSE,,,,
1896,1890,9,11,1.25,2/23/2023,,0,,FALSE,,,,
1897,2233,9,54,1,2/23/2023,MILLAC468V　機械のクーラントタンク定期掃除、エアー漏れハイカプラの交換「3か所」,0,,FALSE,,,,
1898,1887,9,13,2,2/24/2023,,0,,FALSE,,,,
1899,1872,9,13,1.5,2/24/2023,,0,,FALSE,,,,
1900,1894,9,10,2.5,2/24/2023,,0,,FALSE,,,,
1901,1888,9,20,1.5,2/24/2023,,0,,FALSE,,,,
1902,1895,9,43,1,2/24/2023,,0,,FALSE,,,,
1903,1640,9,52,2.5,2/24/2023,,0,,FALSE,,,,
1904,1640,9,50,0.75,2/24/2023,出荷場所整理,0,,FALSE,,,,
1905,1890,9,12,1.5,2/25/2023,,0,,FALSE,,,,
1906,1892,9,13,2,2/25/2023,,0,,FALSE,,,,
1907,1891,9,12,1.5,2/25/2023,,0,,FALSE,,,,
1908,1893,9,13,1,2/25/2023,,0,,FALSE,,,,
1909,1888,9,24,0.5,2/25/2023,,0,,FALSE,,,,
1910,1888,9,22,0.5,2/25/2023,,0,,FALSE,,,,
1911,1897,9,40,2.5,2/25/2023,,0,,FALSE,,,,
1912,1640,9,50,0.5,2/25/2023,,0,,FALSE,,,,
1913,1893,9,13,1,2/27/2023,,0,,FALSE,,,,
1914,1898,9,20,1.5,2/27/2023,,0,,FALSE,,,,
1915,1640,9,52,9.25,2/27/2023,粉砕・整理,0,,FALSE,,,,
1916,1897,9,40,0.5,2/27/2023,,0,,FALSE,,,,
1917,1899,9,40,2,2/28/2023,,0,,FALSE,,,,
1918,1898,9,21,1,2/28/2023,,0,,FALSE,,,,
1919,1898,9,22,0.5,2/28/2023,,0,,FALSE,,,,
1920,1894,9,11,2.5,2/28/2023,,0,,FALSE,,,,
1921,1894,9,12,1.75,2/28/2023,,0,,FALSE,,,,
1922,1640,9,52,2.25,2/28/2023,,0,,FALSE,,,,
1923,1900,9,40,2,3/1/2023,,0,,FALSE,,,,
1924,1902,9,40,2,3/1/2023,,0,,FALSE,,,,
1925,1903,9,40,2,3/1/2023,,0,,FALSE,２面スタッキング,,,
1926,1904,9,10,3,3/1/2023,,0,,FALSE,,,,
1927,1906,9,43,3.5,3/1/2023,坂田工場 カッターの曲がりを直って、治具、PP板を再製作しました。,0,,FALSE,,,,
1928,1896,9,13,3.5,3/2/2023,,0,,FALSE,,,,
1929,1901,9,23,1.5,3/2/2023,,0,,FALSE,,,,
1930,1903,9,40,1.5,3/2/2023,,0,,FALSE,,,,
1931,1640,9,52,4.75,3/2/2023,,0,,FALSE,,,,
1933,1906,9,43,0.5,3/2/2023,坂田工場　74D PP板カット,0,,FALSE,,,,
1935,1907,9,14,3,3/3/2023,,0,,FALSE,,,,
1939,1904,9,11,2,3/3/2023,,0,,FALSE,,,,
1940,1904,9,12,2,3/3/2023,,0,,FALSE,,,,
1941,1640,9,52,4.5,3/3/2023,,0,,FALSE,,,,
1942,1640,9,50,0.75,3/3/2023,,0,,FALSE,,,,
1943,1905,9,13,2,3/6/2023,,0,,FALSE,,,,
1944,1858,9,13,2,3/6/2023,,0,,FALSE,,,,
1945,1640,9,52,6,3/6/2023,,0,,FALSE,,,,
1946,1640,9,888,1.25,3/6/2023,フォークリフト運転、5S,0,,FALSE,,,,
1947,1858,9,13,3,3/7/2023,,0,,FALSE,,,,
1949,1908,9,13,2,3/7/2023,プラグ再製作,0,,FALSE,,,,
1950,1640,9,51,1.5,3/7/2023,,0,,FALSE,,,,
1951,1640,9,52,3,3/7/2023,,0,,FALSE,,,,
1952,1640,9,50,1,3/7/2023,,0,,FALSE,,,,
1953,1909,9,10,3,3/8/2023,,0,,FALSE,,,,
1954,1910,9,10,3,3/8/2023,,0,,FALSE,,,,
1955,1682,9,40,2.75,3/8/2023,,0,,FALSE,,,,
1956,1912,9,12,1.5,3/8/2023,ショートかけ,0,,FALSE,,,,
1957,1911,9,40,0.75,3/8/2023,,0,,FALSE,,,,
1958,1640,9,50,0.25,3/8/2023,,0,,FALSE,,,,
1959,1913,9,13,2.5,3/9/2023,,0,,FALSE,,,,
1960,1911,9,40,2,3/9/2023,,0,,FALSE,,,,
1961,1640,9,52,2.5,3/9/2023,,0,,FALSE,,,,
1962,1640,9,50,2.5,3/9/2023,フォークリフト運転・出荷場所整理,0,,FALSE,,,,
1963,1640,9,43,1.25,3/9/2023,PP板カット,0,,FALSE,,,,
1964,1916,9,10,3,3/10/2023,,0,,FALSE,,,,
1965,1909,9,11,2.5,3/10/2023,,0,,FALSE,,,,
1966,1640,9,52,5,3/10/2023,,0,,FALSE,,,,
1967,1640,9,50,2.5,3/10/2023,スタッキング修理、工場片付け,0,,FALSE,,,,
1968,1909,9,10,3,3/13/2023,彫刻直し,0,,FALSE,,,,
1969,1910,9,10,5,3/13/2023,彫刻直し,0,,FALSE,,,,
1970,1640,9,51,1.5,3/13/2023,梱包、片付け,0,,FALSE,,,,
1971,1916,9,10,2,3/13/2023,,0,,FALSE,,,,
1972,1918,9,10,2,3/14/2023,,0,,FALSE,,,,
1973,1920,9,14,6,3/14/2023,,0,,FALSE,,,,
1974,1909,9,12,2,3/14/2023,,0,,FALSE,,,,
1975,1910,9,11,2.5,3/14/2023,,0,,FALSE,,,,
1976,1640,9,50,0.25,3/14/2023,,0,,FALSE,,,,
1977,1921,9,14,4.75,3/15/2023,,0,,FALSE,,,,
1978,1640,9,51,1,3/15/2023,,0,,FALSE,,,,
1979,1914,9,13,3,3/15/2023,,0,,FALSE,,,,
1980,1640,9,52,2,3/15/2023,,0,,FALSE,,,,
1981,1910,9,12,2.25,3/15/2023,,0,,FALSE,,,,
1982,1918,9,10,0.5,3/16/2023,,0,,FALSE,,,,
1983,1922,9,20,1.5,3/16/2023,,0,,FALSE,,,,
1984,1923,9,20,1.5,3/16/2023,,0,,FALSE,,,,
1985,1640,9,52,4,3/16/2023,,0,,FALSE,,,,
1986,1640,9,50,2.5,3/16/2023,5Ｓ・段ボール片付け,0,,FALSE,,,,
1987,1640,9,43,2,3/16/2023,PP板カット,0,,FALSE,,,,
1988,1916,9,11,1.5,3/17/2023,,0,,FALSE,,,,
1989,1916,9,12,2,3/17/2023,,0,,FALSE,,,,
1990,1918,9,11,1.5,3/17/2023,,0,,FALSE,,,,
1991,1918,9,12,2,3/17/2023,,0,,FALSE,,,,
1992,1640,9,50,0.5,3/17/2023,,0,,FALSE,,,,
1993,1640,9,51,0.75,3/17/2023,,0,,FALSE,,,,
1994,1640,9,43,1,3/17/2023,木板カット・ネル貼り,0,,FALSE,,,,
1995,1915,9,13,1,3/17/2023,,0,,FALSE,,,,
1996,1924,9,20,1.5,3/20/2023,,0,,FALSE,,,,
1997,1926,9,20,1.5,3/20/2023,,0,,FALSE,,,,
1998,1922,9,21,0.5,3/20/2023,,0,,FALSE,,,,
1999,1923,9,11,0.5,3/20/2023,,0,,FALSE,,,,
2000,1915,9,13,3,3/20/2023,,0,,FALSE,,,,
2001,1914,9,13,1,3/20/2023,,0,,FALSE,,,,
2002,1640,9,52,3,3/20/2023,,0,,FALSE,,,,
2003,1929,9,23,0.5,3/22/2023,,0,,FALSE,,,,
2004,1922,9,22,0.25,3/22/2023,,0,,FALSE,,,,
2005,1928,9,23,0.5,3/22/2023,,0,,FALSE,,,,
2006,1923,9,12,0.25,3/22/2023,,0,,FALSE,,,,
2007,1919,9,13,1.75,3/22/2023,,0,,FALSE,,,,
2008,1917,9,13,2.5,3/22/2023,,0,,FALSE,,,,
2009,1640,9,43,0.25,3/22/2023,PP板カット,0,,FALSE,,,,
2010,1930,9,14,4.5,3/22/2023,坂田工場　74D 圧空ベース（上型用）　20x295x455,0,,FALSE,,,,
2011,1640,9,50,0.5,3/22/2023,,0,,FALSE,,,,
2012,1931,9,10,2.5,3/23/2023,,0,,FALSE,,,,
2013,1934,9,14,4.5,3/23/2023,,0,,FALSE,,,,
2014,1906,9,43,1,3/23/2023,坂田工場　74D　PP板カット,0,,FALSE,,,,
2015,1640,9,50,1,3/23/2023,梱包・5S,0,,FALSE,,,,
2017,1761,9,42,1.5,3/23/2023,プラグ反り修理,0,,FALSE,,,,
2018,1924,9,21,0.5,3/23/2023,,0,,FALSE,,,,
2019,1926,9,21,0.5,3/23/2023,,0,,FALSE,,,,
2021,1936,9,10,3.5,3/24/2023,,0,,FALSE,,,,
2022,1924,9,12,0.5,3/24/2023,,0,,FALSE,,,,
2023,1926,9,12,0.5,3/24/2023,,0,,FALSE,,,,
2024,1939,9,14,2.5,3/24/2023,坂田工場　74D,0,,FALSE,,,,
2025,1640,9,52,3,3/24/2023,,0,,FALSE,,,,
2026,1640,9,42,0.5,3/24/2023,JAE-259,0,,FALSE,,,,
2027,1940,9,10,2.25,3/25/2023,,0,,FALSE,,,,
2028,1934,9,14,3.5,3/25/2023,ハンドルタップ・組立,0,,FALSE,,,,
2029,1640,9,50,6.25,3/25/2023,ケース置き場所片付け・棚卸し,0,,FALSE,,,,
2030,,9,40,1,3/25/2023,外形調整　530以下,0,,FALSE,,,,
2031,1941,9,40,1,3/25/2023,外形調整　530以下,0,,FALSE,,,,
2032,1943,9,10,3.5,3/27/2023,,0,,FALSE,,,,
2033,1940,9,10,3,3/27/2023,,0,,FALSE,,,,
2034,1930,9,14,3.5,3/27/2023,坂田工場　74D,0,,FALSE,,,,
2035,1640,9,52,3,3/27/2023,,0,,FALSE,,,,
2036,1640,9,50,0.5,3/27/2023,,0,,FALSE,,,,
2037,1931,9,11,2.5,3/28/2023,,0,,FALSE,,,,
2038,1931,9,12,2,3/28/2023,,0,,FALSE,,,,
2039,,9,40,1,3/28/2023,,0,,FALSE,SUA TAM DONG,,,
2040,1932,9,13,4.5,3/28/2023,,0,,FALSE,,,,
2041,1925,9,23,0.5,3/28/2023,,0,,FALSE,,,,
2042,1927,9,23,0.5,3/28/2023,,0,,FALSE,,,,
2043,1945,9,40,1.5,3/28/2023,,0,,FALSE,,,,
2045,1943,9,10,0.75,3/29/2023,彫刻・アンダースタック,0,,FALSE,,,,
2046,1940,9,10,0.75,3/29/2023,彫刻・アンダースタック,0,,FALSE,,,,
2047,1947,9,20,2,3/29/2023,,0,,FALSE,,,,
2048,1640,9,52,2.5,3/29/2023,,0,,FALSE,,,,
2050,1640,9,43,1.5,3/29/2023,PPカット・SSM-048抜きカッタ－曲がりの修理,0,,FALSE,,,,
2051,1939,9,14,0.75,3/29/2023,坂田工場　74D,0,,FALSE,,,,
2052,1640,9,50,0.5,3/29/2023,,0,,FALSE,,,,
2053,1948,9,14,3,3/30/2023,坂田工場　74D,0,,FALSE,,,,
2054,1949,9,14,3.25,3/30/2023,坂田工場　74D,0,,FALSE,,,,
2055,1939,9,14,0.75,3/30/2023,坂田工場　74D,0,,FALSE,,,,
2056,1640,9,50,1,3/30/2023,,0,,FALSE,,,,
2057,1640,9,14,3,3/30/2023,ベース押さえる治具,0,,FALSE,,,,
2058,1950,9,14,2,3/31/2023,坂田工場　74D,0,,FALSE,,,,
2059,1951,9,10,3,3/31/2023,,0,,FALSE,,,,
2060,1640,9,54,1.5,3/31/2023,７号機遮 熱 カバー取付金具作り直し,0,,FALSE,,,,
2061,1953,9,14,2.5,3/31/2023,茨城工場　74C,0,,FALSE,,,,
2063,1944,9,13,3.75,4/2/2023,,0,,FALSE,,,,
2064,1954,9,40,5,4/2/2023,坂田工場　74D スタキング　中・下板セット,0,,FALSE,,,,
2065,1943,9,12,1.75,4/3/2023,,0,,FALSE,,,,
2066,1955,9,10,2.5,4/3/2023,,0,,FALSE,,,,
2067,1956,9,10,0.5,4/3/2023,3D 変形,0,,FALSE,,,,
2068,1957,9,10,2.5,4/3/2023,,0,,FALSE,,,,
2069,1936,9,11,1.75,4/3/2023,,0,,FALSE,,,,
2070,1640,9,52,3.5,4/3/2023,,0,,FALSE,,,,
2071,1943,9,11,2.5,4/4/2023,,0,,FALSE,,,,
2072,1936,9,12,1.5,4/4/2023,,0,,FALSE,,,,
2073,1940,9,11,1.5,4/4/2023,,0,,FALSE,,,,
2075,1937,9,13,1.5,4/4/2023,,0,,FALSE,,,,
2077,2234,9,888,1,4/4/2023,アクチュエータ不具合の原因で機械[CMX800V]が止まったためプログラムを編集して止まった位置から続けて加工する。,0,,FALSE,,,,
2078,1640,9,52,3,4/4/2023,,0,,FALSE,,,,
2079,1640,9,50,0.75,4/4/2023,,0,,FALSE,,,,
2080,1640,9,52,2.75,4/5/2023,,0,,FALSE,,,,
2081,1640,9,50,0.5,4/5/2023,,0,,FALSE,,,,
2082,1940,9,12,1.5,4/5/2023,,0,,FALSE,,,,
2083,1942,9,13,2,4/5/2023,,0,,FALSE,,,,
2084,1963,9,10,2.25,4/5/2023,,0,,FALSE,,,,
2085,1947,9,21,0.25,4/5/2023,,0,,FALSE,,,,
2086,1947,9,22,0.75,4/5/2023,,0,,FALSE,,,,
2087,1965,9,10,3,4/6/2023,,0,,FALSE,,,,
2088,1963,9,10,0.5,4/6/2023,,0,,FALSE,,,,
2089,1957,9,10,0.5,4/6/2023,,0,,FALSE,,,,
2090,1955,9,10,0.5,4/6/2023,,0,,FALSE,,,,
2091,1951,9,11,3,4/6/2023,,0,,FALSE,,,,
2092,1953,9,14,3,4/6/2023,茨城工場　74C SUS面板穴あけ・アルミベース10tｘ560ｘ704の幅560ｍｍから558ｍｍに削る,0,,FALSE,,,,
2093,1939,9,14,0.5,4/6/2023,坂田工場　74D t12x560x704 の幅調整　558ｍｍまで,0,,FALSE,,,,
2094,2232,9,50,1.5,4/6/2023,5S・DuraVertical 5080機械の定期クーラント切り替え,0,,FALSE,,,,
2095,1967,9,20,1.5,4/7/2023,,0,,FALSE,,,,
2096,1951,9,11,1.5,4/7/2023,,0,,FALSE,,,,
2097,1952,9,13,4,4/7/2023,,0,,FALSE,,,,
2098,1951,9,12,3.5,4/7/2023,,0,,FALSE,,,,
2100,1953,9,888,0.5,4/7/2023,茨城工場　74C 仕上げ・組立・梱包,0,,FALSE,,,,
2101,1640,9,50,0.5,4/7/2023,,0,,FALSE,,,,
2102,1968,9,23,0.25,4/8/2023,,0,,FALSE,,,,
2103,1970,9,10,2.75,4/8/2023,,0,,FALSE,,,,
2104,1955,9,11,2.25,4/8/2023,,0,,FALSE,,,,
2105,1957,9,11,3,4/8/2023,,0,,FALSE,,,,
2106,1958,9,13,2,4/8/2023,,0,,FALSE,,,,
2107,1640,9,52,2.5,4/8/2023,,0,,FALSE,,,,
2108,1967,9,21,0.25,4/8/2023,,0,,FALSE,,,,
2109,1970,9,10,1,4/10/2023,表面一部のプログラム,0,,FALSE,,,,
2110,1963,9,10,0.5,4/10/2023,アンダースタック工具のオフセットを間違えたため不具合発生しました。,0,,FALSE,,,,
2111,1955,9,11,2.75,4/10/2023,,0,,FALSE,,,,
2112,1958,9,13,1.25,4/10/2023,,0,,FALSE,,,,
2113,1957,9,11,1.25,4/10/2023,,0,,FALSE,,,,
2115,1971,9,10,2,4/10/2023,,0,,FALSE,,,,
2116,1640,9,50,1,4/10/2023,,0,,FALSE,,,,
2117,1640,9,620,3,4/10/2023,,0,,FALSE,,,,
2118,1957,9,12,2,4/11/2023,,0,,FALSE,,,,
2119,1959,9,13,2.25,4/11/2023,,0,,FALSE,,,,
2120,1955,9,12,2,4/11/2023,,0,,FALSE,,,,
2121,1640,9,610,2.5,4/11/2023,,0,,FALSE,,,,
2122,1967,9,21,0.25,4/12/2023,,0,,FALSE,,,,
2123,1967,9,12,0.25,4/12/2023,,0,,FALSE,,,,
2124,1974,9,40,1.5,4/12/2023,,0,,FALSE,,,,
2125,1981,9,14,1.75,4/16/2023,,0,,FALSE,,,,
2126,1971,9,11,1,4/16/2023,,0,,FALSE,,,,
2127,1971,9,12,1,4/16/2023,,0,,FALSE,,,,
2128,1972,9,13,1.25,4/16/2023,,0,,FALSE,,,,
2129,1965,9,11,1,4/16/2023,,0,,FALSE,,,,
2130,1979,9,10,1.5,4/16/2023,,0,,FALSE,,,,
2131,1975,9,10,1.25,4/16/2023,,0,,FALSE,,,,
2132,1977,9,10,2.5,4/16/2023,材料はA505235ｘ302ｘ356在庫から,0,,FALSE,,,,
2133,1963,9,11,2,4/18/2023,,0,,FALSE,,,,
2134,1963,9,12,2,4/18/2023,,0,,FALSE,,,,
2135,1964,9,13,3,4/18/2023,,0,,FALSE,,,,
2136,1965,9,11,1.25,4/18/2023,,0,,FALSE,,,,
2138,1965,9,12,2,4/18/2023,,0,,FALSE,,,,
2139,1975,9,11,1.5,4/19/2023,,0,,FALSE,,,,
2140,1975,9,12,1.5,4/19/2023,,0,,FALSE,,,,
2141,1976,9,13,2,4/19/2023,,0,,FALSE,,,,
2142,1969,9,23,0.25,4/19/2023,,0,,FALSE,,,,
2143,1982,9,10,2,4/19/2023,,0,,FALSE,,,,
2144,1970,9,11,0.5,4/19/2023,,0,,FALSE,,,,
2145,1970,9,12,0.5,4/19/2023,,0,,FALSE,,,,
2146,1973,9,13,1.25,4/19/2023,,0,,FALSE,,,,
2147,1977,9,11,1,4/19/2023,,0,,FALSE,,,,
2149,1979,9,11,1,4/19/2023,,0,,FALSE,,,,
2150,1978,9,13,1,4/20/2023,,0,,FALSE,,,,
2151,1977,9,12,0.5,4/20/2023,,0,,FALSE,,,,
2152,1985,9,20,1.5,4/20/2023,,0,,FALSE,,,,
2153,1988,9,14,6,4/20/2023,74D　坂田,0,,FALSE,,,,
2155,1984,9,10,2.5,4/20/2023,,0,,FALSE,,,,
2156,1640,9,52,3,4/21/2023,,0,,FALSE,,,,
2157,1984,9,10,0.5,4/21/2023,,0,,FALSE,,,,
2158,1979,9,12,1.75,4/21/2023,,0,,FALSE,,,,
2159,1991,9,20,1,4/21/2023,,0,,FALSE,,,,
2160,1991,9,21,0.25,4/21/2023,,0,,FALSE,,,,
2161,1991,9,22,0.5,4/21/2023,,0,,FALSE,,,,
2162,1985,9,21,0.25,4/21/2023,,0,,FALSE,,,,
2163,1985,9,22,0.25,4/21/2023,,0,,FALSE,,,,
2164,1986,9,23,0.25,4/21/2023,,0,,FALSE,,,,
2166,1980,9,13,2,4/21/2023,,0,,FALSE,,,,
2167,1988,9,888,1.75,4/21/2023,74D　坂田 仕上げ・O-RINGS取付,0,,FALSE,,,,
2168,1989,9,21,0.25,4/22/2023,,0,,FALSE,,,,
2169,1989,9,22,0.25,4/22/2023,,0,,FALSE,,,,
2171,1982,9,10,1,4/22/2023,,0,,FALSE,,,,
2172,1982,9,11,0.75,4/22/2023,,0,,FALSE,,,,
2173,1982,9,12,1,4/22/2023,,0,,FALSE,,,,
2174,1983,9,13,1.5,4/22/2023,,0,,FALSE,,,,
2175,1640,9,50,1,4/22/2023,片付け・キリコ出し,0,,FALSE,,,,
2176,1640,9,52,3.75,4/22/2023,,0,,FALSE,,,,
2177,1989,9,20,0.75,4/22/2023,,0,,FALSE,,,,
2178,1993,9,10,2.5,4/24/2023,,0,,FALSE,,,,
2179,1640,9,50,0.75,4/24/2023,,0,,FALSE,,,,
2180,1640,9,52,8,4/24/2023,,0,,FALSE,,,,
2182,1996,9,20,1.5,4/25/2023,,0,,FALSE,,,,
2184,1984,9,11,2,4/25/2023,,0,,FALSE,,,,
2185,1984,9,12,2,4/25/2023,,0,,FALSE,,,,
2187,1640,9,52,5,4/25/2023,,0,,FALSE,,,,
2188,1640,9,50,1,4/25/2023,,0,,FALSE,,,,
2189,1998,9,10,3,4/26/2023,,0,,FALSE,,,,
2190,1996,9,32,0.5,4/26/2023,アンダースタック試し,0,,FALSE,,,,
2191,1640,9,51,0.5,4/26/2023,"テフロン加工へ「JAE-286,287,288]",0,,FALSE,,,,
2192,1640,9,52,5.5,4/26/2023,,0,,FALSE,,,,
2193,1984,9,10,0.75,4/26/2023,穴追加工,0,,FALSE,,,,
2194,1640,9,50,1,4/26/2023,,0,,FALSE,,,,
2195,,9,40,3,4/27/2023,,0,,FALSE,,,,
2196,1640,9,888,1.5,4/27/2023,テフロン加工への梱包「SIT-011]・金型ショート,0,,FALSE,,,,
2197,1640,9,50,1.75,4/27/2023,,0,,FALSE,,,,
2198,1640,9,52,6.5,4/27/2023,,0,,FALSE,,,,
2199,2002,9,40,2.5,4/28/2023,,0,,FALSE,,,,
2200,1966,9,13,3.5,4/28/2023,,0,,FALSE,,,,
2201,2000,9,10,3,4/28/2023,,0,,FALSE,,,,
2202,1640,9,52,2,4/28/2023,,0,,FALSE,,,,
2203,1998,9,11,3.5,5/1/2023,,0,,FALSE,,,,
2204,1996,9,21,0.5,5/1/2023,,0,,FALSE,,,,
2205,1996,9,22,0.25,5/1/2023,,0,,FALSE,,,,
2206,1990,9,23,0.5,5/1/2023,,0,,FALSE,,,,
2207,1997,9,23,0.5,5/1/2023,,0,,FALSE,,,,
2208,1640,9,43,0.75,5/1/2023,青森工場へ送るPP板カット,0,,FALSE,,,,
2209,1640,9,52,3,5/1/2023,,0,,FALSE,,,,
2210,2003,9,10,2.5,5/2/2023,,0,,FALSE,,,,
2211,1993,9,10,1.5,5/2/2023,表面の一部追加工,0,,FALSE,,,,
2212,1993,9,11,3.25,5/2/2023,,0,,FALSE,,,,
2213,1998,9,12,2,5/2/2023,,0,,FALSE,,,,
2214,1987,9,13,3.5,5/8/2023,,0,,FALSE,,,,
2215,2005,9,10,2.5,5/8/2023,,0,,FALSE,,,,
2216,2008,9,40,2,5/8/2023,,0,,FALSE,,,,
2217,1993,9,12,2.5,5/8/2023,,0,,FALSE,,,,
2219,1640,9,50,0.5,5/8/2023,点検項目確認,0,,FALSE,,,,
2220,2009,9,10,2.5,5/9/2023,,0,,FALSE,,,,
2221,1994,9,13,3,5/9/2023,,0,,FALSE,,,,
2222,1640,9,52,4.5,5/9/2023,,0,,FALSE,,,,
2223,1640,9,888,1,5/9/2023,"SSM-051, 052 試作用木板作成　・　抜きカッター木板直し",0,,FALSE,,,,
2224,2011,9,14,4.75,5/10/2023,,0,,FALSE,,,,
2225,2009,9,10,3,5/10/2023,表面,0,,FALSE,,,,
2226,2005,9,10,2,5/10/2023,表面彫刻・アンダースタック・面取り,0,,FALSE,,,,
2227,1640,9,42,0.5,5/10/2023,JAE-045,0,,FALSE,JAE-045　プラグ穴位置忘れ,,,
2228,1640,9,720,0.5,5/10/2023,粉砕教育,0,,FALSE,,,,
2229,2012,9,14,2,5/11/2023,,0,,FALSE,,,,
2230,2000,9,11,2.5,5/11/2023,,0,,FALSE,,,,
2231,2009,9,11,0.25,5/11/2023,,0,,FALSE,,,,
2232,2009,9,12,0.75,5/11/2023,,0,,FALSE,,,,
2233,2011,9,14,3,5/11/2023,2個,0,,FALSE,,,,
2234,1640,9,50,0.5,5/11/2023,,0,,FALSE,,,,
2235,2013,9,10,2.75,5/12/2023,,0,,FALSE,,,,
2236,2003,9,11,1.75,5/12/2023,,0,,FALSE,,,,
2237,2003,9,12,2,5/12/2023,,0,,FALSE,,,,
2238,2004,9,13,3,5/12/2023,,0,,FALSE,,,,
2239,1640,9,50,0.5,5/12/2023,,0,,FALSE,,,,
2240,2012,9,14,6.5,5/13/2023,,0,,FALSE,,,,
2241,1640,9,50,1,5/13/2023,,0,,FALSE,,,,
2242,2205,9,40,1.5,5/13/2023,坂田工場　74D　スタキング用　板70ｘ350,0,,FALSE,,,,
2243,,9,42,2,5/15/2023,,0,,FALSE,,,,
2244,1999,9,13,2.5,5/15/2023,,0,,FALSE,,,,
2245,2015,9,42,1.75,5/15/2023,,0,,FALSE,,,,
2246,2005,9,11,2,5/15/2023,,0,,FALSE,,,,
2247,2005,9,12,2,5/15/2023,,0,,FALSE,,,,
2248,1640,9,50,1.5,5/15/2023,,0,,FALSE,,,,
2250,1640,9,52,3.5,5/16/2023,,0,,FALSE,,,,
2251,1984,9,10,4,5/16/2023,彫刻改善,0,,FALSE,,,,
2252,2017,9,10,2,5/16/2023,,0,,FALSE,,,,
2253,1640,9,50,0.5,5/16/2023,,0,,FALSE,,,,
2254,2013,9,11,2,5/17/2023,,0,,FALSE,,,,
2255,2013,9,12,2.5,5/17/2023,,0,,FALSE,,,,
2256,2006,9,13,2.5,5/17/2023,,0,,FALSE,,,,
2257,2017,9,10,1,5/17/2023,,0,,FALSE,,,,
2258,1640,9,52,1.5,5/17/2023,粉砕・片付け,0,,FALSE,,,,
2259,,9,14,1,5/18/2023,改善,0,,FALSE,,,,
2260,2014,9,13,3.5,5/18/2023,,0,,FALSE,,,,
2261,1640,9,50,1.5,5/18/2023,,0,,FALSE,,,,
2262,1640,9,42,1,5/18/2023,,0,,FALSE,,,,
2263,2013,9,12,1,5/18/2023,,0,,FALSE,,,,
2264,2000,9,12,1,5/18/2023,,0,,FALSE,,,,
2266,2020,9,10,1.5,5/18/2023,金型改善プログラム,0,,FALSE,,,,
2267,1640,9,52,3.5,5/19/2023,,0,,FALSE,,,,
2268,1640,9,888,4,5/19/2023,試作ポケットプログラム試し,0,,FALSE,,,,
2269,,9,10,1.5,5/19/2023,表面追加工,0,,FALSE,,,,
2270,2022,9,10,2,5/19/2023,表面追加工,0,,FALSE,,,,
2271,1640,9,42,1,5/19/2023,金型・プラグ修理、穴あけ・片付け,0,,FALSE,,,,
2272,2017,9,11,3,5/23/2023,,0,,FALSE,,,,
2273,2000,9,12,1.5,5/23/2023,,0,,FALSE,,,,
2274,2001,9,13,3,5/23/2023,,0,,FALSE,,,,
2275,,9,40,2,5/23/2023,,0,,FALSE,,,,
2276,2023,9,40,2,5/23/2023,,0,,FALSE,,,,
2277,1640,9,43,0.75,5/23/2023,プレス用PP板カット・5S,0,,FALSE,,,,
2278,2017,9,12,3,5/24/2023,,0,,FALSE,,,,
2279,2001,9,13,1,5/24/2023,,0,,FALSE,,,,
2280,1640,9,50,2,5/24/2023,出荷場所整理,0,,FALSE,,,,
2281,1640,9,52,4,5/24/2023,,0,,FALSE,,,,
2282,2024,9,20,1.5,5/25/2023,,0,,FALSE,,,,
2283,2025,9,20,1.75,5/25/2023,,0,,FALSE,,,,
2284,2026,9,20,1.75,5/25/2023,,0,,FALSE,,,,
2285,2010,9,13,1,5/25/2023,,0,,FALSE,,,,
2286,2028,9,10,2.75,5/26/2023,,0,,FALSE,,,,
2287,2027,9,10,3,5/26/2023,,0,,FALSE,,,,
2288,2022,9,10,1,5/26/2023,ポケット寸法変更+0.25,0,,FALSE,,,,
2289,2024,9,20,1,5/26/2023,,0,,FALSE,,,,
2290,1640,9,50,0.5,5/26/2023,,0,,FALSE,,,,
2291,1640,9,52,2,5/26/2023,,0,,FALSE,,,,
2293,2031,9,888,0.75,5/26/2023,吉田第二ビルゴミ置き場設置,0,,FALSE,,,,
2294,2024,9,21,2,5/27/2023,,0,,FALSE,,,,
2296,2025,9,21,1,5/27/2023,,0,,FALSE,,,,
2297,2025,9,22,0.75,5/27/2023,,0,,FALSE,,,,
2298,2026,9,21,1,5/27/2023,,0,,FALSE,,,,
2299,2026,9,22,0.75,5/27/2023,,0,,FALSE,,,,
2300,2019,9,13,2.5,5/27/2023,,0,,FALSE,,,,
2301,1640,9,52,1.5,5/27/2023,,0,,FALSE,,,,
2305,2035,9,10,2,5/29/2023,,0,,FALSE,,,,
2306,2036,9,10,2,5/29/2023,,0,,FALSE,,,,
2307,2028,9,11,2.25,5/29/2023,,0,,FALSE,,,,
2308,2027,9,11,3,5/29/2023,,0,,FALSE,,,,
2310,2028,9,10,0.5,5/29/2023,アンダースタック・彫刻・面取りプログラム,0,,FALSE,,,,
2311,1640,9,51,0.5,5/29/2023,,0,,FALSE,,,,
2312,,9,40,1,5/30/2023,,0,,FALSE,,,,
2313,2039,9,40,1.5,5/31/2023,,0,,FALSE,,,,
2314,2027,9,10,0.25,5/29/2023,アンダースタック・彫刻・面取りプログラム,0,,FALSE,,,,
2315,2028,9,12,3,5/30/2023,,0,,FALSE,,,,
2316,2029,9,13,2.5,5/30/2023,,0,,FALSE,,,,
2317,2027,9,12,2,5/30/2023,,0,,FALSE,,,,
2318,2030,9,13,3,5/29/2023,,0,,FALSE,,,,
2319,1640,9,52,1,5/30/2023,,0,,FALSE,,,,
2320,2024,9,12,0.5,5/31/2023,,0,,FALSE,,,,
2321,2040,9,14,1.5,5/31/2023,,0,,FALSE,,,,
2322,2041,9,14,1.25,5/31/2023,,0,,FALSE,,,,
2323,2035,9,11,0.75,5/31/2023,,0,,FALSE,,,,
2324,2035,9,12,1,5/31/2023,,0,,FALSE,,,,
2325,1640,9,52,1,5/31/2023,,0,,FALSE,,,,
2326,2032,9,23,0.5,5/31/2023,,0,,FALSE,,,,
2327,2033,9,23,0.5,5/31/2023,,0,,FALSE,,,,
2328,2034,9,23,0.5,5/31/2023,,0,,FALSE,,,,
2329,2036,9,11,0.75,5/31/2023,,0,,FALSE,,,,
2330,1640,9,888,1.5,6/1/2023,水冷盤掃除,0,,FALSE,,,,
2331,2042,9,40,3,6/1/2023,,0,,FALSE,,,,
2332,2041,9,10,0.5,6/1/2023,,0,,FALSE,,,,
2333,2038,9,13,2,6/1/2023,,0,,FALSE,,,,
2334,2037,9,13,1.5,6/1/2023,,0,,FALSE,,,,
2335,1640,9,52,2,6/1/2023,粉砕・片付け,0,,FALSE,,,,
2336,2043,9,14,1.5,6/2/2023,,0,,FALSE,,,,
2337,2044,9,20,1.5,6/2/2023,,0,,FALSE,,,,
2338,2041,9,11,1.75,6/2/2023,,0,,FALSE,,,,
2339,2046,9,10,2.5,6/2/2023,,0,,FALSE,,,,
2340,1640,9,52,4,6/2/2023,粉砕・片付け,0,,FALSE,,,,
2341,2041,9,12,1.5,6/5/2023,,0,,FALSE,,,,
2342,2046,9,10,0.75,6/5/2023,,0,,FALSE,,,,
2343,2044,9,21,0.5,6/5/2023,,0,,FALSE,,,,
2344,2044,9,22,0.5,6/5/2023,,0,,FALSE,,,,
2345,2050,9,10,3,6/5/2023,,0,,FALSE,,,,
2346,2051,9,20,1.5,6/5/2023,,0,,FALSE,,,,
2347,1640,9,52,3,6/5/2023,粉砕・片付け,0,,FALSE,Lam thung dung day nhua PP,,,
2348,2059,9,10,2,6/6/2023,,0,,FALSE,,,,
2349,2061,9,10,2.5,6/6/2023,,0,,FALSE,,,,
2350,2040,9,11,1.5,6/6/2023,,0,,FALSE,,,,
2351,2043,9,11,3,6/6/2023,,0,,FALSE,,,,
2352,1640,9,52,1.25,6/6/2023,,0,,FALSE,,,,
2353,2071,9,40,0.5,6/7/2023,修理,0,,FALSE,,,,
2354,2043,9,12,1,6/7/2023,,0,,FALSE,,,,
2355,2040,9,11,0.5,6/7/2023,,0,,FALSE,,,,
2356,2067,9,10,2.5,6/7/2023,,0,,FALSE,,,,
2357,1640,9,50,1.25,6/7/2023,,0,,FALSE,,,,
2359,2040,9,12,1.5,6/7/2023,,0,,FALSE,,,,
2360,2072,9,13,2.75,6/7/2023,,0,,FALSE,,,,
2361,2072,9,13,2.5,6/8/2023,,0,,FALSE,,,,
2362,2073,9,31,3.25,6/8/2023,プラグ改善,0,,FALSE,,,,
2363,1640,9,50,1.5,6/8/2023,出荷場所整理,0,,FALSE,,,,
2364,1640,9,52,2.5,6/8/2023,,0,,FALSE,,,,
2365,2061,9,10,0.5,6/8/2023,アンダースタック・面取り,0,,FALSE,,,,
2366,2051,9,21,0.25,6/9/2023,,0,,FALSE,,,,
2367,2051,9,22,0.25,6/9/2023,,0,,FALSE,,,,
2368,2046,9,10,0.5,6/9/2023,追加工,0,,FALSE,,,,
2369,2075,9,24,1.25,6/9/2023,,0,,FALSE,,,,
2370,2076,9,24,1,6/9/2023,,0,,FALSE,VN,,,
2371,,9,14,4,6/9/2023,,0,,FALSE,,,,
2372,2078,9,14,4,6/9/2023,,0,,FALSE,,,,
2373,1640,9,888,1.25,6/9/2023,PP板カット・梱包・5S,0,,FALSE,,,,
2374,2046,9,11,3,6/9/2023,,0,,FALSE,,,,
2375,2052,9,13,3,6/10/2023,,0,,FALSE,,,,
2377,2073,9,13,1,6/10/2023,,0,,FALSE,,,,
2378,2050,9,11,3,6/10/2023,,0,,FALSE,,,,
2379,2046,9,12,1.25,6/10/2023,,0,,FALSE,,,,
2380,1640,9,50,0.5,6/12/2023,DIC-009 プラグ掃除・テフロン加工出し,0,,FALSE,2023/6/15帰ってきた,,,
2381,2050,9,12,1,6/13/2023,,0,,FALSE,,,,
2382,2055,9,13,2.75,6/12/2023,,0,,FALSE,,,,
2383,2067,9,11,2.5,6/12/2023,,0,,FALSE,,,,
2384,2061,9,11,2.25,6/12/2023,,0,,FALSE,,,,
2385,1640,9,52,2,6/12/2023,,0,,FALSE,,,,
2386,2074,9,23,0.25,6/13/2023,,0,,FALSE,,,,
2387,2061,9,12,1.75,6/13/2023,,0,,FALSE,,,,
2388,2067,9,12,1.5,6/13/2023,,0,,FALSE,,,,
2389,2059,9,11,1.5,6/13/2023,,0,,FALSE,,,,
2390,1640,9,52,2,6/13/2023,,0,,FALSE,,,,
2391,2062,9,13,2,6/14/2023,,0,,FALSE,,,,
2392,2080,9,10,2.25,6/13/2023,,0,,FALSE,,,,
2393,2068,9,13,2.25,6/14/2023,,0,,FALSE,,,,
2394,2081,9,24,1.5,6/15/2023,,0,,FALSE,,,,
2395,2080,9,10,2,6/14/2023,2個目,0,,FALSE,,,,
2396,1640,9,52,2.5,6/14/2023,,0,,FALSE,,,,
2397,2082,9,42,1,6/14/2023,ぶつかったところをリベットで埋める,0,,FALSE,,,,
2398,2089,9,10,1.5,6/15/2023,,0,,FALSE,,,,
2399,2086,9,10,3,6/15/2023,,0,,FALSE,,,,
2400,2075,9,21,0.25,6/15/2023,,0,,FALSE,,,,
2401,2076,9,21,0.25,6/15/2023,,0,,FALSE,,,,
2402,2059,9,12,2,6/15/2023,,0,,FALSE,,,,
2403,2060,9,13,1.25,6/15/2023,,0,,FALSE,,,,
2404,2090,9,10,1.25,6/15/2023,,0,,FALSE,,,,
2405,2089,9,10,0.75,6/16/2023,,0,,FALSE,,,,
2406,2090,9,10,1.25,6/16/2023,,0,,FALSE,,,,
2407,2233,9,54,0.5,6/16/2023,MILLAC700 プラグ用機械のトラブル対応,0,,FALSE,,,,
2408,2045,9,13,0.5,6/16/2023,,0,,FALSE,,,,
2409,,9,13,0.5,6/16/2023,,0,,FALSE,,,,
2410,,9,13,0.75,6/16/2023,,0,,FALSE,,,,
2411,2081,9,21,0.25,6/16/2023,,0,,FALSE,,,,
2412,2081,9,22,0.5,6/16/2023,,0,,FALSE,,,,
2413,2075,9,12,0.5,6/16/2023,,0,,FALSE,,,,
2414,2076,9,22,0.25,6/16/2023,,0,,FALSE,,,,
2415,2080,9,11,4,6/16/2023,2個,0,,FALSE,,,,
2416,2091,9,13,0.5,6/16/2023,,0,,FALSE,,,,
2417,2092,9,13,0.5,6/16/2023,,0,,FALSE,,,,
2418,1640,9,52,2.25,6/16/2023,,0,,FALSE,,,,
2419,2108,9,10,2,6/19/2023,,0,,FALSE,,,,
2420,2086,9,11,4.5,6/19/2023,,0,,FALSE,,,,
2421,2099,9,10,1.25,6/19/2023,,0,,FALSE,,,,
2422,2098,9,10,1.25,6/19/2023,,0,,FALSE,,,,
2423,1640,9,50,1,6/19/2023,,0,,FALSE,,,,
2424,2086,9,12,1.5,6/19/2023,,0,,FALSE,,,,
2425,2080,9,12,3.25,6/20/2023,2個,0,,FALSE,,,,
2426,2083,9,13,4,6/20/2023,2個,0,,FALSE,,,,
2427,1640,9,52,3,6/20/2023,,0,,FALSE,,,,
2428,1640,9,52,4,6/21/2023,,0,,FALSE,粉砕・教育,,,
2429,2109,9,40,3,6/21/2023,,0,,FALSE,,,,
2430,2098,9,10,3,6/21/2023,アンダースタック加工,0,,FALSE,,,,
2431,2083,9,13,1.5,6/21/2023,,0,,FALSE,,,,
2432,2110,9,10,1.5,6/22/2023,,0,,FALSE,,,,
2433,2112,9,10,0.75,6/22/2023,,0,,FALSE,,,,
2434,2116,9,10,1.75,6/22/2023,,0,,FALSE,,,,
2435,2098,9,10,0.75,6/22/2023,アンダースタック加工の補正方向間違えて不具合発生した為金型を再加工する,0,,FALSE,,,,
2436,1640,9,52,3.75,6/22/2023,粉砕機が止まった為粉砕機内部を掃除してきかいを動けるように出来ました。,0,,FALSE,,,,
2437,2079,9,40,3,6/22/2023,上スタキング,0,,FALSE,,,,
2438,1640,9,51,0.25,6/22/2023,茨城工場へ「OOT-041」,0,,FALSE,,,,
2439,2108,9,10,3,6/23/2023,表面一部プログラム,0,,FALSE,,,,
2440,2119,9,14,2.5,6/23/2023,,0,,FALSE,,,,
2441,1640,9,50,2,6/23/2023,,0,,FALSE,,,,
2442,2112,9,10,0.75,6/23/2023,,0,,FALSE,,,,
2443,2089,9,11,0.25,6/23/2023,,0,,FALSE,,,,
2444,2090,9,11,0.25,6/23/2023,,0,,FALSE,,,,
2445,2099,9,11,0.25,6/23/2023,,0,,FALSE,,,,
2446,2110,9,11,0.25,6/23/2023,,0,,FALSE,,,,
2447,2116,9,10,1.5,6/24/2023,,0,,FALSE,,,,
2448,,9,13,3,6/24/2023,,0,,FALSE,,,,
2449,2120,9,13,3,6/24/2023,,0,,FALSE,,,,
2450,2108,9,11,3,6/26/2023,,0,,FALSE,,,,
2451,2108,9,12,2.75,6/26/2023,,0,,FALSE,,,,
2452,2089,9,12,0.5,6/26/2023,,0,,FALSE,,,,
2453,2093,9,13,1.5,6/26/2023,,0,,FALSE,,,,
2454,2090,9,12,0.25,6/26/2023,,0,,FALSE,,,,
2455,2098,9,11,0.25,6/26/2023,,0,,FALSE,,,,
2456,2098,9,12,0.5,6/26/2023,,0,,FALSE,,,,
2457,2103,9,13,1.5,6/26/2023,,0,,FALSE,,,,
2458,2099,9,12,0.25,6/26/2023,,0,,FALSE,,,,
2459,1640,9,50,1,6/26/2023,粉砕・片付け,0,,FALSE,,,,
2460,2121,9,10,2,6/27/2023,,0,,FALSE,,,,
2461,2122,9,10,2,6/27/2023,,0,,FALSE,,,,
2462,2124,9,10,3,6/27/2023,,0,,FALSE,,,,
2464,1640,9,52,2,6/27/2023,片付け,0,,FALSE,,,,
2465,2112,9,12,0.25,6/27/2023,,0,,FALSE,,,,
2466,2112,9,11,0.25,6/27/2023,,0,,FALSE,,,,
2467,2110,9,12,0.25,6/27/2023,,0,,FALSE,,,,
2468,2090,9,888,0.25,6/27/2023,砂ショット,0,,FALSE,,,,
2469,2099,9,888,0.25,6/27/2023,砂ショット,0,,FALSE,,,,
2470,2089,9,888,0.25,6/27/2023,砂ショット,0,,FALSE,,,,
2471,2098,9,888,0.25,6/27/2023,砂ショット,0,,FALSE,,,,
2472,2134,9,20,1,6/28/2023,,0,,FALSE,,,,
2473,2135,9,10,3.25,6/28/2023,MILLAC468V　機械で加工,0,,FALSE,,,,
2474,2136,9,10,2,6/28/2023,,0,,FALSE,,,,
2476,2125,9,10,2.75,6/28/2023,,0,,FALSE,,,,
2477,2116,9,11,1.5,6/28/2023,,0,,FALSE,,,,
2478,2116,9,12,1.5,6/29/2023,,0,,FALSE,,,,
2479,1640,9,52,1.5,6/28/2023,片付け,0,,FALSE,,,,
2480,2122,9,11,0.5,6/29/2023,,0,,FALSE,,,,
2481,2121,9,11,0.5,6/29/2023,,0,,FALSE,,,,
2482,2134,9,21,0.25,6/29/2023,,0,,FALSE,,,,
2483,2136,9,10,1,6/29/2023,,0,,FALSE,,,,
2484,2135,9,10,1,6/29/2023,,0,,FALSE,,,,
2485,2122,9,12,0.25,6/29/2023,,0,,FALSE,,,,
2486,2128,9,13,0.75,6/29/2023,,0,,FALSE,,,,
2487,2121,9,12,0.25,6/29/2023,,0,,FALSE,,,,
2488,2141,9,15,0.5,6/29/2023,,0,,FALSE,,,,
2489,2111,9,13,0.75,6/29/2023,,0,,FALSE,,,,
2490,2113,9,13,0.75,6/29/2023,,0,,FALSE,,,,
2491,1640,9,888,3,6/29/2023,スタキング寸法を出すため8号機の寸法を検討します。,0,,FALSE,,,,
2492,2117,9,13,2,6/30/2023,,0,,FALSE,,,,
2493,2124,9,11,3,6/30/2023,,0,,FALSE,,,,
2494,1640,9,50,2,6/30/2023,,0,,FALSE,,,,
2495,2141,9,15,1.25,6/30/2023,,0,,FALSE,,,,
2496,2132,9,13,0.75,6/30/2023,,0,,FALSE,,,,
2497,2142,9,10,2.5,7/3/2023,,0,,FALSE,,,,
2498,1640,9,54,0.5,7/3/2023,コンプレッサー定期点検・潤滑油交換,0,,FALSE,,,,
2499,2143,9,10,2.5,7/3/2023,,0,,FALSE,,,,
2500,2136,9,11,3.5,7/3/2023,,0,,FALSE,,,,
2501,2136,9,12,1.5,7/3/2023,,0,,FALSE,,,,
2502,2137,9,13,2,7/4/2023,,0,,FALSE,,,,
2503,1640,9,50,0.5,7/3/2023,片付け・粉砕袋切り替え,0,,FALSE,,,,
2504,2137,9,13,1,7/3/2023,,0,,FALSE,,,,
2505,2148,9,20,1,7/4/2023,,0,,FALSE,,,,
2506,2143,9,10,0.5,7/4/2023,表面彫刻・アンダースタック・面取り,0,,FALSE,,,,
2507,2143,9,11,2,7/4/2023,,0,,FALSE,,,,
2508,2146,9,13,2.5,7/4/2023,,0,,FALSE,,,,
2509,2144,9,13,2,7/4/2023,,0,,FALSE,,,,
2510,2142,9,11,2.75,7/4/2023,,0,,FALSE,,,,
2511,2135,9,11,1.75,7/5/2023,,0,,FALSE,,,,
2512,2142,9,12,1,7/5/2023,,0,,FALSE,,,,
2513,1640,9,50,1,7/5/2023,片付け・キリコ出し,0,,FALSE,,,,
2514,2149,9,10,2,7/5/2023,,0,,FALSE,,,,
2515,2154,9,15,1.5,7/5/2023,,0,,FALSE,,,,
2516,2157,9,15,1.5,7/5/2023,,0,,FALSE,,,,
2517,2148,9,21,0.25,7/5/2023,,0,,FALSE,,,,
2518,2135,9,11,3,7/6/2023,,0,,FALSE,,,,
2519,2160,9,10,1.75,7/6/2023,,0,,FALSE,,,,
2520,2157,9,11,1.5,7/6/2023,,0,,FALSE,,,,
2521,2141,9,11,1.75,7/6/2023,,0,,FALSE,,,,
2522,2148,9,22,0.25,7/6/2023,,0,,FALSE,,,,
2523,2163,9,23,0.25,7/6/2023,,0,,FALSE,,,,
2524,2134,9,22,0.25,7/6/2023,,0,,FALSE,,,,
2525,2125,9,11,2,7/7/2023,,0,,FALSE,,,,
2526,2149,9,11,1,7/8/2023,,0,,FALSE,,,,
2527,1640,9,50,0.25,7/6/2023,,0,,FALSE,,,,
2528,2135,9,12,2.75,7/7/2023,,0,,FALSE,,,,
2529,2160,9,10,0.5,7/7/2023,表面彫刻・面取り,0,,FALSE,,,,
2530,2164,9,10,1.75,7/7/2023,裏面穴・彫刻プログラム,0,,FALSE,,,,
2531,2154,9,11,1,7/7/2023,,0,,FALSE,,,,
2532,2154,9,12,0.5,7/7/2023,,0,,FALSE,,,,
2533,2157,9,12,0.5,7/7/2023,,0,,FALSE,,,,
2534,2165,9,10,3.25,7/8/2023,,0,,FALSE,,,,
2535,1906,9,43,0.5,7/8/2023,坂田工場　74D PP板カット,0,,FALSE,,,,
2536,2141,9,12,0.5,7/8/2023,,0,,FALSE,,,,
2537,2149,9,12,0.5,7/8/2023,,0,,FALSE,,,,
2538,2124,9,12,2,7/8/2023,,0,,FALSE,,,,
2539,2150,9,13,1,7/8/2023,,0,,FALSE,,,,
2540,1640,9,50,0.25,7/8/2023,,0,,FALSE,,,,
2541,2150,9,13,0.25,7/10/2023,,0,,FALSE,,,,
2542,1640,9,50,0.5,7/10/2023,,0,,FALSE,,,,
2543,1640,9,43,0.5,7/10/2023,PPカット,0,,FALSE,,,,
2544,2169,9,20,0.75,7/10/2023,,0,,FALSE,,,,
2545,2171,9,14,3.5,7/10/2023,,0,,FALSE,,,,
2546,2139,9,13,2,7/10/2023,,0,,FALSE,,,,
2547,2125,9,12,2.5,7/10/2023,,0,,FALSE,,,,
2548,2139,9,13,0.75,7/11/2023,,0,,FALSE,,,,
2549,2126,9,13,2.75,7/11/2023,,0,,FALSE,,,,
2550,2132,9,13,2.5,7/11/2023,,0,,FALSE,,,,
2551,1906,9,43,3,7/11/2023,坂田工場 カッターとカッター治具をぶつかったためカッターの曲がりを直って、治具やPP板を再製作しました。,0,,FALSE,,,,
2552,2173,9,40,1.5,7/11/2023,,0,,FALSE,,,,
2553,2164,9,11,2,7/12/2023,,0,,FALSE,,,,
2554,2165,9,11,1.5,7/12/2023,,0,,FALSE,,,,
2555,2174,9,40,3,7/12/2023,小比さんに頼まれた,0,,FALSE,,,,
2556,2160,9,11,2.5,7/12/2023,,0,,FALSE,,,,
2557,2175,9,10,2.5,7/13/2023,,0,,FALSE,,,,
2558,2177,9,42,0.5,7/13/2023,サーブ木板製作,0,,FALSE,,,,
2559,2178,9,888,0.5,7/13/2023,金型裏面穴掃除,0,,FALSE,,,,
2560,2164,9,12,2,7/13/2023,,0,,FALSE,,,,
2561,2165,9,12,1.5,7/13/2023,,0,,FALSE,,,,
2562,2164,9,51,0.25,7/13/2023,,0,,FALSE,,,,
2563,2160,9,12,2,7/13/2023,,0,,FALSE,,,,
2564,1640,9,888,0.5,7/13/2023,トレイの記号の展開,0,,FALSE,,,,
2565,1640,9,50,0.25,7/13/2023,,0,,FALSE,,,,
2566,1640,9,50,1.75,7/14/2023,フレコン片付け,0,,FALSE,,,,
2567,2166,9,13,2.75,7/14/2023,,0,,FALSE,,,,
2568,2161,9,13,3.5,7/14/2023,,0,,FALSE,,,,
2569,1640,9,50,0.25,7/14/2023,当番　（日報に書かなかった）,0,,FALSE,,,,
2570,2079,9,40,7.5,7/18/2023,中板・下板セット,0,,FALSE,,,,
2571,2180,9,40,0.5,7/18/2023,下板,0,,FALSE,,,,
2572,2169,9,21,0.25,7/18/2023,,0,,FALSE,,,,
2573,2175,9,11,0.75,7/18/2023,,0,,FALSE,,,,
2574,2175,9,12,0.75,7/19/2023,,0,,FALSE,,,,
2575,2169,9,22,0.25,7/19/2023,,0,,FALSE,,,,
2576,2181,9,10,1,7/19/2023,裏面プログラム,0,,FALSE,,,,
2577,2184,9,10,3,7/19/2023,,0,,FALSE,,,,
2578,2185,9,40,3,7/19/2023,,0,,FALSE,,,,
2579,1640,9,50,0.25,7/19/2023,,0,,FALSE,,,,
2580,1640,9,888,0.75,7/20/2023,A-016-1 金型穴掃除、MTM-180梱包、5S,0,,FALSE,,,,
2581,2181,9,10,2.5,7/20/2023,,0,,FALSE,,,,
2582,2186,9,20,1.5,7/20/2023,,0,,FALSE,,,,
2583,2187,9,10,3,7/20/2023,外周削り　640X480 -> 630X470,0,,FALSE,,,,
2584,2170,9,23,0.25,7/20/2023,,0,,FALSE,,,,
2585,2181,9,10,2,7/21/2023,,0,,FALSE,,,,
2586,2188,9,10,3,7/21/2023,,0,,FALSE,,,,
2587,2189,9,24,1,7/21/2023,,0,,FALSE,,,,
2588,2152,9,13,0.5,7/21/2023,,0,,FALSE,,,,
2589,2158,9,13,0.5,7/21/2023,,0,,FALSE,,,,
2590,1640,9,50,0.5,7/21/2023,,0,,FALSE,,,,
2591,2079,9,40,0.5,7/21/2023,,0,,FALSE,,,,
2592,2190,9,10,2,7/22/2023,,0,,FALSE,,,,
2593,2195,9,40,4,7/22/2023,,0,,FALSE,,,,
2594,2186,9,21,0.5,7/22/2023,,0,,FALSE,,,,
2595,2186,9,22,0.25,7/22/2023,,0,,FALSE,,,,
2596,,9,23,0.75,7/22/2023,,0,,FALSE,,,,
2597,2189,9,21,0.25,7/22/2023,,0,,FALSE,,,,
2598,2189,9,22,0.25,7/22/2023,,0,,FALSE,,,,
2599,2196,9,23,0.75,7/22/2023,,0,,FALSE,,,,
2600,1640,9,50,0.5,7/22/2023,,0,,FALSE,,,,
2601,2198,9,10,2.75,7/26/2023,,0,,FALSE,,,,
2602,2190,9,11,0.5,7/24/2023,,0,,FALSE,,,,
2603,2188,9,11,1,7/24/2023,,0,,FALSE,,,,
2604,2197,9,23,0.75,7/24/2023,,0,,FALSE,,,,
2605,2155,9,13,0.75,7/24/2023,,0,,FALSE,,,,
2606,2205,9,888,0.75,7/24/2023,坂田工場 74D 水冷盤修理（499ｘ347）：ハイカプラ交換・水漏れ直し,0,,FALSE,Bi va cham hong hicupla va ro nuoc sakata,,,
2607,,9,13,0.25,7/24/2023,,0,,FALSE,,,,
2608,2193,9,13,1.25,7/24/2023,,0,,FALSE,,,,
2609,2191,9,13,2,7/24/2023,,0,,FALSE,,,,
2610,2200,9,13,0.5,7/24/2023,,0,,FALSE,,,,
2611,1640,9,50,0.5,7/24/2023,,0,,FALSE,,,,
2612,1906,9,43,0.25,7/25/2023,坂田工場　74D　面板用PP板カット,0,,FALSE,,,,
2613,,9,14,3,7/25/2023,改善・寸法変更,0,,FALSE,,,,
2614,2079,9,40,3,7/25/2023,社内で成形するためにスタキング寸法を変更しました。（7号機用）,0,,FALSE,,,,
2615,1640,9,54,1.5,7/25/2023,成形機のモーター交換,0,,FALSE,May tang 2,,,
2616,2202,9,40,0.25,7/25/2023,修理,0,,FALSE,,,,
2618,2201,9,14,3,7/25/2023,社内　改善・寸法変更　2台,0,,FALSE,,,,
2619,1640,9,50,0.5,7/25/2023,,0,,FALSE,,,,
2620,2215,9,14,0.5,4/6/2023,社内,0,,FALSE,,,,
2621,2215,9,14,1,3/30/2023,社内,0,,FALSE,,,,
2622,2215,9,14,0.5,3/29/2023,社内,0,,FALSE,,,,
2623,2215,9,14,2.5,3/24/2023,社内,0,,FALSE,,,,
2624,2204,9,14,2,3/31/2023,,0,,FALSE,,,,
2625,2204,9,14,2,3/29/2023,,0,,FALSE,,,,
2626,2204,9,14,0.75,3/28/2023,,0,,FALSE,,,,
2627,2201,9,14,0.75,3/28/2023,,0,,FALSE,,,,
2628,2201,9,14,2,3/29/2023,,0,,FALSE,,,,
2629,2201,9,14,2,3/31/2023,,0,,FALSE,,,,
2630,2190,9,12,0.75,7/26/2023,,0,,FALSE,,,,
2631,2188,9,12,2,7/26/2023,,0,,FALSE,,,,
2632,2206,9,13,3,7/26/2023,坂田工場　74D　プラグ再製作,0,,FALSE,,,,
2633,1640,9,50,0.25,7/26/2023,,0,,FALSE,,,,
2634,2207,9,42,0.5,7/26/2023,台湾機で成形のため　外周削り5ｍｍ,0,,FALSE,,,,
2636,2106,9,40,1.75,7/27/2023,8号機用中板,0,,FALSE,,,,
2637,2199,9,13,3,7/27/2023,,0,,FALSE,,,,
2638,2181,9,11,2,7/27/2023,,0,,FALSE,,,,
2639,2208,9,43,0.75,7/27/2023,PP板カット,0,,FALSE,,,,
2640,2209,9,42,0.75,7/27/2023,サーブ木板製作,0,,FALSE,,,,
2641,2198,9,10,0.75,7/28/2023,表面アンダースタック・面取り,0,,FALSE,,,,
2642,2181,9,12,2.5,7/28/2023,,0,,FALSE,,,,
2643,2198,9,11,2.5,7/28/2023,,0,,FALSE,,,,
2644,2198,9,12,2.25,7/28/2023,,0,,FALSE,,,,
2645,2199,9,13,1.5,7/31/2023,,0,,FALSE,,,,
2646,2210,9,10,2.5,7/31/2023,,0,,FALSE,,,,
2647,,9,40,3.5,7/31/2023,,0,,FALSE,,,,
2648,,9,40,2.5,7/31/2023,,0,,FALSE,,,,
2649,2213,9,40,1.5,7/31/2023,,0,,FALSE,,,,
2650,2214,9,40,2.5,7/31/2023,,0,,FALSE,,,,
2651,2213,9,40,2,8/1/2023,,0,,FALSE,,,,
2652,1640,9,50,0.25,7/31/2023,,0,,FALSE,,,,
2653,1640,9,888,1.5,7/31/2023,月末データー処理,0,,FALSE,,,,
2654,2182,9,13,4.5,8/1/2023,,0,,FALSE,,,,
2655,2216,9,14,1.5,8/1/2023,金型クランプ用治具のプログラム,0,,FALSE,,,,
2656,2216,9,14,4.5,8/2/2023,金型クランプ用治具,0,,FALSE,,,,
2657,2190,9,14,3,8/2/2023,金型改造,0,,FALSE,,,,
2658,1640,9,50,0.5,8/2/2023,,0,,FALSE,,,,
2659,2217,9,14,5,8/3/2023,,0,,FALSE,,,,
2660,2216,9,14,3,8/3/2023,金型クランプ用治具,0,,FALSE,,,,
2661,2218,9,40,3.25,8/3/2023,スタキング・下部,0,,FALSE,,,,
2662,2216,9,14,6,8/4/2023,金型クランプ用治具,0,,FALSE,,,,
2663,2238,9,888,5,8/4/2023,エアコン室外機カーバーの検討,0,,FALSE,,,,
2664,1640,9,50,1,8/4/2023,,0,,FALSE,,,,
2665,2219,9,42,0.5,8/5/2023,,0,,FALSE,,,,
2666,2217,9,14,2,8/5/2023,タップ・組立,0,,FALSE,,,,
2667,2210,9,11,1,8/5/2023,,0,,FALSE,,,,
2668,1640,9,50,1,8/5/2023,5S、5号機用スタキング下板作成,0,,FALSE,,,,
2669,2216,9,14,1,8/5/2023,金型クランプ用治具,0,,FALSE,,,,
2671,2220,9,43,0.75,8/5/2023,PP板カット　PP板　3ｔ　ｘ　8枚,0,,FALSE,,,,
2672,2221,9,40,2.25,8/5/2023,ASH-003、NHK-002、NHK-003　共通,0,,FALSE,,,,
2673,2210,9,12,1,8/5/2023,,0,,FALSE,,,,
2674,2222,9,42,2.5,8/7/2023,プラグ修理,0,,FALSE,,,,
2675,2223,9,24,1,8/7/2023,,0,,FALSE,,,,
2676,2220,9,43,2,8/7/2023,PP板カット　PP板　3ｔ　ｘ　16枚,0,,FALSE,,,,
2677,,9,42,3.5,8/7/2023,ぶつかったかな,0,,FALSE,,,,
2678,2224,9,42,3.5,8/7/2023,坂田工場・ ぶつかった金型の修理,0,,FALSE,8/23　テフロン加工依頼,,,
2679,2216,9,14,1,8/7/2023,金型クランプ用治具,0,,FALSE,,,,
2680,1640,9,50,1,8/7/2023,,0,,FALSE,,,,
2681,2225,9,41,1.25,8/8/2023,,0,,FALSE,,,,
2682,2208,9,43,0.5,8/8/2023,PP板カット,0,,FALSE,,,,
2683,2220,9,43,0.25,8/8/2023,PP板カット,0,,FALSE,,,,
2684,2211,9,13,2.5,8/8/2023,,0,,FALSE,,,,
2685,2226,9,40,3,8/8/2023,,0,,FALSE,,,,
2686,,9,11,2.5,8/8/2023,金型掃除・穴あけ,0,,FALSE,,,,
2687,2227,9,11,2,8/8/2023,金型掃除・穴あけ,0,,FALSE,,,,
2688,2228,9,10,3,8/9/2023,,0,,FALSE,,,,
2689,2229,9,24,1.25,8/9/2023,,0,,FALSE,,,,
2690,2230,9,24,0.75,8/9/2023,,0,,FALSE,,,,
2691,2231,9,41,0.5,8/9/2023,7号機用,0,,FALSE,,,,
2692,2227,9,11,0.5,8/9/2023,穴あけ,0,,FALSE,,,,
2693,2227,9,12,2.5,8/9/2023,,0,,FALSE,,,,
2694,1640,9,50,0.5,8/9/2023,,0,,FALSE,,,,
2695,2232,9,54,2.5,8/10/2023,機械内の蛍光灯交換　E36079A01　PL-L4P　LAMP,0,,FALSE,,,,
2696,2236,9,20,0.75,8/10/2023,,0,,FALSE,,,,
2697,2237,9,40,2.5,8/10/2023,,0,,FALSE,,,,
2698,2238,9,888,3,8/10/2023,エアコン室外機カーバー,0,,FALSE,,,,
2699,1640,9,50,0.5,8/10/2023,,0,,FALSE,,,,
2700,2230,9,21,0.25,8/16/2023,,0,,FALSE,,,,
2701,2230,9,12,0.5,8/16/2023,,0,,FALSE,,,,
2702,2229,9,21,0.25,8/16/2023,,0,,FALSE,,,,
2703,2229,9,22,0.5,8/16/2023,,0,,FALSE,,,,
2704,2239,9,10,3.25,8/16/2023,,0,,FALSE,,,,
2705,2240,9,10,3,8/16/2023,,0,,FALSE,,,,
2706,1640,9,50,0.5,8/16/2023,,0,,FALSE,,,,
2707,2228,9,11,0.75,8/16/2023,,0,,FALSE,,,,
2708,,9,10,2,8/17/2023,金型改造の加工,0,,FALSE,,,,
2709,2228,9,11,0.75,8/17/2023,,0,,FALSE,,,,
2710,2236,9,21,0.75,8/17/2023,,0,,FALSE,,,,
2711,2236,9,22,0.5,8/17/2023,,0,,FALSE,,,,
2712,2223,9,21,0.5,8/17/2023,,0,,FALSE,,,,
2713,2223,9,22,0.5,8/17/2023,,0,,FALSE,,,,
2714,2241,9,10,2.5,8/17/2023,改造・追加工,0,,FALSE,,,,
2715,2238,9,888,3.75,8/17/2023,エアコン室外機カーバー,0,,FALSE,,,,
2716,2242,9,13,2.5,8/18/2023,,0,,FALSE,,,,
2717,2228,9,12,1,8/18/2023,,0,,FALSE,,,,
2718,2244,9,41,0.5,8/18/2023,修理,0,,FALSE,,,,
2719,2245,9,41,0.5,8/18/2023,修理,0,,FALSE,,,,
2720,2238,9,888,6.25,8/18/2023,エアコン室外機カーバー,0,,FALSE,,,,
2721,1640,9,50,0.5,8/18/2023,,0,,FALSE,,,,
2722,2243,9,23,0.5,8/19/2023,,0,,FALSE,,,,
2723,1640,9,50,1,8/19/2023,,0,,FALSE,,,,
2724,2238,9,888,8.5,8/19/2023,組立完了,0,,FALSE,,,,
2725,2208,9,43,0.5,8/21/2023,PP板カット,0,,FALSE,,,,
2726,2246,9,13,5,8/21/2023,,0,,FALSE,,,,
2727,2241,9,12,0.5,8/21/2023,,0,,FALSE,,,,
2728,2239,9,11,2,8/21/2023,,0,,FALSE,,,,
2729,1640,9,50,0.5,8/21/2023,,0,,FALSE,,,,
2730,2240,9,11,2,8/22/2023,,0,,FALSE,,,,
2731,2240,9,12,2.75,8/22/2023,,0,,FALSE,DAU CAT BAN NEN BE MAT CAT XAU,,,
2732,,9,13,3.5,8/22/2023,,0,,FALSE,,,,
2733,2239,9,12,2,8/22/2023,,0,,FALSE,,,,
2734,2238,9,888,0.75,8/22/2023,屋根取付,0,,FALSE,,,,
2735,2247,9,13,3,8/22/2023,,0,,FALSE,,,,
2736,2248,9,13,4,8/23/2023,,0,,FALSE,,,,
2737,2235,9,54,1.5,8/23/2023,機械切削油オイル交換,0,,FALSE,,,,
2738,2249,9,10,3.5,8/23/2023,,0,,FALSE,,,,
2739,2250,9,40,1.5,8/24/2023,,0,,FALSE,,,,
2740,2249,9,10,0.5,8/24/2023,表面一部プログラム,0,,FALSE,,,,
2741,2251,9,10,3,8/24/2023,,0,,FALSE,,,,
2742,2252,9,10,3,8/24/2023,,0,,FALSE,,,,
2743,2254,9,10,3,8/25/2023,,0,,FALSE,,,,
2744,,9,40,1.5,8/25/2023,,0,,FALSE,Sua cho Viet,,,
2745,1640,9,888,1.5,8/25/2023,YMS-00111 3Dデータ変換,0,,FALSE,,,,
2746,2249,9,11,1,8/25/2023,,0,,FALSE,,,,
2747,2249,9,12,2,8/25/2023,,0,,FALSE,テーパエンドミルが折れた,,,
2748,1640,9,50,0.5,8/25/2023,,0,,FALSE,,,,
2749,2253,9,13,1,8/25/2023,,0,,FALSE,,,,
2750,2258,9,10,2.25,8/28/2023,,0,,FALSE,,,,
2751,2251,9,11,1.25,8/28/2023,,0,,FALSE,,,,
2752,2251,9,12,1.5,8/28/2023,,0,,FALSE,,,,
2753,2252,9,11,1,8/28/2023,,0,,FALSE,,,,
2754,2252,9,12,1.5,8/28/2023,,0,,FALSE,,,,
2755,1640,9,50,0.75,8/28/2023,キリコ出し、床掃除,0,,FALSE,,,,
2756,2263,9,43,0.5,8/29/2023,PP板カット,0,,FALSE,,,,
2757,2266,9,888,1,8/29/2023,7缶回収、空のドラム缶４本,0,,FALSE,,,,
2758,2262,9,13,2.25,8/29/2023,,0,,FALSE,,,,
2759,2261,9,13,1.5,8/29/2023,,0,,FALSE,,,,
2760,2253,9,13,2,8/29/2023,,0,,FALSE,,,,
2761,2108,9,10,1.5,8/29/2023,刻印改造,0,,FALSE,,,,
2762,2267,9,20,1.5,8/30/2023,,0,,FALSE,,,,
2763,2258,9,11,1.5,8/30/2023,,0,,FALSE,,,,
2764,2258,9,12,1.5,8/30/2023,,0,,FALSE,,,,
2765,2254,9,11,1.5,8/30/2023,,0,,FALSE,,,,
2766,2254,9,12,2,8/30/2023,,0,,FALSE,,,,
2767,1640,9,50,0.5,8/30/2023,,0,,FALSE,,,,
2768,2269,9,20,1.5,8/31/2023,,0,,FALSE,,,,
2769,2271,9,14,2.5,8/31/2023,8号機用,0,,FALSE,,,,
2770,2263,9,43,0.25,8/31/2023,PP板カット,0,,FALSE,,,,
2771,1640,9,42,0.25,8/31/2023,サーブ木板穴あけ,0,,FALSE,,,,
2772,1640,9,50,0.25,8/31/2023,,0,,FALSE,,,,
2773,2249,9,11,2,8/31/2023,,0,,FALSE,,,,
2774,2259,9,13,2.5,8/31/2023,,0,,FALSE,,,,
2775,2254,9,12,0.75,8/31/2023,,0,,FALSE,,,,
2776,2249,9,12,2,9/1/2023,,0,,FALSE,,,,
2777,2272,9,10,2.25,9/1/2023,坂田工場/金型再製作,0,,FALSE,,,,
2778,2273,9,14,2.5,9/1/2023,8号機用,0,,FALSE,,,,
2779,2271,9,14,1.25,9/1/2023,8号機用,0,,FALSE,,,,
2782,1640,9,50,0.5,9/1/2023,,0,,FALSE,,,,
2783,2274,9,10,3,9/2/2023,,0,,FALSE,,,,
2784,2267,9,21,0.5,9/2/2023,,0,,FALSE,,,,
2785,2267,9,22,0.5,9/2/2023,,0,,FALSE,,,,
2786,2269,9,21,0.5,9/2/2023,,0,,FALSE,,,,
2788,2276,9,50,3.5,9/2/2023,機械室の金型の置き方試し,0,,FALSE,,,,
2789,2277,9,41,0.5,9/2/2023,,0,,FALSE,,,,
2790,2272,9,11,2,9/4/2023,,0,,FALSE,,,,
2791,2272,9,12,4,9/4/2023,,0,,FALSE,,,,
2792,2269,9,22,0.5,9/4/2023,,0,,FALSE,,,,
2793,2278,9,20,1.5,9/4/2023,,0,,FALSE,,,,
2794,1640,9,50,1.25,9/4/2023,出荷場所整理,0,,FALSE,,,,
2795,2255,9,13,3,9/5/2023,,0,,FALSE,,,,
2796,2274,9,11,1.25,9/5/2023,,0,,FALSE,,,,
2797,2274,9,12,2,9/5/2023,,0,,FALSE,,,,
2798,2268,9,23,1,9/5/2023,,0,,FALSE,,,,
2799,1640,9,50,0.75,9/5/2023,,0,,FALSE,,,,
2800,2279,9,13,2,9/6/2023,,0,,FALSE,,,,
2801,2276,9,50,6.75,9/6/2023,金型棚卸し・整理,0,,FALSE,,,,
2802,2278,9,21,0.25,9/7/2023,,0,,FALSE,,,,
2803,2278,9,22,0.5,9/7/2023,,0,,FALSE,,,,
2804,2276,9,50,7.5,9/7/2023,金型整理,0,,FALSE,,,,
2805,2281,9,10,3.5,9/8/2023,,0,,FALSE,,,,
2806,2276,9,50,8,9/8/2023,金型整理,0,,FALSE,,,,
2807,2280,9,23,0.25,9/11/2023,,0,,FALSE,,,,
2808,2281,9,10,1.5,9/11/2023,表面刻印・面取り,0,,FALSE,,,,
2809,2276,9,50,8,9/11/2023,金型整理,0,,FALSE,,,,
2810,2282,9,10,2,9/12/2023,,0,,FALSE,,,,
2811,2284,9,10,3.5,9/12/2023,,0,,FALSE,,,,
2812,2281,9,10,0.5,9/12/2023,表面再加工,0,,FALSE,,,,
2813,2276,9,50,4.75,9/12/2023,金型整理,0,,FALSE,,,,
2814,2289,9,10,3,9/13/2023,,0,,FALSE,,,,
2815,2281,9,11,3.25,9/13/2023,,0,,FALSE,,,,
2816,2281,9,12,3.5,9/13/2023,,0,,FALSE,,,,
2817,1640,9,50,0.25,9/13/2023,,0,,FALSE,,,,
2818,2293,9,20,1.5,9/14/2023,,0,,FALSE,,,,
2819,2282,9,11,1.5,9/14/2023,,0,,FALSE,,,,
2820,2282,9,12,1.5,9/14/2023,,0,,FALSE,,,,
2821,2283,9,13,2.5,9/15/2023,,0,,FALSE,,,,
2822,2294,9,43,2,9/14/2023,PP板カット,0,,FALSE,,,,
2823,2208,9,43,0.25,9/14/2023,PP板カット,0,,FALSE,,,,
2824,2285,9,13,3.5,9/14/2023,,0,,FALSE,,,,
2825,2284,9,11,3,9/15/2023,,0,,FALSE,,,,
2826,2289,9,11,1.75,9/19/2023,,0,,FALSE,,,,
2827,1640,9,52,4.25,9/15/2023,"粉砕, 5S",0,,FALSE,,,,
2828,2284,9,12,2,9/19/2023,,0,,FALSE,,,,
2829,2289,9,12,1.25,9/20/2023,,0,,FALSE,,,,
2830,2295,9,20,1.5,9/20/2023,,0,,FALSE,,,,
2831,2285,9,13,1.75,9/19/2023,追ネル貼り,0,,FALSE,追ネル貼り,,,
2832,2296,9,10,2.5,9/20/2023,,0,,FALSE,,,,
2834,2299,9,10,3,9/21/2023,,0,,FALSE,,,,
2835,2286,9,13,3,9/19/2023,,0,,FALSE,,,,
2836,2302,9,14,2,9/19/2023,,0,,FALSE,,,,
2837,2290,9,13,2,9/20/2023,,0,,FALSE,,,,
2838,2284,9,14,0.25,9/20/2023,裏面　タップ追加工,0,,FALSE,,,,
2839,2289,9,14,0.25,9/20/2023,裏面　タップ追加工,0,,FALSE,,,,
2840,2303,9,24,0.5,9/20/2023,,0,,FALSE,,,,
2841,1640,9,51,0.75,9/20/2023,"[JAE-182 テフロン加工へ] [DIM-018, DIM-019 茨城工場へ]",0,,FALSE,,,,
2842,2293,9,21,0.25,9/21/2023,,0,,FALSE,,,,
2843,2293,9,22,0.25,9/21/2023,,0,,FALSE,,,,
2844,2295,9,21,0.25,9/21/2023,,0,,FALSE,,,,
2845,2295,9,22,0.25,9/21/2023,,0,,FALSE,,,,
2846,2306,9,24,0.75,9/21/2023,,0,,FALSE,,,,
2847,2309,9,40,3,9/21/2023,坂田工場用,0,,FALSE,,,,
2849,1640,9,50,0.5,9/21/2023,キリコ出し,0,,FALSE,,,,
2850,2305,9,23,0.5,9/21/2023,,0,,FALSE,,,,
2851,2304,9,23,0.5,9/21/2023,,0,,FALSE,,,,
2852,2306,9,21,0.25,9/22/2023,,0,,FALSE,,,,
2853,2306,9,22,0.25,9/22/2023,,0,,FALSE,,,,
2854,2307,9,23,0.75,9/22/2023,,0,,FALSE,,,,
2855,2303,9,21,0.25,9/22/2023,,0,,FALSE,,,,
2856,2303,9,22,0.25,9/22/2023,,0,,FALSE,,,,
2857,2311,9,10,3.5,9/22/2023,,0,,FALSE,,,,
2859,2276,9,50,4.75,9/22/2023,PP板カット・金型整理,0,,FALSE,,,,
2860,2316,9,20,1.5,9/25/2023,,0,,FALSE,,,,
2861,2318,9,10,3.5,9/25/2023,,0,,FALSE,,,,
2862,2315,9,13,3,9/25/2023,,0,,FALSE,,,,
2863,2276,9,50,3.5,9/25/2023,金型整理,0,,FALSE,,,,
2864,2322,9,14,1.75,9/26/2023,,0,,FALSE,,,,
2865,2323,9,14,2,9/27/2023,,0,,FALSE,,,,
2866,2296,9,11,3,9/26/2023,,0,,FALSE,,,,
2867,2299,9,11,3.5,9/26/2023,,0,,FALSE,,,,
2868,2315,9,13,1.75,9/26/2023,,0,,FALSE,,,,
2869,2322,9,14,1,9/27/2023,,0,,FALSE,,,,
2870,2299,9,12,2,9/27/2023,,0,,FALSE,,,,
2871,2296,9,12,2,9/27/2023,,0,,FALSE,,,,
2872,1640,9,51,1.5,9/27/2023,,0,,FALSE,,,,
2873,2324,9,14,1.5,9/27/2023,外周削り,0,,FALSE,,,,
2874,2311,9,11,1.25,9/27/2023,,0,,FALSE,,,,
2875,2311,9,11,4,9/28/2023,,0,,FALSE,,,,
2876,2300,9,13,2.5,9/29/2023,,0,,FALSE,,,,
2877,2297,9,13,2.75,9/28/2023,,0,,FALSE,,,,
2878,2325,9,10,2,9/28/2023,,0,,FALSE,,,,
2879,2327,9,10,2.75,9/28/2023,,0,,FALSE,,,,
2880,2311,9,12,1.5,9/29/2023,,0,,FALSE,,,,
2881,2316,9,21,0.25,9/29/2023,,0,,FALSE,,,,
2882,2316,9,22,0.25,9/29/2023,,0,,FALSE,,,,
2883,2297,9,13,1,9/29/2023,,0,,FALSE,,,,
2884,2317,9,23,0.25,9/29/2023,,0,,FALSE,,,,
2885,2329,9,14,3,9/29/2023,,0,,FALSE,,,,
2886,2325,9,10,1,9/29/2023,,0,,FALSE,,,,
2887,2332,9,10,3,10/2/2023,,0,,FALSE,,,,
2888,2335,9,20,1.25,9/30/2023,,0,,FALSE,,,,
2889,1640,9,50,0.25,9/29/2023,,0,,FALSE,,,,
2890,2337,9,10,2.5,9/30/2023,,0,,FALSE,,,,
2891,2338,9,42,4,9/30/2023,ぶつかった金型の修理、プラグ穴あけ,0,,FALSE,,,,
2892,2329,9,14,3,9/30/2023,,0,,FALSE,,,,
2893,2318,9,11,1.25,10/2/2023,,0,,FALSE,,,,
2894,2318,9,12,0.5,10/2/2023,,0,,FALSE,,,,
2895,2319,9,13,1.25,10/2/2023,,0,,FALSE,,,,
2896,2325,9,11,3,10/2/2023,,0,,FALSE,,,,
2897,2339,9,15,2,10/2/2023,,0,,FALSE,,,,
2899,2340,9,42,0.25,10/2/2023,「坂田工場」　プラグ穴あけ,0,,FALSE,,,,
2900,2327,9,11,3.5,10/3/2023,,0,,FALSE,,,,
2901,2325,9,12,2,10/3/2023,,0,,FALSE,,,,
2902,1733,9,10,1,10/3/2023,刻印改造,0,,FALSE,,,,
2903,1752,9,10,1,10/3/2023,刻印改造,0,,FALSE,,,,
2904,1756,9,10,1,10/3/2023,刻印改造,0,,FALSE,,,,
2905,1757,9,10,1,10/3/2023,刻印改造,0,,FALSE,,,,
2906,1763,9,10,1,10/3/2023,刻印改造,0,,FALSE,,,,
2907,1951,9,10,0.5,10/3/2023,刻印改造,0,,FALSE,,,,
2908,1955,9,10,0.5,10/3/2023,刻印改造,0,,FALSE,,,,
2909,1957,9,10,0.5,10/3/2023,刻印改造,0,,FALSE,,,,
2910,2327,9,12,2,10/4/2023,,0,,FALSE,,,,
2911,2328,9,13,3,10/4/2023,,0,,FALSE,,,,
2912,2326,9,13,2.25,10/4/2023,,0,,FALSE,,,,
2913,2343,9,10,2.25,10/4/2023,,0,,FALSE,,,,
2914,2345,9,10,2,10/5/2023,,0,,FALSE,,,,
2915,1939,9,14,0.75,10/4/2023,坂田工場　74D t12x558x704 タップ追加工 - 2枚,0,,FALSE,,,,
2916,2355,9,15,1.25,10/10/2023,,0,,FALSE,,,,
2917,2350,9,15,1.5,10/5/2023,,0,,FALSE,,,,
2918,2347,9,15,1.5,10/5/2023,,0,,FALSE,,,,
2919,2337,9,11,1.5,10/5/2023,,0,,FALSE,,,,
2920,2343,9,11,2.5,10/5/2023,,0,,FALSE,,,,
2921,2345,9,10,0.5,10/5/2023,,0,,FALSE,,,,
2922,2339,9,11,1.75,10/5/2023,,0,,FALSE,,,,
2923,2361,9,10,2,10/6/2023,,0,,FALSE,,,,
2924,2345,9,11,1.75,10/6/2023,,0,,FALSE,,,,
2925,2345,9,12,1.75,10/6/2023,,0,,FALSE,,,,
2926,2343,9,12,1.5,10/6/2023,,0,,FALSE,,,,
2927,2344,9,13,1.75,10/6/2023,,0,,FALSE,,,,
2928,2346,9,13,2.75,10/6/2023,,0,,FALSE,,,,
2929,2363,9,10,2,10/10/2023,,0,,FALSE,,,,
2930,2359,9,10,2,10/10/2023,,0,,FALSE,,,,
2931,2337,9,12,2.5,10/10/2023,,0,,FALSE,,,,
2932,2332,9,11,2,10/10/2023,,0,,FALSE,,,,
2933,2332,9,12,1.25,10/10/2023,,0,,FALSE,,,,
2934,2366,9,13,2.5,10/11/2023,,0,,FALSE,,,,
2935,2367,9,14,1,10/11/2023,刻印改造,0,,FALSE,,,,
2936,2368,9,14,3,10/11/2023,,0,,FALSE,,,,
2937,2369,9,14,3,10/11/2023,,0,,FALSE,,,,
2938,2339,9,12,2,10/11/2023,,0,,FALSE,,,,
2939,1640,9,50,0.5,10/11/2023,,0,,FALSE,,,,
2940,2335,9,24,0.25,10/12/2023,,0,,FALSE,,,,
2941,2335,9,22,0.25,10/12/2023,,0,,FALSE,,,,
2942,2335,9,23,0.5,10/12/2023,,0,,FALSE,,,,
2943,2369,9,10,1.25,10/12/2023,圧空ベース,0,,FALSE,,,,
2944,2370,9,10,3,10/12/2023,アンダースタック改造,0,,FALSE,,,,
2945,2327,9,14,1,10/12/2023,バック穴、溝改造「溝深さ0.6ｍｍから1.1ｍｍ」,0,,FALSE,,,,
2946,2325,9,14,1,10/12/2023,バック穴、溝改造「溝深さ0.6ｍｍから1.1ｍｍ」,0,,FALSE,,,,
2947,2355,9,11,2.5,10/12/2023,,0,,FALSE,,,,
2948,2355,9,12,1.5,10/12/2023,,0,,FALSE,,,,
2949,1640,9,50,0.5,10/12/2023,5S、梱包,0,,FALSE,,,,
2950,2368,9,14,2,10/13/2023,,0,,FALSE,,,,
2951,2356,9,13,2.25,10/13/2023,,0,,FALSE,,,,
2952,2350,9,11,1.25,10/13/2023,,0,,FALSE,,,,
2953,2347,9,11,1.25,10/13/2023,,0,,FALSE,,,,
2954,2359,9,11,2.5,10/13/2023,,0,,FALSE,,,,
2955,2371,9,14,1,10/13/2023,外周削り0.5ｍｍ,0,,FALSE,,,,
2956,2372,9,14,0.5,10/13/2023,外周削り0.5ｍｍ,0,,FALSE,,,,
2957,2373,9,14,0.5,10/13/2023,外周削り0.5ｍｍ,0,,FALSE,,,,
2958,2347,9,12,1.5,10/14/2023,,0,,FALSE,,,,
2959,2350,9,12,1.5,10/14/2023,,0,,FALSE,,,,
2960,2359,9,12,2.25,10/14/2023,,0,,FALSE,,,,
2961,2374,9,14,2,10/14/2023,,0,,FALSE,,,,
2962,2360,9,13,2.5,10/14/2023,,0,,FALSE,,,,
2963,2360,9,13,1,10/16/2023,,0,,FALSE,,,,
2964,1640,9,50,0.5,10/14/2023,,0,,FALSE,,,,
2965,2375,9,14,3,10/16/2023,,0,,FALSE,,,,
2966,2363,9,11,1.5,10/16/2023,,0,,FALSE,,,,
2967,2363,9,12,2.5,10/16/2023,,0,,FALSE,,,,
2968,2376,9,10,3.5,10/16/2023,,0,,FALSE,,,,
2969,1640,9,50,0.5,10/16/2023,,0,,FALSE,,,,
2970,2378,9,10,3,10/17/2023,,0,,FALSE,,,,
2971,2370,9,11,2.25,10/17/2023,,0,,FALSE,,,,
2972,2375,9,14,3.25,10/17/2023,,0,,FALSE,,,,
2974,1640,9,50,0.5,10/17/2023,,0,,FALSE,,,,
2975,2380,9,10,0.75,10/18/2023,,0,,FALSE,,,,
2976,2370,9,12,2,10/18/2023,,0,,FALSE,,,,
2979,2361,9,11,3,10/18/2023,,0,,FALSE,,,,
2980,2361,9,12,2.5,10/18/2023,,0,,FALSE,,,,
2981,2383,9,13,2,10/18/2023,,0,,FALSE,,,,
2982,1640,9,51,0.5,10/18/2023,,0,,FALSE,,,,
2983,2378,9,11,3,10/19/2023,,0,,FALSE,,,,
2984,2378,9,12,2,10/19/2023,,0,,FALSE,,,,
2985,2384,9,14,5,10/19/2023,,0,,FALSE,,,,
2986,2385,9,14,4,10/20/2023,,0,,FALSE,,,,
2987,1640,9,888,1,10/19/2023,成形7号機用SUS板カット・穴あけ,0,,FALSE,,,,
2988,2380,9,10,2,10/20/2023,,0,,FALSE,,,,
2989,2379,9,13,3,10/20/2023,,0,,FALSE,,,,
2990,2383,9,13,2.75,10/20/2023,,0,,FALSE,,,,
2991,1640,9,50,0.25,10/20/2023,,0,,FALSE,,,,
2992,2384,9,14,0.5,10/23/2023,,0,,FALSE,,,,
2993,1640,9,50,0.5,10/23/2023,,0,,FALSE,,,,
2994,2385,9,14,3.25,10/23/2023,,0,,FALSE,,,,
2995,2387,9,10,2,10/24/2023,,0,,FALSE,,,,
2996,2362,9,13,2,10/24/2023,,0,,FALSE,,,,
2997,2388,9,10,2,10/24/2023,,0,,FALSE,,,,
2998,2393,9,11,1,10/24/2023,金型洗浄・穴あけ,0,,FALSE,,,,
2999,2380,9,11,1,10/24/2023,,0,,FALSE,,,,
3000,2380,9,12,1.25,10/24/2023,,0,,FALSE,,,,
3001,2381,9,13,2.25,10/24/2023,,0,,FALSE,,,,
3002,2389,9,13,2,10/25/2023,,0,,FALSE,,,,
3003,1640,9,50,0.25,10/24/2023,,0,,FALSE,,,,
3004,2397,9,14,1.5,10/25/2023,バック穴追加工,0,,FALSE,10/27　茨城工場へ送る,,,
3005,2397,9,888,1.5,10/25/2023,砂ショット,0,,FALSE,,,,
3006,2398,9,14,1.5,10/25/2023,バック穴追加工,0,,FALSE,10/27　茨城工場へ送る,,,
3007,2398,9,888,1.5,10/25/2023,砂ショット,0,,FALSE,,,,
3008,2368,9,14,3,10/25/2023,,0,,FALSE,足りなかった３個　10/27 送り,,,
3009,2399,9,888,0.25,10/25/2023,圧空ベースタップ追加工　（ATS－０２７用）,0,,FALSE,,,,
3010,1640,9,50,1.5,10/25/2023,,0,,FALSE,,,,
3011,2400,9,10,2.5,10/26/2023,,0,,FALSE,,,,
3012,2380,9,10,1,10/26/2023,バック穴追加工,0,,FALSE,,,,
3013,2402,9,10,1.5,10/26/2023,,0,,FALSE,,,,
3014,2386,9,10,3,10/26/2023,,0,,FALSE,,,,
3015,2387,9,11,1.5,10/26/2023,,0,,FALSE,,,,
3016,2387,9,12,1.75,10/26/2023,,0,,FALSE,,,,
3017,2390,9,13,2,10/26/2023,,0,,FALSE,,,,
3018,2276,9,50,8,10/27/2023,金型置き場の片付け「出口隣の部屋・階段下収納庫のバラバラ,0,,FALSE,,,,
3019,2394,9,10,2.5,10/27/2023,,0,,FALSE,,,,
3020,1640,9,51,0.5,10/27/2023,"KDS-134, 135 ・　治具の送り",0,,FALSE,,,,
3021,1640,9,50,0.5,10/27/2023,,0,,FALSE,,,,
3022,2400,9,11,1.5,10/28/2023,,0,,FALSE,,,,
3023,2400,9,12,2.25,10/30/2023,,0,,FALSE,,,,
3024,2388,9,11,2,10/28/2023,,0,,FALSE,,,,
3025,2388,9,12,2,10/28/2023,,0,,FALSE,,,,
3026,2407,9,10,3,10/28/2023,,0,,FALSE,,,,
3027,1640,9,50,0.75,10/28/2023,,0,,FALSE,,,,
3028,2409,9,12,1.5,10/30/2023,再面取り・ミガキ・テフロン出し,0,,FALSE,,,,
3029,2266,9,50,0.5,10/30/2023,ドラム缶1本目満,0,,FALSE,,,,
3030,2411,9,14,7,10/30/2023,,0,,FALSE,,,,
3031,2390,9,42,0.25,10/30/2023,圧空ベースタップ追加工,0,,FALSE,,,,
3032,2394,9,11,3,10/31/2023,,0,,FALSE,,,,
3033,2386,9,11,2.5,10/31/2023,,0,,FALSE,,,,
3034,2411,9,14,2,10/31/2023,,0,,FALSE,,,,
3035,2413,9,10,3,10/31/2023,,0,,FALSE,,,,
3036,2402,9,11,1,10/31/2023,,0,,FALSE,,,,
3037,1640,9,50,0.25,10/31/2023,,0,,FALSE,,,,
3038,2402,9,11,3,11/1/2023,,0,,FALSE,,,,
3039,2402,9,12,3,11/1/2023,,0,,FALSE,,,,
3040,2403,9,13,2.5,11/1/2023,,0,,FALSE,,,,
3041,2417,9,10,2.5,11/2/2023,,0,,FALSE,,,,
3042,2394,9,12,2.5,11/2/2023,,0,,FALSE,,,,
3043,2386,9,12,2.5,11/2/2023,,0,,FALSE,,,,
3044,2427,9,14,2.5,11/2/2023,,0,,FALSE,,,,
3045,2395,9,13,3,11/2/2023,,0,,FALSE,,,,
3046,2412,9,13,3.5,11/6/2023,,0,,FALSE,,,,
3047,2413,9,11,2.5,11/6/2023,,0,,FALSE,,,,
3048,2407,9,11,3.5,11/6/2023,,0,,FALSE,,,,
3049,,9,13,0.75,11/6/2023,,0,,FALSE,,,,
3050,2341,9,13,1,11/6/2023,,0,,FALSE,,,,
3051,2348,9,13,0.75,11/6/2023,,0,,FALSE,,,,
3052,2351,9,13,0.75,11/6/2023,,0,,FALSE,,,,
3053,2428,9,13,0.75,11/6/2023,,0,,FALSE,,,,
3054,1640,9,50,0.5,11/6/2023,,0,,FALSE,,,,
3055,2421,9,10,1.5,11/7/2023,,0,,FALSE,,,,
3056,2424,9,10,2,11/8/2023,,0,,FALSE,,,,
3057,2429,9,888,0.5,11/7/2023,砂ショット,0,,FALSE,,,,
3058,2413,9,12,1.75,11/7/2023,,0,,FALSE,,,,
3059,2407,9,12,2.25,11/7/2023,,0,,FALSE,,,,
3060,2414,9,13,2.75,11/7/2023,,0,,FALSE,,,,
3061,1640,9,50,0.5,11/7/2023,梱包（テフロン加工出し「8-161-5」、MTM-178 ～ 181、ネル）,0,,FALSE,,,,
3062,2421,9,10,0.5,11/8/2023,,0,,FALSE,,,,
3063,2427,9,14,1,11/8/2023,t12x40x150、仕上げ,0,,FALSE,,,,
3064,2408,9,13,3.5,11/8/2023,,0,,FALSE,,,,
3065,2417,9,11,2,11/8/2023,,0,,FALSE,,,,
3066,2417,9,12,2.5,11/8/2023,,0,,FALSE,,,,
3067,1640,9,50,0.5,11/8/2023,5S、梱包（DIC-145:テフロン加工出し）,0,,FALSE,,,,
3068,2435,9,54,0.5,11/9/2023,定期点検・オイル交換　（ベビコンオイル専用）,0,,FALSE,,,,
3069,2418,9,13,3.75,11/9/2023,,0,,FALSE,,,,
3070,2431,9,15,3,11/9/2023,,0,,FALSE,,,,
3071,2433,9,15,1,11/9/2023,,0,,FALSE,,,,
3072,2439,9,41,1.5,11/10/2023,,0,,FALSE,,,,
3073,2440,9,20,1.5,11/9/2023,,0,,FALSE,,,,
3074,2442,9,20,1.5,11/9/2023,,0,,FALSE,,,,
3075,1640,9,50,0.5,11/9/2023,,0,,FALSE,,,,
3076,1640,9,40,4.5,11/10/2023,中板作成、下板修理、5S,0,,FALSE,,,,
3077,2444,9,41,0.5,11/10/2023,,0,,FALSE,,,,
3078,2424,9,11,1.25,11/10/2023,,0,,FALSE,,,,
3079,2421,9,11,2.25,11/10/2023,,0,,FALSE,,,,
3080,2440,9,21,0.25,11/10/2023,,0,,FALSE,,,,
3081,2442,9,21,0.25,11/10/2023,,0,,FALSE,,,,
3082,2433,9,10,2.25,11/11/2023,加工した表面が良くないため再演算＆加工,0,,FALSE,,,,
3083,2376,9,11,3,11/11/2023,,0,,FALSE,,,,
3084,2377,9,13,3,11/11/2023,,0,,FALSE,,,,
3085,2445,9,20,2,11/11/2023,,0,,FALSE,,,,
3087,2431,9,15,1,11/11/2023,,0,,FALSE,,,,
3088,1640,9,50,0.5,11/11/2023,,0,,FALSE,,,,
3089,2445,9,21,0.5,11/13/2023,,0,,FALSE,,,,
3090,2445,9,12,0.5,11/13/2023,,0,,FALSE,,,,
3091,2446,9,23,1.5,11/13/2023,,0,,FALSE,,,,
3092,2421,9,12,2.5,11/13/2023,,0,,FALSE,,,,
3093,2422,9,13,3,11/13/2023,,0,,FALSE,,,,
3094,2424,9,12,1.25,11/13/2023,,0,,FALSE,,,,
3095,2425,9,13,1.75,11/13/2023,,0,,FALSE,,,,
3096,2376,9,12,3,11/14/2023,,0,,FALSE,,,,
3097,2442,9,22,0.25,11/14/2023,,0,,FALSE,,,,
3098,2440,9,22,0.25,11/14/2023,,0,,FALSE,,,,
3099,2454,9,42,0.5,11/14/2023,坂田工場・プラグ穴あけ,0,,FALSE,,,,
3100,2377,9,13,1.5,11/13/2023,,0,,FALSE,,,,
3101,1640,9,50,0.5,11/13/2023,,0,,FALSE,,,,
3102,2431,9,11,2.5,11/14/2023,,0,,FALSE,,,,
3103,2448,9,20,2,11/14/2023,,0,,FALSE,,,,
3104,1640,9,888,1.75,11/14/2023,金型砂ショット・5S,0,,FALSE,,,,
3105,2460,9,40,2.5,11/15/2023,,0,,FALSE,,,,
3106,2448,9,24,0.25,11/15/2023,,0,,FALSE,,,,
3107,2451,9,10,7,11/15/2023,バック穴加工図・裏表プログラム,0,,FALSE,,,,
3109,2432,9,13,1.25,11/15/2023,,0,,FALSE,,,,
3110,1640,9,50,0.5,11/15/2023,,0,,FALSE,,,,
3111,2453,9,10,5,11/16/2023,バック穴図面・裏表プログラム・加工,0,,FALSE,,,,
3112,2431,9,12,3,11/16/2023,,0,,FALSE,,,,
3113,2432,9,13,1,11/16/2023,,0,,FALSE,,,,
3114,2448,9,21,0.25,11/16/2023,,0,,FALSE,,,,
3115,2448,9,22,0.25,11/16/2023,,0,,FALSE,,,,
3116,2457,9,23,0.25,11/16/2023,,0,,FALSE,,,,
3117,2462,9,14,3,11/16/2023,,0,,FALSE,,,,
3118,1640,9,50,0.25,11/16/2023,,0,,FALSE,,,,
3119,2462,9,14,2,11/17/2023,"Detail A, B の治具作成",0,,FALSE,,,,
3120,2433,9,11,2.75,11/17/2023,,0,,FALSE,,,,
3121,2434,9,13,3,11/17/2023,,0,,FALSE,,,,
3122,2433,9,12,2,11/17/2023,,0,,FALSE,,,,
3123,1640,9,50,0.75,11/17/2023,キリコ出し、5S,0,,FALSE,,,,
3124,2433,9,12,1,11/20/2023,,0,,FALSE,,,,
3127,2451,9,11,2,11/20/2023,,0,,FALSE,,,,
3128,2451,9,12,1.5,11/20/2023,,0,,FALSE,,,,
3129,2443,9,23,0.5,11/20/2023,,0,,FALSE,,,,
3130,2441,9,23,0.5,11/20/2023,,0,,FALSE,,,,
3131,2465,9,41,1.5,11/20/2023,,0,,FALSE,,,,
3132,,9,40,2,11/20/2023,,0,,FALSE,,,,
3133,2466,9,40,2.5,11/20/2023,,0,,FALSE,,,,
3134,1640,9,50,0.25,11/20/2023,,0,,FALSE,,,,
3135,2458,9,13,2.5,11/21/2023,,0,,FALSE,,,,
3136,2452,9,10,7.75,11/21/2023,,0,,FALSE,,,,
3137,2453,9,11,1.5,11/21/2023,,0,,FALSE,,,,
3138,2453,9,12,1.5,11/21/2023,,0,,FALSE,,,,
3139,,9,40,3.5,11/22/2023,,0,,FALSE,,,,
3140,2450,9,10,3,11/22/2023,,0,,FALSE,,,,
3141,2477,9,14,3,11/22/2023,,0,,FALSE,,,,
3142,2473,9,40,3.5,11/22/2023,,0,,FALSE,,,,
3143,1640,9,50,0.25,11/22/2023,,0,,FALSE,,,,
3144,2452,9,11,2.5,11/24/2023,,0,,FALSE,,,,
3145,2450,9,10,5,11/24/2023,金型2台の加工,0,,FALSE,,,,
3146,2480,9,43,0.5,11/24/2023,PP板カット,0,,FALSE,,,,
3148,2482,9,14,3,11/24/2023,追加工,0,,FALSE,,,,
3149,1640,9,50,0.75,11/24/2023,,0,,FALSE,,,,
3150,2477,9,14,0.25,11/24/2023,原点設定G59とG54を間違えたため不具合を発生しました。,0,,FALSE,,,,
3151,2452,9,12,2.5,11/25/2023,,0,,FALSE,,,,
3152,2471,9,13,2.5,11/25/2023,,0,,FALSE,,,,
3153,2461,9,13,2,11/25/2023,,0,,FALSE,,,,
3154,2450,9,15,2,11/25/2023,,0,,FALSE,,,,
3155,2483,9,54,2.25,11/25/2023,ドアクローザー取付金具の作り,0,,FALSE,,,,
3156,1640,9,50,0.5,11/25/2023,,0,,FALSE,,,,
3157,2483,9,54,3,11/27/2023,ドアクローザー取付,0,,FALSE,,,,
3158,2471,9,13,1,11/27/2023,,0,,FALSE,,,,
3159,2488,9,14,2.5,11/27/2023,,0,,FALSE,,,,
3161,2477,9,14,1,11/27/2023,,0,,FALSE,,,,
3162,1640,9,50,1.75,11/27/2023,5S・梱包　「ATS-032],0,,FALSE,,,,
3163,2449,9,20,1.5,11/28/2023,,0,,FALSE,,,,
3164,2450,9,11,4.5,11/28/2023,,0,,FALSE,,,,
3165,2478,9,40,2.75,11/28/2023,,0,,FALSE,,,,
3166,,9,50,0.25,11/28/2023,,0,,FALSE,,,,
3167,1640,9,50,0.25,11/28/2023,,0,,FALSE,,,,
3168,2450,9,12,5.5,11/29/2023,,0,,FALSE,,,,
3169,2474,9,13,5,11/29/2023,,0,,FALSE,,,,
3170,2449,9,21,0.25,11/29/2023,,0,,FALSE,,,,
3171,2449,9,22,0.25,11/29/2023,,0,,FALSE,,,,
3172,1640,9,50,1,11/29/2023,キリコ出し・5S,0,,FALSE,,,,
3173,2456,9,23,0.25,11/30/2023,,0,,FALSE,,,,
3174,2474,9,13,2.25,11/30/2023,,0,,FALSE,,,,
3175,2450,9,15,2,11/30/2023,横穴あけ、パーツ取付,0,,FALSE,,,,
3176,1640,9,51,1.75,11/30/2023,青森工場へ「フレーム」・茨城工場へ「OOT-042　金型2個、カッター」・テフロン加工出し「YMS-001」,0,,FALSE,,,,
3177,2487,9,10,3,11/30/2023,,0,,FALSE,,,,
3179,1640,9,50,0.5,11/30/2023,,0,,FALSE,,,,
3180,2468,9,10,3,12/1/2023,,0,,FALSE,,,,
3181,2487,9,11,3,12/1/2023,,0,,FALSE,,,,
3182,2487,9,12,2,12/1/2023,,0,,FALSE,,,,
3183,2495,9,14,3,12/1/2023,,0,,FALSE,,,,
3184,2479,9,10,1,12/1/2023,,0,,FALSE,,,,
3185,2490,9,13,3,12/4/2023,,0,,FALSE,,,,
3186,2468,9,12,1,12/4/2023,,0,,FALSE,,,,
3187,2491,9,13,2,12/4/2023,,0,,FALSE,,,,
3188,2479,9,10,2.5,12/4/2023,,0,,FALSE,,,,
3189,2495,9,14,2.5,12/4/2023,横穴あけ・タップ,0,,FALSE,,,,
3190,2486,9,10,4,12/5/2023,在庫の材料「471X40１」から製作,0,,FALSE,在庫の材料　471X40１から製作,,,
3191,2495,9,14,3,12/5/2023,４面用,0,,FALSE,,,,
3192,2493,9,24,3,12/5/2023,MILLAC 468V 機械で加工,0,,FALSE,,,,
3193,1640,9,888,1,12/5/2023,金型穴あけの教育,0,,FALSE,,,,
3194,2495,9,14,2,12/6/2023,カッター刃の取付,0,,FALSE,,,,
3195,2497,9,14,3,12/6/2023,,0,,FALSE,,,,
3196,2498,9,14,1,12/6/2023,15x50x100 プレートの追加工「１０個」,0,,FALSE,,,,
3198,2493,21,21,0.5,12/6/2023,,0,,FALSE,,,,
3199,2493,21,22,0.5,12/6/2023,,0,,FALSE,,,,
3200,2467,9,10,3,12/6/2023,,0,,FALSE,,,,
3201,2470,9,20,1.5,12/6/2023,,0,,FALSE,,,,
3202,1640,9,50,0.25,12/6/2023,,0,,FALSE,,,,
3203,2494,21,23,0.5,12/7/2023,,0,,FALSE,,,,
3204,2486,21,11,1,12/7/2023,,0,,FALSE,,,,
3205,2479,21,11,5.25,12/7/2023,,0,,FALSE,F,,,
3206,2502,9,14,6,12/7/2023,,0,,FALSE,,,,
3207,2470,9,20,0.5,12/7/2023,,0,,FALSE,,,,
3208,2496,9,13,0.5,12/7/2023,べニアカット・穴あけ,0,,FALSE,,,,
3209,2489,9,13,0.5,12/7/2023,べニアカット・穴あけ,0,,FALSE,,,,
3211,2497,9,14,2.5,12/7/2023,M6タップ・パーツ作成,0,,FALSE,,,,
3212,1640,9,50,0.25,12/7/2023,,0,,FALSE,,,,
3213,2486,21,11,2.25,12/8/2023,,0,,FALSE,,,,
3214,2486,9,12,2,12/8/2023,,0,,FALSE,,,,
3215,2496,21,13,3,12/8/2023,,0,,FALSE,,,,
3216,2470,21,21,1.5,12/8/2023,,0,,FALSE,,,,
3217,2502,9,14,2,12/8/2023,PT3/8タップ・水冷チェック,0,,FALSE,,,,
3218,2504,9,14,5,12/8/2023,,0,,FALSE,,,,
3219,1640,9,720,1.25,12/8/2023,,0,,FALSE,,,,
3221,2496,9,13,0.5,12/9/2023,,0,,FALSE,,,,
3222,2506,9,13,2.5,12/9/2023,,0,,FALSE,,,,
3223,2469,9,10,2.5,12/9/2023,,0,,FALSE,,,,
3224,2499,9,10,2.5,12/9/2023,,0,,FALSE,,,,
3225,2467,21,11,4.5,12/11/2023,,0,,FALSE,,,,
3226,2467,9,12,2.75,12/11/2023,,0,,FALSE,,,,
3227,2492,9,13,3,12/11/2023,,0,,FALSE,,,,
3228,2470,21,21,0.5,12/11/2023,,0,,FALSE,,,,
3229,2470,21,22,1.75,12/11/2023,,0,,FALSE,,,,
3230,2505,9,40,3,12/11/2023,,0,,FALSE,,,,
3231,1640,9,54,1.5,12/11/2023,DuraVertical 5080 機械の給油・ATCアーム掃除,0,,FALSE,,,,
3232,1640,9,720,0.5,12/11/2023,,0,,FALSE,,,,
3233,1640,21,50,0.25,12/12/2023,,0,,FALSE,,,,
3234,2479,21,12,2.75,12/12/2023,,0,,FALSE,,,,
3235,2479,9,12,2,12/12/2023,角削り・ミガキ,0,,FALSE,,,,
3236,2489,21,13,2,12/12/2023,,0,,FALSE,,,,
3237,2469,21,11,2,12/12/2023,,0,,FALSE,,,,
3238,2489,9,13,1.5,12/12/2023,,0,,FALSE,,,,
3239,2507,9,10,3.5,12/12/2023,,0,,FALSE,,,,
3240,2217,9,888,0.25,12/12/2023,水漏れ修理,0,,FALSE,,,,
3241,2469,9,15,0.5,12/12/2023,バック穴追加工,0,,FALSE,,,,
3242,1640,9,720,1.25,12/12/2023,,0,,FALSE,,,,
3243,2508,9,10,3.5,12/13/2023,,0,,FALSE,,,,
3244,2469,21,12,2,12/13/2023,,0,,FALSE,,,,
3245,1640,21,50,0.25,12/13/2023,,0,,FALSE,,,,
3246,2499,21,11,3,12/13/2023,,0,,FALSE,,,,
3247,2503,21,23,0.5,12/13/2023,,0,,FALSE,,,,
3248,2484,21,13,1.25,12/13/2023,,0,,FALSE,,,,
3249,2504,9,14,5,12/13/2023,,0,,FALSE,,,,
3250,2484,9,13,0.5,12/13/2023,,0,,FALSE,べニアカット・穴あけ,,,
3251,2500,9,13,1,12/13/2023,,0,,FALSE,,,,
3252,1640,9,50,0.75,12/13/2023,,0,,FALSE,,,,
3253,1640,21,50,0.25,12/14/2023,,0,,FALSE,,,,
3254,2484,21,13,2.5,12/14/2023,,0,,FALSE,,,,
3255,2499,21,12,2.5,12/14/2023,,0,,FALSE,,,,
3256,2500,21,13,1.75,12/14/2023,,0,,FALSE,,,,
3257,2276,9,50,10.75,12/14/2023,金型整理・掃除,0,,FALSE,,,,
3258,1640,21,50,0.25,12/15/2023,,0,,FALSE,,,,
3260,2508,21,11,2.5,12/15/2023,,0,,FALSE,,,,
3261,2500,21,13,2.75,12/15/2023,,0,,FALSE,,,,
3262,2508,21,12,1.5,12/15/2023,,0,,FALSE,,,,
3263,2510,9,14,2,12/15/2023,外寸変更　V--＞J,0,,FALSE,,,,
3264,2511,9,14,2.5,12/15/2023,外寸変更　V--＞J,0,,FALSE,,,,
3265,,9,13,3,12/15/2023,,0,,FALSE,,,,
3266,2512,9,13,3,12/15/2023,,0,,FALSE,,,,
3267,1640,9,50,2.5,12/15/2023,,0,,FALSE,,,,
3268,2510,9,15,1,12/18/2023,外寸変更　V--＞J,0,,FALSE,,,,
3269,2516,9,42,0.5,12/18/2023,外寸変更　V--＞J,0,,FALSE,,,,
3270,2511,9,15,1,12/18/2023,外寸変更　V--＞J,0,,FALSE,,,,
3271,2517,9,42,0.5,12/18/2023,外寸変更　V--＞J,0,,FALSE,,,,
3272,2508,21,12,2,12/18/2023,,0,,FALSE,,,,
3273,2507,21,11,3,12/18/2023,,0,,FALSE,,,,
3274,2507,9,11,3,12/18/2023,,0,,FALSE,,,,
3275,2512,9,13,3,12/18/2023,,0,,FALSE,,,,
3276,2499,9,12,0.5,12/18/2023,,0,,FALSE,,,,
3277,1640,9,50,0.5,12/18/2023,,0,,FALSE,,,,
3278,1640,21,50,0.25,12/19/2023,,0,,FALSE,,,,
3280,2509,21,13,2.75,12/19/2023,,0,,FALSE,,,,
3281,2507,21,12,3.75,12/19/2023,,0,,FALSE,,,,
3282,1640,21,888,0.25,12/19/2023,消防訓練,0,,FALSE,,,,
3283,2507,9,12,2,12/19/2023,,0,,FALSE,,,,
3284,1640,9,50,5.5,12/19/2023,6号機金具作成・金型部門掃除,0,,FALSE,,,,
3285,2549,9,888,2,12/19/2023,彫刻の文字合わせてプログラム,0,,FALSE,,,,
3286,1640,21,50,0.25,12/20/2023,,0,,FALSE,,,,
3287,1640,21,888,2,12/20/2023,吉田第二ビルの掃除「フエンさんの部屋302」,0,,FALSE,,,,
3288,2509,21,13,2,12/20/2023,,0,,FALSE,,,,
3289,2518,21,13,2.75,12/20/2023,,0,,FALSE,,,,
3290,2513,9,10,3,12/20/2023,,0,,FALSE,,,,
3291,2501,9,20,1.5,12/20/2023,,0,,FALSE,,,,
3292,2484,9,42,0.5,12/20/2023,プラグ、ZA圧空ベース穴追加工,0,,FALSE,VIET,,,
3293,1640,9,50,4.25,12/20/2023,,0,,FALSE,,,,
3294,1640,21,50,0.25,12/21/2023,,0,,FALSE,,,,
3295,2518,21,13,3,12/21/2023,,0,,FALSE,,,,
3296,1640,21,888,3.75,12/21/2023,金型棚の組立応援,0,,FALSE,,,,
3297,2513,9,10,1,12/21/2023,アンダースタック・彫刻・面取り,0,,FALSE,,,,
3298,2276,9,50,10,12/21/2023,金型の棚組立・金型整理,0,,FALSE,,,,
3299,1640,21,50,0.25,12/22/2023,,0,,FALSE,,,,
3300,2513,21,11,3,12/22/2023,,0,,FALSE,,,,
3301,2513,21,12,3,12/22/2023,,0,,FALSE,,,,
3302,1640,21,888,0.75,12/22/2023,金型整理サポート,0,,FALSE,,,,
3303,2514,9,10,3.5,12/22/2023,,0,,FALSE,,,,
3304,1640,9,888,1.5,12/22/2023,7号機用スタキング・水冷ベース直し,0,,FALSE,,,,
3305,2276,9,50,4,12/22/2023,金型のTKDシリーズ移動,0,,FALSE,,,,
3306,2501,9,20,0.5,12/22/2023,,0,,FALSE,,,,
3307,2519,9,13,2.5,12/23/2023,,0,,FALSE,,,,
3308,1640,9,888,2,12/23/2023,プレス日報の翻訳・ファイル作成,0,,FALSE,,,,
3309,2549,9,888,5.25,12/23/2023,彫刻の文字合わせ・試作,0,,FALSE,,,,
3310,2515,9,10,3.5,12/25/2023,,0,,FALSE,,,,
3311,1640,21,50,0.25,12/25/2023,,0,,FALSE,,,,
3312,2501,21,21,0.5,12/25/2023,,0,,FALSE,,,,
3313,2526,21,21,1,12/25/2023,,0,,FALSE,,,,
3314,2519,21,13,1.75,12/25/2023,,0,,FALSE,,,,
3315,2514,21,11,3.5,12/25/2023,,0,,FALSE,,,,
3317,2526,9,22,1.5,12/25/2023,,0,,FALSE,,,,
3318,,9,23,0.5,12/25/2023,,0,,FALSE,,,,
3319,2529,9,14,3,12/25/2023,,0,,FALSE,,,,
3320,1640,9,50,2,12/25/2023,,0,,FALSE,,,,
3321,2501,9,22,0.25,12/26/2023,,0,,FALSE,,,,
3322,2549,9,15,2,12/26/2023,再作成,0,,FALSE,,,,
3323,2522,9,10,3,12/26/2023,バック穴図面・プログラム,0,,FALSE,,,,
3324,2528,9,23,0.5,12/26/2023,,0,,FALSE,,,,
3325,2529,9,14,5.5,12/26/2023,2個,0,,FALSE,,,,
3326,2232,9,54,3.75,12/27/2023,切削油交換・掃除,0,,FALSE,,,,
3327,1640,21,50,0.25,12/27/2023,,0,,FALSE,,,,
3328,2514,21,12,3,12/27/2023,,0,,FALSE,,,,
3329,2521,21,13,3.75,12/27/2023,,0,,FALSE,,,,
3330,2515,9,10,0.5,12/27/2023,,0,,FALSE,,,,
3332,2522,9,10,3,12/27/2023,,0,,FALSE,,,,
3333,2549,9,11,2,12/27/2023,,0,,FALSE,,,,
3334,2549,9,12,2.5,12/27/2023,,0,,FALSE,,,,
3335,1640,9,50,4,12/28/2023,大掃除,0,,FALSE,,,,
3336,1640,21,50,4,12/28/2023,大掃除,0,,FALSE,,,,
3337,2515,9,11,3,1/5/2024,,0,,FALSE,,,,
3338,2515,9,12,2,1/6/2024,,0,,FALSE,,,,
3339,2522,9,14,1.75,1/5/2024,面取り,0,,FALSE,,,,
3340,2524,9,10,4,1/5/2024,バック穴図面・プログラム,0,,FALSE,,,,
3341,2527,9,10,2,1/5/2024,,0,,FALSE,,,,
3342,2524,9,10,3,1/6/2024,表面加工プログラム・加工,0,,FALSE,,,,
3343,1640,9,50,0.25,1/5/2024,,0,,FALSE,,,,
3344,1640,21,50,0.25,1/6/2024,,0,,FALSE,,,,
3345,2522,21,11,2,1/6/2024,,0,,FALSE,,,,
3346,2520,21,13,2.75,1/6/2024,,0,,FALSE,,,,
3347,2031,21,888,2,1/6/2024,ハオさんの通院対応,0,,FALSE,,,,
3348,2523,9,13,2,1/6/2024,,0,,FALSE,,,,
3349,2533,9,10,3,1/6/2024,,0,,FALSE,,,,
3350,1640,9,50,0.25,1/6/2024,掃除当番,0,,FALSE,,,,
3351,2548,9,41,0.5,1/9/2024,,0,,FALSE,,,,
3352,1640,21,50,0.25,1/9/2024,,0,,FALSE,,,,
3353,2522,21,11,4,1/9/2024,,0,,FALSE,,,,
3354,2525,21,13,2.75,1/9/2024,,0,,FALSE,,,,
3355,2500,9,41,0.5,1/9/2024,,0,,FALSE,,,,
3356,2523,9,13,2,1/9/2024,,0,,FALSE,,,,
3357,2524,9,11,4.5,1/9/2024,,0,,FALSE,,,,
3358,2524,9,12,2.75,1/9/2024,,0,,FALSE,,,,
3359,2522,9,12,2.75,1/9/2024,,0,,FALSE,,,,
3360,2530,9,20,1.75,1/10/2024,,0,,FALSE,,,,
3361,2522,9,11,0.5,1/9/2024,,0,,FALSE,,,,
3362,2527,21,11,2,1/10/2024,,0,,FALSE,,,,
3363,2527,21,12,1.5,1/10/2024,,0,,FALSE,,,,
3364,2525,21,13,1.5,1/10/2024,,0,,FALSE,,,,
3365,2533,21,11,1.75,1/10/2024,,0,,FALSE,,,,
3366,1640,21,50,0.25,1/10/2024,,0,,FALSE,,,,
3367,2545,9,13,1.5,1/10/2024,,0,,FALSE,,,,
3368,2500,9,13,1.5,1/10/2024,ネル追い貼り,0,,FALSE,,,,
3369,2550,9,14,2.5,1/10/2024,,0,,FALSE,,,,
3370,2537,9,10,3,1/10/2024,,0,,FALSE,,,,
3371,2539,9,10,2.5,1/11/2024,,0,,FALSE,,,,
3372,1640,9,52,1.25,1/10/2024,5S、粉砕,0,,FALSE,,,,
3373,1640,21,50,0.25,1/11/2024,,0,,FALSE,,,,
3374,2533,21,11,1.5,1/11/2024,,0,,FALSE,,,,
3375,2533,21,12,2,1/11/2024,,0,,FALSE,,,,
3376,2530,21,21,1,1/11/2024,,0,,FALSE,,,,
3377,2530,21,22,1,1/11/2024,,0,,FALSE,,,,
3378,2531,21,23,1,1/11/2024,,0,,FALSE,,,,
3379,2537,21,11,0.25,1/11/2024,,0,,FALSE,,,,
3380,2537,9,10,0.25,1/11/2024,,0,,FALSE,表面の加工が良くない為再仕上加工・切削速度下げる,,,
3381,2551,9,41,0.5,1/11/2024,,0,,FALSE,,,,
3382,2205,9,888,0.25,1/11/2024,フレームの穴あけ,0,,FALSE,,,,
3383,2541,9,10,2.25,1/11/2024,,0,,FALSE,,,,
3384,2543,9,10,2.25,1/11/2024,,0,,FALSE,,,,
3385,1640,9,50,0.5,1/11/2024,キリコ出し,0,,FALSE,,,,
3386,1640,9,52,1,1/11/2024,,0,,FALSE,,,,
3387,2534,9,13,2.5,1/12/2024,,0,,FALSE,,,,
3388,2537,9,11,1.5,1/12/2024,,0,,FALSE,,,,
3389,2539,9,10,1,1/12/2024,,0,,FALSE,,,,
3390,2543,9,10,1.5,1/16/2024,,0,,FALSE,,,,
3391,2541,9,10,1.5,1/15/2024,,0,,FALSE,,,,
3392,1640,9,52,1.5,1/12/2024,粉砕・5S,0,,FALSE,,,,
3393,2552,9,10,2.75,1/12/2024,,0,,FALSE,,,,
3394,1640,21,50,0.25,1/15/2024,,0,,FALSE,,,,
3395,2537,21,12,2,1/15/2024,,0,,FALSE,,,,
3396,2538,21,13,1.75,1/15/2024,,0,,FALSE,,,,
3397,2541,21,11,3,1/15/2024,,0,,FALSE,,,,
3398,2552,9,10,1.5,1/15/2024,,0,,FALSE,,,,
3399,1640,9,52,4,1/15/2024,,0,,FALSE,,,,
3400,1640,9,50,1,1/15/2024,梱包・機械操作・5S,0,,FALSE,,,,
3401,2541,9,11,3,1/15/2024,,0,,FALSE,,,,
3402,1640,21,50,0.25,1/16/2024,,0,,FALSE,,,,
3403,2539,21,11,4,1/16/2024,,0,,FALSE,,,,
3404,2541,21,12,2.75,1/16/2024,,0,,FALSE,,,,
3405,2558,9,14,4,1/16/2024,,0,,FALSE,,,,
3406,1640,9,52,2,1/16/2024,,0,,FALSE,,,,
3407,1640,9,50,0.5,1/16/2024,,0,,FALSE,,,,
3408,2541,21,12,2.5,1/17/2024,,0,,FALSE,,,,
3409,1640,21,50,0.25,1/17/2024,,0,,FALSE,,,,
3410,2543,21,11,4.25,1/17/2024,,0,,FALSE,,,,
3411,2540,9,13,3,1/17/2024,,0,,FALSE,,,,
3412,2539,9,12,2.75,1/17/2024,,0,,FALSE,,,,
3414,,9,54,1,1/17/2024,コンプレッサー故障の対応,0,,FALSE,,,,
3415,2559,9,54,1,1/17/2024,コンプレッサー故障の対応,0,,FALSE,"O ring cao su bi hong, may dung",,,
3416,1640,9,52,4.5,1/17/2024,,0,,FALSE,,,,
3417,1640,21,50,0.25,1/18/2024,,0,,FALSE,,,,
3418,2543,21,12,3,1/18/2024,,0,,FALSE,,,,
3419,2552,21,11,1,1/18/2024,未完了,0,,FALSE,,,,
3420,2542,21,13,2.75,1/18/2024,,0,,FALSE,,,,
3421,2558,9,14,1.5,1/18/2024,横タップ加工,0,,FALSE,,,,
3422,2544,9,13,3,1/18/2024,,0,,FALSE,,,,
3423,2542,9,13,1,1/18/2024,,0,,FALSE,,,,
3424,2560,9,40,2.5,1/18/2024,,0,,FALSE,,,,
3425,2561,9,40,0.5,1/18/2024,修理,0,,FALSE,,,,
3426,2535,9,10,2.75,1/18/2024,,0,,FALSE,,,,
3427,2562,9,10,3,1/19/2024,,0,,FALSE,,,,
3428,2566,9,41,1,1/19/2024,,0,,FALSE,,,,
3429,2567,9,20,1.75,1/19/2024,,0,,FALSE,,,,
3430,1640,21,50,0.25,1/19/2024,,0,,FALSE,,,,
3431,2552,21,11,3.5,1/19/2024,,0,,FALSE,,,,
3433,2569,21,13,3.25,1/19/2024,,0,,FALSE,,,,
3434,1640,9,52,4.75,1/19/2024,,0,,FALSE,,,,
3435,1640,21,50,0.25,1/22/2024,,0,,FALSE,,,,
3436,2567,21,21,1.5,1/22/2024,,0,,FALSE,,,,
3437,2550,9,14,0.5,1/22/2024,横タップ加工,0,,FALSE,,,,
3438,1868,9,42,0.5,1/22/2024,バックタップ追加工,0,,FALSE,,,,
3439,2567,21,22,0.25,1/22/2024,,0,,FALSE,,,,
3440,2535,21,11,3.5,1/22/2024,,0,,FALSE,,,,
3441,2535,21,13,1.5,1/22/2024,,0,,FALSE,,,,
3442,2535,9,12,2.5,1/22/2024,,0,,FALSE,,,,
3443,2536,9,13,1,1/22/2024,,0,,FALSE,,,,
3444,2573,9,20,1.5,1/22/2024,,0,,FALSE,,,,
3445,2569,9,13,0.5,1/22/2024,べニアカット・穴あけ,0,,FALSE,,,,
3446,1640,9,50,1.5,1/22/2024,,0,,FALSE,,,,
3447,1640,21,50,0.25,1/23/2024,,0,,FALSE,,,,
3448,2562,21,11,2,1/23/2024,,0,,FALSE,,,,
3450,2562,21,12,1.25,1/23/2024,,0,,FALSE,,,,
3451,2552,21,12,1.5,1/23/2024,,0,,FALSE,,,,
3452,2553,21,13,2,1/23/2024,,0,,FALSE,,,,
3453,2562,9,12,0.5,1/23/2024,,0,,FALSE,,,,
3454,2575,9,10,3,1/23/2024,,0,,FALSE,,,,
3455,1640,9,52,5,1/23/2024,,0,,FALSE,,,,
3456,2563,9,13,2.5,1/23/2024,,0,,FALSE,,,,
3457,2553,9,13,0.5,1/23/2024,,0,,FALSE,,,,
3458,2568,9,23,0.5,1/23/2024,,0,,FALSE,,,,
3459,2556,9,10,3,1/24/2024,,0,,FALSE,,,,
3460,1640,21,50,0.25,1/24/2024,,0,,FALSE,,,,
3461,2573,21,21,0.5,1/24/2024,,0,,FALSE,,,,
3462,2573,21,22,1,1/24/2024,,0,,FALSE,,,,
3463,2562,21,12,0.5,1/24/2024,金型ミガキ整理,0,,FALSE,,,,
3464,2575,21,11,2.5,1/24/2024,完了,0,,FALSE,ネル貼り,,,
3465,2575,21,12,1.75,1/24/2024,,0,,FALSE,,,,
3467,2574,21,23,0.5,1/24/2024,,0,,FALSE,,,,
3468,2577,9,10,2.5,1/24/2024,,0,,FALSE,,,,
3469,1640,9,888,0.5,1/24/2024,圧空ベースタップ追加工,0,,FALSE,,,,
3470,1640,9,888,0.75,1/24/2024,ベニヤ板取りに行く,0,,FALSE,,,,
3471,1640,9,52,3.25,1/24/2024,,0,,FALSE,,,,
3472,2575,21,11,2,1/25/2024,,0,,FALSE,,,,
3473,2575,21,12,1,1/25/2024,,0,,FALSE,,,,
3474,2556,21,11,1.75,1/25/2024,,0,,FALSE,,,,
3475,2556,21,12,2,1/25/2024,,0,,FALSE,,,,
3476,1640,21,50,0.25,1/25/2024,,0,,FALSE,,,,
3477,2410,9,40,2.5,1/25/2024,,0,,FALSE,,,,
3478,,21,40,2.5,1/25/2024,,0,,FALSE,,,,
3480,2208,9,43,0.5,1/25/2024,PP板カット,0,,FALSE,,,,
3481,2581,9,40,2.5,1/25/2024,,0,,FALSE,,,,
3482,2537,9,888,0.75,1/25/2024,砂ショット,0,,FALSE,,,,
3484,2276,9,50,2,1/25/2024,金型整理 [YSM　シリーズ],0,,FALSE,,,,
3485,1640,9,52,1,1/25/2024,,0,,FALSE,,,,
3486,1640,21,50,0.5,1/26/2024,,0,,FALSE,,,,
3488,2577,21,11,2,1/26/2024,,0,,FALSE,,,,
3489,2577,21,12,1.5,1/26/2024,,0,,FALSE,,,,
3490,2578,21,13,3,1/26/2024,,0,,FALSE,,,,
3491,2570,9,10,4,1/26/2024,,0,,FALSE,,,,
3492,1640,9,888,2,1/26/2024,べニアカット・6号機用サーブ木板製作,0,,FALSE,,,,
3493,1640,9,52,2,1/26/2024,粉砕機のフレコン付き方改善,0,,FALSE,,,,
3494,2583,9,40,3.5,1/27/2024,,0,,FALSE,,,,
3495,2584,9,11,1,1/27/2024,,0,,FALSE,,,,
3496,1640,9,52,3.5,1/27/2024,粉砕機のフレコン取付方の改善,0,,FALSE,,,,
3497,1640,21,50,0.5,1/29/2024,,0,,FALSE,,,,
3498,2585,21,560,6.5,1/29/2024,680 ショット、　220x6=1320 エア-　と梱包,0,,FALSE,,,,
3499,1640,9,50,3,1/29/2024,金型穴あけ用タンクの掃除油交換、FHJ-001用抜きカッタ梱包,0,,FALSE,,,,
3500,1640,9,52,5.75,1/29/2024,粉砕・粉砕機のフレコン取付方改善　「バンドで締める式→差し込む式」,0,,FALSE,,,,
3502,2585,21,560,4.5,1/30/2024,673ショット　エアーと梱包,0,,FALSE,,,,
3503,2571,21,13,2,1/30/2024,,0,,FALSE,,,,
3504,1640,21,50,0.5,1/30/2024,,0,,FALSE,,,,
3505,1640,9,888,1,1/30/2024,金型返却の探し、梱包　[HIN-001],0,,FALSE,,,,
3506,1640,9,888,1.5,1/30/2024,金型廃棄：　SJI-013、SJI-014、SJI-015、SJI-016,0,,FALSE,,,,
3507,1640,9,43,2,1/30/2024,PP板カット　[YCM-066],0,,FALSE,,,,
3508,1640,9,52,3.5,1/30/2024,粉砕・5S・エアー漏れたハイカプラの交換,0,,FALSE,,,,
3509,2585,21,560,5.5,1/31/2024,898ショット　エアーと梱包,0,,FALSE,,,,
3510,2571,21,13,1,1/31/2024,,0,,FALSE,,,,
3511,1640,21,50,0.5,1/31/2024,,0,,FALSE,,,,
3512,2586,9,43,1,1/31/2024,,0,,FALSE,,,,
3513,2220,9,43,1.75,1/31/2024,,0,,FALSE,,,,
3514,2232,9,888,3.25,1/31/2024,CNC用バッテリー交換、定期点検・オイルクーラ　冷却の交換・フィルタの掃除,0,,FALSE,,,,
3515,1640,9,888,1,1/31/2024,データー処理・改善提案書,0,,FALSE,,,,
3516,1640,9,52,3,1/31/2024,,0,,FALSE,,,,
3517,2570,9,11,4.5,2/1/2024,,0,,FALSE,,,,
3518,2571,21,13,3,2/1/2024,,0,,FALSE,,,,
3519,1640,21,50,0.5,2/1/2024,,0,,FALSE,,,,
3521,2570,21,12,3.5,2/1/2024,,0,,FALSE,,,,
3522,2570,9,12,0.75,2/1/2024,,0,,FALSE,,,,
3523,2587,9,14,1.5,2/1/2024,,0,,FALSE,,,,
3524,2588,9,14,2,2/1/2024,,0,,FALSE,,,,
3525,1640,9,50,0.25,2/1/2024,,0,,FALSE,,,,
3528,2547,9,50,2,2/2/2024,,0,,FALSE,,,,
3529,1640,9,52,0.5,2/2/2024,片付け,0,,FALSE,,,,
3530,2588,9,14,7.75,2/2/2024,,0,,FALSE,,,,
3531,2589,9,15,1,2/5/2024,機械にセット,0,,FALSE,,,,
3533,2588,9,888,2,2/5/2024,仕上げ・梱包,0,,FALSE,,,,
3534,1640,9,888,1.5,2/5/2024,Rゲージのさび取、ミガキ,0,,FALSE,,,,
3536,2232,9,54,4.5,2/5/2024,切削油交換・タンクの掃除,0,,FALSE,,,,
3537,,9,40,3,2/6/2024,,0,,FALSE,,,,
3538,2589,9,10,2.5,2/6/2024,,0,,FALSE,,,,
3539,,9,40,3,2/6/2024,,0,,FALSE,,,,
3540,2590,9,40,3.25,2/6/2024,,0,,FALSE,,,,
3541,1640,9,52,1.5,2/6/2024,,0,,FALSE,,,,
3542,1640,9,50,0.75,2/6/2024,５S・テフロン加工出し「JAE-314」,0,,FALSE,,,,
3544,,9,40,3.5,2/7/2024,,0,,FALSE,,,,
3545,2592,9,40,3.5,2/7/2024,,0,,FALSE,,,,
3546,2276,9,730,5,2/7/2024,"金型を調べてデータを処理します。　設備貸出書の作成[JAE-310,311,312]",0,,FALSE,,,,
3547,1640,21,630,6.5,2/8/2024,"エアー　NSC-001: 500pcs, 0161-6: 170pcs",0,,FALSE,,,,
3548,1640,21,50,0.5,2/8/2024,,0,,FALSE,,,,
3549,2594,9,13,0.5,2/8/2024,ネル追貼り,0,,FALSE,,,,
3550,2556,9,10,2,2/8/2024,追加工・ミガキ　,0,,FALSE,"Phay mat 1mm, ranh 0.7mm",,,
3551,1640,9,52,5,2/8/2024,,0,,FALSE,,,,
3553,1640,9,50,1,2/8/2024,,0,,FALSE,"Sua frame Al, sua day mat may dap",,,
3555,1640,21,50,0.25,2/9/2024,,0,,FALSE,,,,
3556,1640,21,630,6.75,2/9/2024,フイルム貼り150ｐｃｓ、052-0ふき50ｐｃｓ、061-6バリ取り170ｐｃｓ、JAE-005チェック250ｐｃｓ、JAE-004チェック250ｐｃｓ,0,,FALSE,,,,
3557,2595,9,10,2.5,2/9/2024,,0,,FALSE,,,,
3558,1640,9,51,1,2/9/2024,NFC-001カッターの梱包,0,,FALSE,,,,
3559,1640,9,52,4.5,2/9/2024,,0,,FALSE,,,,
3560,2595,9,10,1.5,2/13/2024,,0,,FALSE,,,,
3561,1640,21,50,0.25,2/13/2024,,0,,FALSE,,,,
3562,1640,21,630,6.75,2/13/2024,"検査と梱包DIC-004：13ⅹ110pcs, 8-127-4: 250pcs",0,,FALSE,,,,
3563,,9,40,2.75,2/13/2024,,0,,FALSE,,,,
3564,,9,40,3.5,2/13/2024,,0,,FALSE,,,,
3565,1903,9,40,2,2/13/2024,,0,,FALSE,,,,
3566,2600,9,40,2.75,2/13/2024,,0,,FALSE,,,,
3567,2601,9,40,3.5,2/13/2024,,0,,FALSE,,,,
3568,1640,9,50,0.25,2/13/2024,,0,,FALSE,,,,
3569,1640,21,630,6.75,2/14/2024,エアー8-912161-5：13x220ｐｃｓ,0,,FALSE,,,,
3570,1640,21,50,0.25,2/14/2024,,0,,FALSE,,,,
3571,2598,9,10,3,2/14/2024,,0,,FALSE,,,,
3572,2602,9,10,3.5,2/14/2024,金型・プラグのカット・タップ追加工,0,,FALSE,,,,
3573,2031,9,888,2,2/14/2024,健康診断,0,,FALSE,,,,
3574,1640,9,50,1,2/14/2024,5S・金型出し「RKK-001」,0,,FALSE,,,,
3575,1640,21,50,0.25,2/15/2024,,0,,FALSE,,,,
3576,1640,21,630,6.75,2/15/2024,エアー：8-912161-5　15箱ⅹ220ｐｃｓ,0,,FALSE,,,,
3577,2595,9,11,2.5,2/15/2024,,0,,FALSE,,,,
3578,2595,9,12,2.5,2/15/2024,,0,,FALSE,,,,
3579,2596,9,13,3,2/15/2024,,0,,FALSE,,,,
3580,2276,9,50,1.75,2/15/2024,金型調べてデータの記入,0,,FALSE,,,,
3581,1640,9,51,0.25,2/15/2024,抜き型梱包「1-912160-4」,0,,FALSE,,,,
3582,2597,9,10,3,2/16/2024,,0,,FALSE,,,,
3583,1640,21,50,0.25,2/16/2024,,0,,FALSE,,,,
3584,1640,21,630,6.25,2/16/2024,検査及び梱包8-912127-4：11ｘ150ｐｃｓ,0,,FALSE,,,,
3585,2598,9,11,2,2/16/2024,,0,,FALSE,,,,
3586,1640,9,730,0.5,2/16/2024,ADV-037金型撮影,0,,FALSE,,,,
3587,2595,9,12,0.5,2/16/2024,,0,,FALSE,,,,
3588,2602,9,888,1,2/16/2024,プラグ、ベース穴あけ、タップ追加工,0,,FALSE,,,,
3589,1640,9,50,1,2/16/2024,,0,,FALSE,,,,
3590,2603,9,13,3,2/17/2024,,0,,FALSE,,,,
3591,2598,9,12,2.5,2/17/2024,,0,,FALSE,,,,
3592,2597,9,11,1,2/17/2024,,0,,FALSE,,,,
3593,2597,9,12,1.25,2/17/2024,,0,,FALSE,,,,
3594,1640,9,50,0.25,2/17/2024,,0,,FALSE,,,,
3595,2608,9,10,2.5,2/19/2024,,0,,FALSE,,,,
3596,1640,21,50,0.5,2/19/2024,,0,,FALSE,,,,
3597,2253,21,13,2,2/19/2024,,0,,FALSE,,,,
3598,2606,21,23,1.5,2/19/2024,,0,,FALSE,,,,
3599,2607,9,40,3.5,2/20/2024,,0,,FALSE,,,,
3600,2599,9,20,1,2/19/2024,,0,,FALSE,,,,
3601,2609,9,10,1.5,2/19/2024,,0,,FALSE,,,,
3602,,9,40,3.5,2/19/2024,,0,,FALSE,,,,
3603,2610,9,40,3,2/19/2024,,0,,FALSE,,,,
3604,1640,9,50,0.5,2/19/2024,梱包「MZT-131」、テフロン出し[JAE-311],0,,FALSE,,,,
3605,1640,21,50,0.5,2/20/2024,,0,,FALSE,,,,
3606,2609,9,10,2,2/20/2024,,0,,FALSE,,,,
3607,2599,21,21,1,2/20/2024,,0,,FALSE,,,,
3608,2599,21,22,0.75,2/20/2024,,0,,FALSE,,,,
3609,2608,21,11,2,2/20/2024,,0,,FALSE,,,,
3610,2608,21,12,1.5,2/20/2024,,0,,FALSE,,,,
3611,2611,21,13,1.25,2/20/2024,,0,,FALSE,,,,
3612,2612,9,14,2.5,2/20/2024,,0,,FALSE,,,,
3613,1640,21,50,0.5,2/21/2024,,0,,FALSE,,,,
3614,2611,21,13,1.5,2/21/2024,,0,,FALSE,,,,
3615,2613,21,13,1,2/21/2024,,0,,FALSE,,,,
3616,2608,21,12,1,2/21/2024,,0,,FALSE,,,,
3617,2612,9,14,1,2/21/2024,,0,,FALSE,,,,
3618,2276,9,50,9,2/21/2024,金型室のコンプレッサー場所を掃除して、スタキング用の棚を作成して片付けます。,0,,FALSE,,,,
3619,1640,21,888,6.5,2/22/2024,金型置場の整理サポート,0,,FALSE,,,,
3620,1640,21,50,0.5,2/22/2024,,0,,FALSE,,,,
3621,2614,9,42,1.5,2/22/2024,水冷ベースのタップ・ザグリ追加工,0,,FALSE,,,,
3622,1640,9,730,2,2/22/2024,金型写真「SMK-110」・金型破壊「SMK-198、　SMK-202」・テフロン出し「JAE-299」,0,,FALSE,,,,
3623,2276,9,50,6.75,2/22/2024,金型整理,0,,FALSE,,,,
3624,1640,21,50,0.5,2/26/2024,,0,,FALSE,,,,
3625,1640,21,888,2,2/26/2024,メモ帳作る,0,,FALSE,,,,
3626,1640,21,888,3,2/26/2024,見積書作成,0,,FALSE,,,,
3627,2609,21,11,1.5,2/26/2024,,0,,FALSE,,,,
3628,2615,9,13,4,2/26/2024,,0,,FALSE,,,,
3629,2609,9,11,2,2/26/2024,,0,,FALSE,,,,
3630,1640,9,52,1.5,2/26/2024,,0,,FALSE,,,,
3631,2609,9,12,2.5,2/26/2024,,0,,FALSE,,,,
3632,1640,21,50,0.5,2/27/2024,,0,,FALSE,,,,
3633,1640,21,888,6.5,2/27/2024,メール対応、見積書作成、サンプルの出荷対応,0,,FALSE,,,,
3634,2558,9,10,2,2/28/2024,長穴加工・梱包,0,,FALSE,,,,
3635,1640,9,52,1.5,2/28/2024,,0,,FALSE,,,,
3637,2276,9,730,4.5,2/28/2024,金型写真「RYK-005]・返却金型の写真、梱包「DIC-003B、T、 DIC-008、SPJ-048B、T、ADY-055」,0,,FALSE,,,,
3638,1640,21,50,0.5,2/28/2024,,0,,FALSE,,,,
3639,1640,21,888,6.5,2/28/2024,見積書作成及び送信、サンプルの出荷手配、,0,,FALSE,,,,
3640,,9,20,1.5,2/29/2024,,0,,FALSE,,,,
3641,1640,21,50,0.5,2/29/2024,,0,,FALSE,,,,
3643,1640,21,888,2.5,2/29/2024,健康診断,0,,FALSE,,,,
3644,2616,21,21,0.25,2/29/2024,,0,,FALSE,,,,
3645,2616,21,22,0.5,2/29/2024,,0,,FALSE,,,,
3646,1640,21,888,3.25,2/29/2024,H-010-1/A-028-1規格トレイの見積書作成、サンプルの出荷手配、メール対応,0,,FALSE,,,,
3647,2616,9,20,1.5,2/29/2024,,0,,FALSE,,,,
3648,2618,9,10,3,2/29/2024,,0,,FALSE,,,,
3649,1640,9,52,3.75,2/29/2024,,0,,FALSE,,,,
3650,1640,9,888,0.5,2/29/2024,A　タイプ　圧空ベースの掃除,0,,FALSE,,,,
3651,1640,21,888,3,3/1/2024,日報整理及び保管,0,,FALSE,,,,
3652,1640,21,888,1,3/1/2024,事務で見積書作成、送信、出荷手配、,0,,FALSE,,,,
3653,1640,21,888,2,3/1/2024,検査、検査写真撮影、検査結果報告,0,,FALSE,,,,
3654,2618,9,10,1,3/1/2024,,0,,FALSE,,,,
3655,2208,9,43,2,3/1/2024,PP板カット・ガバリ製作,0,,FALSE,,,,
3656,1640,9,888,2,3/1/2024,6号機用　Mounting Plateと圧空ベースの合わせてザグリ、穴あけ,0,,FALSE,,,,
3657,1640,9,52,4,3/1/2024,粉砕・梱包「DIC-147テフロン出し」,0,,FALSE,,,,
3658,2617,9,23,0.5,3/2/2024,,0,,FALSE,,,,
3659,1640,9,730,2,3/2/2024,金型廃棄対応,0,,FALSE,,,,
3660,2276,9,50,4.25,3/2/2024,金型整理,0,,FALSE,,,,
3661,1640,9,888,1,3/2/2024,青森工場の人と粉砕機をバラしてローラー部分の調整方や粉砕方を打ち合わせました。,0,,FALSE,,,,
3662,1640,9,52,1.5,3/2/2024,,0,,FALSE,,,,
3663,1640,21,50,0.5,3/4/2024,,0,,FALSE,,,,
3664,1640,21,888,1,3/4/2024,見積書作成、サンプルの出荷手配、,0,,FALSE,,,,
3666,1640,21,888,5.5,3/4/2024,7-127-8R；7-127-7Rトレイサイズ測定,0,,FALSE,,,,
3667,2624,9,10,4,3/4/2024,,0,,FALSE,,,,
3668,2621,9,10,4,3/4/2024,,0,,FALSE,,,,
3669,1640,9,888,0.5,3/4/2024,圧空ベースタップ追加工,0,,FALSE,,,,
3670,1640,9,52,0.5,3/4/2024,,0,,FALSE,,,,
3671,1640,9,888,2,3/4/2024,金型破壊１１点の写真,0,,FALSE,,,,
3672,2618,9,11,4,3/5/2024,,0,,FALSE,,,,
3673,2618,9,12,3,3/5/2024,,0,,FALSE,,,,
3674,2619,9,13,1.5,3/5/2024,,0,,FALSE,,,,
3675,1640,9,50,0.5,3/5/2024,,0,,FALSE,,,,
3676,1640,21,50,0.5,3/5/2024,,0,,FALSE,,,,
3677,1640,21,250,2.75,3/5/2024,7-127-7トレイの寸法の検査,0,,FALSE,,,,
3678,2629,9,20,1.5,3/6/2024,,0,,FALSE,,,,
3679,2626,9,10,3.5,3/6/2024,,0,,FALSE,,,,
3680,1640,21,50,0.5,3/6/2024,,0,,FALSE,,,,
3681,1640,21,888,3.25,3/6/2024,見積書作成、サンプルの出荷手配.,0,,FALSE,,,,
3682,1640,21,888,2,3/6/2024,検査写真撮影,0,,FALSE,,,,
3683,2609,21,11,1.25,3/6/2024,,0,,FALSE,,,,
3684,2619,9,13,3,3/6/2024,,0,,FALSE,,,,
3686,2276,9,888,4,3/6/2024,金型の棚卸し・TH-010金型の探し,0,,FALSE,,,,
3687,2635,9,10,3.5,3/7/2024,,0,,FALSE,,,,
3688,2631,9,20,1.5,3/8/2024,,0,,FALSE,,,,
3689,2621,9,11,2,3/7/2024,,0,,FALSE,,,,
3690,1640,9,888,1,3/7/2024,TH-010金型出し・写真撮影,0,,FALSE,,,,
3691,1640,9,52,4,3/7/2024,,0,,FALSE,,,,
3692,2624,9,11,2.75,3/8/2024,,0,,FALSE,,,,
3693,2621,9,12,2.75,3/8/2024,,0,,FALSE,,,,
3694,2622,9,13,3,3/8/2024,,0,,FALSE,,,,
3695,1640,21,50,0.5,3/11/2024,,0,,FALSE,,,,
3696,2631,21,21,0.25,3/11/2024,,0,,FALSE,,,,
3697,2631,21,22,0.5,3/11/2024,,0,,FALSE,,,,
3698,2629,21,21,0.25,3/11/2024,,0,,FALSE,,,,
3699,2629,21,22,0.5,3/11/2024,,0,,FALSE,,,,
3700,2625,21,13,1,3/11/2024,,0,,FALSE,,,,
3701,2627,21,13,2,3/11/2024,,0,,FALSE,,,,
3702,2630,21,23,1,3/11/2024,,0,,FALSE,,,,
3703,2632,21,23,1,3/11/2024,,0,,FALSE,,,,
3704,2626,9,11,2.5,3/11/2024,,0,,FALSE,,,,
3705,2626,9,12,3,3/11/2024,,0,,FALSE,,,,
3706,2627,9,13,1,3/11/2024,,0,,FALSE,,,,
3707,2640,9,10,3,3/11/2024,,0,,FALSE,,,,
3708,1640,9,52,0.75,3/11/2024,粉砕・5S,0,,FALSE,,,,
3709,2635,21,11,3.5,3/12/2024,,0,,FALSE,,,,
3710,1640,21,250,2,3/12/2024,見積書作成、メール対応,0,,FALSE,,,,
3711,2625,9,13,1.5,3/12/2024,,0,,FALSE,,,,
3712,2638,9,10,2.75,3/12/2024,,0,,FALSE,,,,
3713,2644,9,42,0.75,3/12/2024,プラグ・圧空ベースタップ追加工,0,,FALSE,,,,
3715,2276,9,53,3,3/12/2024,THシリーズ１７点の金型破壊対応,0,,FALSE,,,,
3717,1640,9,52,2.5,3/12/2024,粉砕・5S,0,,FALSE,,,,
3718,1640,21,50,0.5,3/13/2024,,0,,FALSE,,,,
3719,2635,21,11,1,3/13/2024,,0,,FALSE,,,,
3720,2636,21,13,3,3/13/2024,,0,,FALSE,,,,
3721,1640,21,250,2.5,3/13/2024,出荷手配、検査写真撮影、日報整理,0,,FALSE,,,,
3722,2633,9,10,3,3/13/2024,,0,,FALSE,,,,
3723,,9,40,2.75,3/13/2024,,0,,FALSE,,,,
3724,1640,9,52,1,3/13/2024,,0,,FALSE,,,,
3725,2645,9,40,2.75,3/13/2024,,0,,FALSE,,,,
3726,2635,9,12,2.25,3/13/2024,,0,,FALSE,,,,
3727,1640,21,50,0.5,3/14/2024,,0,,FALSE,,,,
3728,2635,21,12,1,3/14/2024,,0,,FALSE,,,,
3729,2636,21,13,0.5,3/14/2024,,0,,FALSE,,,,
3730,2640,21,11,2,3/14/2024,,0,,FALSE,,,,
3731,1640,21,250,3,3/14/2024,見積書作成、サンプルの出荷手配,0,,FALSE,,,,
3732,1640,9,888,4,3/14/2024,トレイの重量調査,0,,FALSE,,,,
3733,2276,9,730,0.75,3/14/2024,TCS-001金型出し,0,,FALSE,,,,
3734,2640,9,12,2,3/14/2024,,0,,FALSE,,,,
3735,1640,9,52,2.5,3/14/2024,,0,,FALSE,,,,
3737,2638,21,11,3.5,3/15/2024,,0,,FALSE,,,,
3738,2633,21,11,2,3/15/2024,,0,,FALSE,,,,
3739,1640,21,50,0.25,3/15/2024,,0,,FALSE,,,,
3740,1640,21,250,1.25,3/15/2024,,0,,FALSE,,,,
3741,2234,9,54,1,3/15/2024,バッテリー交換,0,,FALSE,,,,
3742,1640,9,888,0.5,3/15/2024,プラグ・圧空ベースの穴、タップ追加工,0,,FALSE,,,,
3743,1640,9,888,2,3/15/2024,トレイの重量調査完了,0,,FALSE,,,,
3744,2646,9,10,3,3/15/2024,,0,,FALSE,,,,
3745,2640,9,12,1,3/15/2024,,0,,FALSE,,,,
3746,2648,9,888,1,3/15/2024,金型清掃,0,,FALSE,,,,
3747,2633,9,11,0.75,3/15/2024,,0,,FALSE,,,,
3748,2646,9,10,1,3/18/2024,,0,,FALSE,,,,
3749,2646,21,11,2,3/18/2024,,0,,FALSE,,,,
3750,2646,9,11,1,3/18/2024,,0,,FALSE,,,,
3751,2633,21,12,2,3/18/2024,,0,,FALSE,,,,
3752,2634,21,13,0.5,3/18/2024,,0,,FALSE,,,,
3753,2639,9,13,2.75,3/18/2024,,0,,FALSE,,,,
3754,2634,9,13,2,3/18/2024,,0,,FALSE,,,,
3755,1640,9,52,1.25,3/18/2024,,0,,FALSE,,,,
3756,1640,21,250,2,3/18/2024,,0,,FALSE,,,,
3757,1640,21,50,0.5,3/18/2024,,0,,FALSE,,,,
3758,2650,9,41,1,3/19/2024,,0,,FALSE,,,,
3759,2603,9,41,1,3/19/2024,,0,,FALSE,,,,
3760,1640,9,610,1.5,3/19/2024,,0,,FALSE,,,,
3761,2641,21,13,2.5,3/19/2024,,0,,FALSE,,,,
3762,1640,21,620,1.5,3/19/2024,,0,,FALSE,,,,
3763,1640,21,250,2.75,3/19/2024,サンプルの出荷手配、メール対応、,0,,FALSE,,,,
3764,1640,21,50,0.25,3/19/2024,,0,,FALSE,,,,
3765,2646,9,12,1.5,3/19/2024,,0,,FALSE,,,,
3766,2276,9,50,2,3/19/2024,,0,,FALSE,,,,
3767,1640,9,52,1,3/19/2024,,0,,FALSE,,,,
3768,2208,9,43,0.75,3/19/2024,PP板カット,0,,FALSE,,,,
3769,1640,21,50,0.25,3/21/2024,,0,,FALSE,,,,
3770,1640,21,250,3.5,3/21/2024,見積書作成、サンプルの出荷手配、,0,,FALSE,,,,
3771,2647,21,13,3.25,3/21/2024,,0,,FALSE,,,,
3772,2638,9,10,2.5,3/21/2024,アンダースタック追加工,0,,FALSE,5°から　７°,,,
3773,2652,9,10,3,3/21/2024,,0,,FALSE,,,,
3774,2654,9,10,2.25,3/21/2024,,0,,FALSE,,,,
3775,2646,9,12,1,3/21/2024,,0,,FALSE,,,,
3776,1640,9,50,0.75,3/21/2024,JAE金型廃棄の対応、5S,0,,FALSE,,,,
3777,1954,9,40,1,3/21/2024,"坂田工場　74D スタキング下板　「ODS-026,　KWE-002]",0,,FALSE,,,,
3778,1640,21,50,0.25,3/22/2024,,0,,FALSE,,,,
3779,1640,21,250,4,3/22/2024,見積書作成、メール対応,0,,FALSE,,,,
3780,2647,21,13,2.25,3/22/2024,,0,,FALSE,,,,
3781,2638,9,12,2,3/22/2024,,0,,FALSE,,,,
3783,2654,9,10,1.5,3/22/2024,,0,,FALSE,,,,
3784,2657,9,888,0.5,3/22/2024,金型掃除,0,,FALSE,,,,
3785,1640,9,52,3.75,3/22/2024,,0,,FALSE,,,,
3786,1640,9,50,0.25,3/22/2024,,0,,FALSE,,,,
3787,2652,9,10,0.5,3/22/2024,アンダースタック・彫刻,0,,FALSE,,,,
3788,1640,21,250,1,3/23/2024,検査写真撮影,0,,FALSE,,,,
3789,2651,21,13,2.5,3/23/2024,,0,,FALSE,,,,
3790,2652,21,11,2.5,3/23/2024,,0,,FALSE,,,,
3791,1640,9,888,8.5,3/23/2024,材料の棚卸し,0,,FALSE,,,,
3792,2652,9,12,2,3/23/2024,,0,,FALSE,,,,
3793,2651,9,13,0.5,3/23/2024,,0,,FALSE,,,,
3794,1640,21,50,0.25,3/25/2024,,0,,FALSE,,,,
3795,1640,21,250,1,3/25/2024,メール対応,0,,FALSE,,,,
3796,2655,21,13,3,3/25/2024,,0,,FALSE,,,,
3797,2654,21,11,2.75,3/25/2024,,0,,FALSE,,,,
3798,2658,9,10,3,3/25/2024,,0,,FALSE,,,,
3799,2660,9,10,2.75,3/25/2024,,0,,FALSE,,,,
3800,2662,9,10,2.5,3/25/2024,,0,,FALSE,,,,
3801,1640,9,52,1.5,3/25/2024,5S・粉砕,0,,FALSE,,,,
3802,2654,9,12,0.5,3/25/2024,,0,,FALSE,,,,
3803,1640,9,888,1,3/26/2024,PP板カット　「青森工場用」,0,,FALSE,,,,
3804,1640,21,50,0.25,3/26/2024,,0,,FALSE,,,,
3805,1640,21,250,5.25,3/26/2024,見積書作成、検査写真撮影,0,,FALSE,,,,
3806,2662,21,11,1.5,3/26/2024,,0,,FALSE,,,,
3807,2654,9,12,1.5,3/26/2024,,0,,FALSE,,,,
3808,2664,9,20,1.5,3/26/2024,,0,,FALSE,,,,
3809,2666,9,20,1.5,3/26/2024,,0,,FALSE,,,,
3810,2662,9,12,1.5,3/26/2024,,0,,FALSE,,,,
3811,1640,9,888,0.5,3/26/2024,金型写真撮影「TH-060],0,,FALSE,,,,
3812,1640,9,50,0.5,3/26/2024,,0,,FALSE,,,,
3813,2668,9,20,1.25,3/27/2024,,0,,FALSE,,,,
3814,,9,40,4.5,3/27/2024,スタキング・木板,0,,FALSE,,,,
3815,2670,9,10,3.25,3/27/2024,,0,,FALSE,,,,
3816,2672,9,40,4,3/27/2024,スタキング・下板,0,,FALSE,,,,
3817,2658,9,11,1.5,3/27/2024,,0,,FALSE,,,,
3819,1640,9,50,0.5,3/27/2024,,0,,FALSE,,,,
3820,2660,9,11,1.5,3/28/2024,,0,,FALSE,,,,
3821,2668,9,20,1,3/28/2024,,0,,FALSE,,,,
3822,1640,9,40,0.75,3/28/2024,スタキングの下板の作成,0,,FALSE,,,,
3823,2664,21,21,0.25,3/28/2024,,0,,FALSE,,,,
3824,2666,21,21,0.25,3/28/2024,,0,,FALSE,,,,
3825,2659,21,13,3,3/28/2024,,0,,FALSE,,,,
3826,2660,21,12,2.5,3/28/2024,,0,,FALSE,,,,
3827,1640,21,250,1,3/28/2024,御見積書作成,0,,FALSE,,,,
3828,2658,9,12,1.5,3/28/2024,,0,,FALSE,,,,
3829,2661,9,13,2.75,3/29/2024,,0,,FALSE,,,,
3830,1640,9,52,3,3/28/2024,,0,,FALSE,,,,
3831,1640,9,50,0.5,3/28/2024,,0,,FALSE,,,,
3832,2668,21,21,0.25,3/29/2024,,0,,FALSE,,,,
3833,2669,21,23,0.25,3/29/2024,,0,,FALSE,,,,
3834,1640,21,250,5.5,3/29/2024,見積書作成、日報整理及び保管,0,,FALSE,,,,
3835,1640,21,50,0.5,3/29/2024,,0,,FALSE,,,,
3836,2668,9,22,0.5,3/29/2024,,0,,FALSE,,,,
3837,2666,9,22,0.5,3/29/2024,,0,,FALSE,,,,
3838,2667,9,23,0.25,3/29/2024,,0,,FALSE,,,,
3839,2664,9,22,0.25,3/29/2024,,0,,FALSE,,,,
3840,2665,9,23,0.25,3/29/2024,,0,,FALSE,,,,
3841,2276,9,53,3.25,3/29/2024,棚卸し,0,,FALSE,,,,
3842,1640,21,50,0.25,4/1/2024,,0,,FALSE,,,,
3843,1640,21,250,3.5,4/1/2024,,0,,FALSE,,,,
3844,2670,21,11,1.25,4/1/2024,,0,,FALSE,,,,
3845,2663,21,13,2,4/1/2024,,0,,FALSE,,,,
3846,1640,9,888,0.5,4/1/2024,MTE-002金型の写真撮影,0,,FALSE,,,,
3847,1640,9,888,0.5,4/1/2024,梱包「1-141-3」,0,,FALSE,,,,
3848,1640,9,52,3,4/1/2024,粉砕・5S,0,,FALSE,,,,
3849,2670,9,11,4.25,4/1/2024,,0,,FALSE,,,,
3850,2670,9,12,2.75,4/1/2024,,0,,FALSE,,,,
3851,2671,9,13,1,4/1/2024,,0,,FALSE,,,,
3852,1640,21,50,0.25,4/2/2024,,0,,FALSE,,,,
3853,1640,21,250,6.75,4/2/2024,検査写真撮影、顧客満足度調査報告書作成、見積書作成、検査表作成,0,,FALSE,,,,
3854,2671,9,13,1.75,4/2/2024,,0,,FALSE,,,,
3855,1640,9,888,0.5,4/2/2024,金型写の真撮影,0,,FALSE,,,,
3856,1640,9,52,2.5,4/2/2024,粉砕・5S,0,,FALSE,,,,
3857,2276,9,888,2.75,4/2/2024,金型データー処理,0,,FALSE,,,,
3858,2205,9,42,0.5,4/2/2024,カッター、フレームの穴あけ,0,,FALSE,,,,
3859,1640,21,50,0.25,4/3/2024,,0,,FALSE,,,,
3860,1640,21,250,6.75,4/3/2024,サンプルの出荷手配、見積書作成、日報整理、,0,,FALSE,,,,
3861,1640,9,52,4,4/3/2024,粉砕・5S,0,,FALSE,,,,
3862,2276,9,50,4.5,4/3/2024,金型棚卸し・データー処理,0,,FALSE,,,,
3863,1640,21,50,0.25,4/4/2024,,0,,FALSE,,,,
3864,1640,21,250,6.75,4/4/2024,調査表作成、見積書作成、サンプルの出荷手配、寸法測定,0,,FALSE,,,,
3865,1640,9,888,2,4/4/2024,アルミ材料の棚卸し,0,,FALSE,,,,
3867,1640,9,888,3,4/4/2024,SSM　４７件　金型の棚卸し・データー処理,0,,FALSE,,,,
3868,1640,9,52,4.75,4/4/2024,粉砕・5S,0,,FALSE,,,,
3869,1640,21,50,0.25,4/5/2024,,0,,FALSE,,,,
3870,1640,21,250,6.75,4/5/2024,検査表作成、,0,,FALSE,,,,
3871,1640,9,50,0.5,4/5/2024,,0,,FALSE,,,,
3872,2673,9,40,3.5,4/5/2024,,0,,FALSE,,,,
3873,2674,9,10,2,4/5/2024,,0,,FALSE,,,,
3874,2675,9,10,2,4/5/2024,,0,,FALSE,,,,
3875,1640,9,52,2,4/5/2024,,0,,FALSE,,,,
3876,1640,21,50,0.5,4/8/2024,,0,,FALSE,,,,
3877,1640,21,250,2,4/8/2024,検査表作成,0,,FALSE,,,,
3878,2674,21,11,2,4/8/2024,,0,,FALSE,,,,
3879,2675,21,11,2.5,4/8/2024,,0,,FALSE,,,,
3880,2674,9,10,1,4/8/2024,,0,,FALSE,,,,
3881,2675,9,10,1,4/8/2024,,0,,FALSE,,,,
3882,1640,9,52,5,4/8/2024,,0,,FALSE,,,,
3883,1640,9,50,1,4/8/2024,,0,,FALSE,,,,
3884,2676,9,13,1,4/8/2024,,0,,FALSE,,,,
3885,1640,21,50,0.5,4/9/2024,,0,,FALSE,,,,
3887,1640,21,250,6.5,4/9/2024,汎用トレイ提案、検査表作成、単価計算勉強,0,,FALSE,,,,
3888,2674,9,12,2,4/9/2024,,0,,FALSE,,,,
3889,2276,9,888,4,4/9/2024,金型の棚卸し・データ処理,0,,FALSE,,,,
3891,1640,9,52,1.5,4/9/2024,,0,,FALSE,,,,
3892,1640,9,50,0.5,4/9/2024,,0,,FALSE,,,,
3893,1640,21,50,0.25,4/10/2024,,0,,FALSE,,,,
3894,1640,21,250,4,4/10/2024,検査写真とる、トレイ価格計算,0,,FALSE,,,,
3895,2677,21,13,1,4/10/2024,,0,,FALSE,,,,
3896,2676,21,13,1.75,4/10/2024,,0,,FALSE,,,,
3897,2678,9,10,3,4/10/2024,,0,,FALSE,,,,
3898,2682,9,10,1.5,4/10/2024,,0,,FALSE,,,,
3899,2680,9,10,1.5,4/10/2024,,0,,FALSE,,,,
3900,2684,9,40,4,4/10/2024,,0,,FALSE,,,,
3901,2684,9,42,0.5,4/10/2024,,0,,FALSE,,,,
3902,1640,9,50,0.25,4/10/2024,,0,,FALSE,,,,
3903,1640,21,50,0.25,4/11/2024,,0,,FALSE,,,,
3904,1640,21,250,6.75,4/11/2024,見積書作成、サンプル手配、書類作成,0,,FALSE,,,,
3905,2680,9,10,1.5,4/11/2024,,0,,FALSE,,,,
3906,2682,9,10,1.5,4/11/2024,,0,,FALSE,,,,
3907,1640,9,52,3,4/11/2024,粉砕・5S,0,,FALSE,,,,
3908,2675,9,12,2,4/11/2024,,0,,FALSE,,,,
3909,2688,9,40,2.5,4/12/2024,,0,,FALSE,,,,
3910,1640,9,50,2,4/12/2024,,0,,FALSE,,,,
3911,1640,9,52,3.5,4/12/2024,,0,,FALSE,,,,
3912,1640,21,50,0.25,4/12/2024,,0,,FALSE,,,,
3913,1640,21,250,6.75,4/12/2024,見積賞作成、検査表作成,0,,FALSE,,,,
3914,2677,9,13,1.5,4/15/2024,,0,,FALSE,,,,
3915,2689,9,10,4,4/15/2024,,0,,FALSE,,,,
3916,2678,9,11,2.5,4/15/2024,,0,,FALSE,,,,
3917,2680,9,11,2,4/15/2024,,0,,FALSE,,,,
3918,1640,9,50,0.5,4/15/2024,5S・廃棄書類出し,0,,FALSE,,,,
3919,2680,9,11,0.5,4/16/2024,,0,,FALSE,,,,
3920,2682,9,11,2,4/16/2024,,0,,FALSE,,,,
3921,2692,9,10,2,4/16/2024,,0,,FALSE,,,,
3922,1640,9,620,1.5,4/16/2024,,0,,FALSE,,,,
3923,1640,9,52,2,4/16/2024,粉砕・5S,0,,FALSE,,,,
3925,2689,9,11,2.5,4/17/2024,,0,,FALSE,,,,
3926,2689,9,12,1.75,4/17/2024,,0,,FALSE,,,,
3927,2690,9,13,3,4/17/2024,,0,,FALSE,,,,
3928,2678,9,12,2.25,4/17/2024,,0,,FALSE,,,,
3929,2680,9,12,1.75,4/17/2024,,0,,FALSE,,,,
3930,1640,9,50,1.5,4/17/2024,,0,,FALSE,ISO対応,,,
3931,2682,9,12,2.5,4/18/2024,,0,,FALSE,,,,
3932,2690,9,13,1,4/18/2024,,0,,FALSE,,,,
3933,2680,9,12,0.5,4/18/2024,,0,,FALSE,,,,
3934,2677,9,41,0.5,4/18/2024,30t 木板,0,,FALSE,,,,
3935,2676,9,41,0.5,4/18/2024,30t 木板,0,,FALSE,,,,
3936,2693,9,10,3,4/19/2024,,0,,FALSE,,,,
3937,2679,9,13,3,4/18/2024,,0,,FALSE,,,,
3938,2681,9,13,3,4/19/2024,,0,,FALSE,,,,
3939,1640,9,52,2,4/18/2024,,0,,FALSE,,,,
3940,2681,9,13,0.5,4/18/2024,,0,,FALSE,,,,
3941,2683,9,13,2.75,4/19/2024,,0,,FALSE,,,,
3942,2276,9,53,1.5,4/19/2024,,0,,FALSE,,,,
3943,1640,9,50,0.25,4/19/2024,,0,,FALSE,,,,
3944,2692,9,11,1,4/20/2024,,0,,FALSE,,,,
3945,2692,9,12,1.5,4/20/2024,,0,,FALSE,,,,
3946,2697,9,13,1.75,4/20/2024,,0,,FALSE,,,,
3947,1640,9,610,1.25,4/20/2024,,0,,FALSE,,,,
3948,1640,9,52,3,4/20/2024,,0,,FALSE,,,,
3949,1640,21,50,0.25,4/22/2024,,0,,FALSE,,,,
3950,1640,21,250,4.75,4/22/2024,見積書作成、メール対応、日報整理,0,,FALSE,,,,
3951,2693,21,11,2,4/22/2024,,0,,FALSE,,,,
3953,1640,9,50,0.5,4/22/2024,,0,,FALSE,,,,
3954,2276,9,53,7.5,4/22/2024,金型整理・表作成,0,,FALSE,,,,
3955,1640,9,50,0.5,4/23/2024,,0,,FALSE,,,,
3956,1640,9,52,2,4/23/2024,,0,,FALSE,,,,
3957,2693,9,12,2.5,4/23/2024,,0,,FALSE,,,,
3958,2276,9,53,3,4/23/2024,,0,,FALSE,,,,
3959,1640,9,50,0.5,4/24/2024,,0,,FALSE,,,,
3960,2276,9,50,4,4/24/2024,データファイル作成・処理,0,,FALSE,,,,
3961,2694,9,13,3,4/24/2024,,0,,FALSE,,,,
3962,2697,9,13,1.5,4/24/2024,プラグの調整,0,,FALSE,,,,
3963,2695,9,20,0.75,4/24/2024,,0,,FALSE,,,,
3964,2695,9,21,0.25,4/24/2024,,0,,FALSE,,,,
3965,2695,9,22,0.5,4/24/2024,,0,,FALSE,,,,
3966,1640,21,50,0.25,4/26/2024,,0,,FALSE,,,,
3967,1640,21,250,6.75,4/26/2024,検査表作成、見積書作成、検査写真撮影、,0,,FALSE,,,,
3968,2698,9,42,3,5/8/2024,穴埋め・梱包　「茨城工場へ」,0,,FALSE,,,,
3969,2699,9,15,2.5,5/8/2024,改造　JAE-304 R4,0,,FALSE,,,,
3970,2700,9,14,2.5,5/8/2024,,0,,FALSE,,,,
3971,1640,9,52,2.25,5/8/2024,粉砕・5S,0,,FALSE,Ghi thieu 0.25H trong nippo,,,
3972,1640,21,50,0.25,5/9/2024,,0,,FALSE,,,,
3973,1640,21,250,6.75,5/9/2024,御見積書作成、サンプルの出荷手配、書類作成,0,,FALSE,,,,
3976,1640,21,50,0.25,5/1/2024,,0,,FALSE,,,,
3977,1640,21,250,6.75,5/1/2024,検査表作成、検査写真撮影、報告書作成、,0,,FALSE,,,,
3978,1640,21,50,0.25,5/2/2024,,0,,FALSE,,,,
3979,1640,21,250,6.75,5/2/2024,検査写真撮影検査報告書作成、,0,,FALSE,,,,
3980,1640,21,50,0.25,5/7/2024,,0,,FALSE,,,,
3981,1640,21,250,6.75,5/7/2024,見積書作成、サンプルの出荷手配、検査報告書作成,0,,FALSE,,,,
3982,1640,21,50,0.25,4/30/2024,,0,,FALSE,,,,
3983,1640,21,250,6.75,5/9/2024,検査写真撮影、検査表作成、見積書作成、,0,,FALSE,,,,
3984,2700,9,14,3,5/9/2024,,0,,FALSE,,,,
3985,2701,9,14,3,5/9/2024,,0,,FALSE,,,,
3986,2702,9,10,2.5,5/9/2024,,0,,FALSE,,,,
3987,1640,9,52,2,5/9/2024,粉砕・5S,0,,FALSE,,,,
3988,1640,21,50,0.25,5/10/2024,,0,,FALSE,,,,
3989,1640,21,250,6.75,5/10/2024,メール対応、検査報告書作成,0,,FALSE,,,,
3990,2703,9,10,2.5,5/10/2024,,0,,FALSE,,,,
3991,2706,9,10,3,5/10/2024,,0,,FALSE,,,,
3992,2708,9,10,2.25,5/10/2024,,0,,FALSE,,,,
3993,1640,9,52,2,5/10/2024,粉砕・5S,0,,FALSE,,,,
3994,2708,9,10,1.5,5/11/2024,,0,,FALSE,,,,
3995,2712,9,13,2.5,5/11/2024,プラグの調整・ネル貼り,0,,FALSE,,,,
3996,2703,9,10,1,5/11/2024,,0,,FALSE,,,,
3997,2710,9,10,3,5/13/2024,,0,,FALSE,,,,
3998,,9,40,3,5/11/2024,,0,,FALSE,,,,
4000,2713,9,40,3,5/11/2024,,0,,FALSE,,,,
4001,1640,9,50,1,5/11/2024,,0,,FALSE,,,,
4002,2714,9,40,0.5,5/13/2024,スタキング修理,0,,FALSE,,,,
4003,2703,9,15,1.5,5/13/2024,再加工,0,,FALSE,,,,
4004,2276,9,53,0.5,5/13/2024,,0,,FALSE,,,,
4005,2702,9,11,1,5/13/2024,,0,,FALSE,,,,
4006,1640,21,50,0.25,5/13/2024,,0,,FALSE,,,,
4007,1640,21,250,6.75,5/13/2024,見積書作成、サンプルの出荷手配、検査報告書作成、日報整理、,0,,FALSE,,,,
4008,1640,9,52,2.5,5/13/2024,粉砕・5S,0,,FALSE,,,,
4009,2715,9,40,4.5,5/14/2024,スタキング・下板,0,,FALSE,,,,
4010,1640,21,50,0.25,5/14/2024,,0,,FALSE,,,,
4011,1640,21,250,6.75,5/14/2024,寸法測定、,0,,FALSE,,,,
4012,2703,9,11,1.5,5/14/2024,,0,,FALSE,,,,
4013,2703,9,12,2,5/14/2024,,0,,FALSE,,,,
4014,2704,9,13,3.5,5/14/2024,,0,,FALSE,,,,
4015,1640,9,50,0.5,5/14/2024,,0,,FALSE,,,,
4016,2721,9,14,5.5,5/15/2024,,0,,FALSE,,,,
4017,2722,9,14,4,5/15/2024,SUS面板穴あけ・アルミベース10tｘ560ｘ70,0,,FALSE,,,,
4018,1640,9,50,0.5,5/15/2024,,0,,FALSE,,,,
4019,2718,9,10,2.5,5/16/2024,,0,,FALSE,,,,
4020,2205,9,42,0.75,5/15/2024,圧空ベース修理,0,,FALSE,,,,
4021,1640,21,50,0.25,5/16/2024,,0,,FALSE,,,,
4022,1640,21,250,6.75,5/16/2024,検査報告書作成、日報整理,0,,FALSE,,,,
4023,2710,9,11,2.5,5/16/2024,,0,,FALSE,,,,
4024,2710,9,12,3,5/17/2024,,0,,FALSE,,,,
4025,2711,9,13,3,5/16/2024,,0,,FALSE,,,,
4027,1640,9,51,0.5,5/16/2024,梱包、５S,0,,FALSE,,,,
4028,2706,9,11,1.5,5/16/2024,,0,,FALSE,,,,
4030,2436,9,54,0.5,5/17/2024,,0,,FALSE,,,,
4031,2725,9,41,0.75,5/22/2024,,0,,FALSE,,,,
4032,2716,9,10,2.75,5/17/2024,,0,,FALSE,,,,
4033,2702,9,12,1.5,5/17/2024,,0,,FALSE,,,,
4034,2706,9,12,2.75,5/17/2024,,0,,FALSE,,,,
4035,2708,9,11,2.5,5/20/2024,,0,,FALSE,,,,
4036,1640,9,50,0.5,5/17/2024,キリコ出し,0,,FALSE,,,,
4037,1640,21,50,0.25,5/20/2024,,0,,FALSE,,,,
4038,1640,21,250,6.75,5/20/2024,DIC-148検査報告書作成,0,,FALSE,,,,
4039,2716,9,10,0.5,5/21/2024,,0,,FALSE,,,,
4040,2708,9,12,3,5/20/2024,,0,,FALSE,,,,
4042,2705,9,13,2,5/20/2024,,0,,FALSE,,,,
4043,2707,9,13,2,5/20/2024,,0,,FALSE,,,,
4044,2709,9,13,2.25,5/20/2024,,0,,FALSE,,,,
4045,1640,9,50,0.25,5/20/2024,,0,,FALSE,,,,
4046,1640,21,50,0.25,5/21/2024,,0,,FALSE,,,,
4047,1640,21,250,6.75,5/21/2024,検査報告書作成、見積書作成,0,,FALSE,,,,
4048,2718,9,11,2.5,5/21/2024,,0,,FALSE,,,,
4049,2726,9,14,3,5/21/2024,,0,,FALSE,,,,
4050,2727,9,20,1.5,5/21/2024,,0,,FALSE,,,,
4051,1640,9,50,0.75,5/21/2024,,0,,FALSE,,,,
4052,2727,9,21,0.5,5/22/2024,,0,,FALSE,,,,
4053,2727,9,22,0.5,5/22/2024,,0,,FALSE,,,,
4054,2718,9,12,3,5/22/2024,,0,,FALSE,,,,
4055,2716,9,11,3,5/22/2024,,0,,FALSE,,,,
4056,1640,9,50,0.25,5/22/2024,,0,,FALSE,,,,
4058,2716,9,12,3.5,5/23/2024,,0,,FALSE,,,,
4059,2717,9,13,4,5/23/2024,,0,,FALSE,,,,
4060,1640,9,50,0.5,5/23/2024,,0,,FALSE,,,,
4061,2729,9,40,3.75,5/24/2024,,0,,FALSE,,,,
4062,2719,9,13,2.5,5/24/2024,,0,,FALSE,,,,
4063,1640,21,50,0.25,5/24/2024,,0,,FALSE,,,,
4064,1640,21,250,6.75,5/24/2024,検査報告書作成、検索写真撮影、御見積書作成,0,,FALSE,,,,
4065,2728,9,23,0.5,5/24/2024,,0,,FALSE,,,,
4066,2276,9,53,1.25,5/24/2024,,0,,FALSE,,,,
4067,1640,21,50,0.15,5/25/2024,,0,,FALSE,,,,
4068,1640,21,250,6.75,5/25/2024,検査報告書作成、日報整理,0,,FALSE,,,,
4069,2276,9,53,8.25,5/25/2024,台湾機部署の片付け・金型整理,0,,FALSE,,,,
4070,1640,9,888,0.25,5/25/2024,トイレ掃除,0,,FALSE,,,,
4071,1640,21,50,0.25,5/27/2024,,0,,FALSE,,,,
4072,1640,21,250,3,5/27/2024,見積書作成、検査報告書作成、,0,,FALSE,,,,
4073,1640,21,888,3.75,5/27/2024,金型部門のサポート,0,,FALSE,,,,
4074,2730,9,15,2.5,5/27/2024,,0,,FALSE,,,,
4075,,9,42,3,5/27/2024,プラグの調整,0,,FALSE,,,,
4076,2733,9,41,1.5,5/27/2024,,0,,FALSE,,,,
4077,2732,9,42,3.5,5/27/2024,プラグの調整,0,,FALSE,,,,
4078,1640,9,50,0.5,5/27/2024,,0,,FALSE,,,,
4079,1640,9,50,0.5,5/28/2024,,0,,FALSE,,,,
4080,2276,9,53,7.5,5/28/2024,,0,,FALSE,,,,
4081,1640,21,50,0.25,5/29/2024,,0,,FALSE,,,,
4082,1640,21,250,6.75,5/29/2024,御見積書作成、検査報告書作成、サンプルの在庫整理,0,,FALSE,,,,
4083,1640,9,50,0.25,5/29/2024,,0,,FALSE,,,,
4084,2276,9,53,8,5/29/2024,YCM、KSP、EXD,0,,FALSE,,,,
4085,1640,21,50,0.25,5/30/2024,,0,,FALSE,,,,
4086,1640,21,250,6.75,5/30/2024,御見積書作成、サンプル出荷手配、サンプル在庫整理,0,,FALSE,,,,
4087,1640,9,50,0.25,5/30/2024,,0,,FALSE,,,,
4088,2276,9,53,7.75,5/30/2024,,0,,FALSE,,,,
4089,2734,9,40,3.5,5/31/2024,,0,,FALSE,,,,
4090,2276,9,53,4.25,5/31/2024,,0,,FALSE,,,,
4091,1640,9,50,0.25,5/31/2024,,0,,FALSE,,,,
4092,1640,21,50,0.25,5/31/2024,,0,,FALSE,,,,
4093,1640,21,250,6.75,5/31/2024,御見積書作成、検査報告書作成、サンプルの在庫確認,0,,FALSE,,,,
4094,1640,21,250,4,6/3/2024,サンプルの出荷手配、寸法検査、検査報告書作成、,0,,FALSE,,,,
4095,2735,9,40,5,6/3/2024,スタキング・中板　H36,0,,FALSE,,,,
4096,2276,9,53,3,6/3/2024,,0,,FALSE,,,,
4097,1640,9,50,0.25,6/3/2024,,0,,FALSE,,,,
4098,2731,9,14,3.5,6/4/2024,,0,,FALSE,,,,
4099,2736,9,10,3.5,6/4/2024,,0,,FALSE,,,,
4100,1640,21,50,0.25,6/4/2024,,0,,FALSE,,,,
4101,1640,21,250,6.75,6/4/2024,寸法検査、検索写真撮影、検査報告書作成、サンプルの出荷手配、,0,,FALSE,,,,
4102,1640,9,51,1,6/4/2024,"[JAE-045, 47, 70, 83, 122]",0,,FALSE,,,,
4103,1640,9,50,0.5,6/4/2024,,0,,FALSE,,,,
4104,1640,21,50,0.25,6/5/2024,,0,,FALSE,,,,
4105,1640,21,250,4.75,6/5/2024,御見積書作成、日報整理、検査報告書作成,0,,FALSE,,,,
4106,2731,9,14,3,6/5/2024,,0,,FALSE,,,,
4108,1640,9,51,0.5,6/5/2024,1-160-4 [茨城工場へ],0,,FALSE,,,,
4109,2276,9,53,4.5,6/5/2024,金型整理「２階」・5S,0,,FALSE,,,,
4110,1640,21,50,0.25,6/6/2024,,0,,FALSE,,,,
4111,1640,21,250,6.75,6/6/2024,検査報告書作成、御見積書作成、出荷手配、,0,,FALSE,,,,
4112,2276,9,53,8,6/6/2024,,0,,FALSE,,,,
4113,1640,9,50,0.25,6/6/2024,,0,,FALSE,,,,
4114,2738,9,14,2,6/7/2024,プログラム作成,0,,FALSE,,,,
4115,2737,9,13,3,6/7/2024,,0,,FALSE,,,,
4116,1640,9,888,3,6/7/2024,5S・ロッカー組立,0,,FALSE,,,,
4117,1640,21,50,0.25,6/7/2024,,0,,FALSE,,,,
4118,1640,21,250,6.75,6/7/2024,寸法検査、検査表作成、,0,,FALSE,,,,
4119,2736,9,10,0.25,6/7/2024,,0,,FALSE,,,,
4120,2736,9,11,3.5,6/8/2024,,0,,FALSE,,,,
4121,2736,9,12,2.25,6/8/2024,,0,,FALSE,,,,
4122,2739,9,10,3,6/10/2024,,0,,FALSE,,,,
4123,2205,9,40,0.5,6/10/2024,スタキング修理,0,,FALSE,,,,
4124,1640,21,50,0.25,6/10/2024,,0,,FALSE,,,,
4125,1640,21,250,6.75,6/10/2024,御見積書作成、検査表作成、トレー置場整理、,0,,FALSE,,,,
4126,2737,9,41,1,6/10/2024,,0,,FALSE,,,,
4127,2276,9,53,3.5,6/10/2024,,0,,FALSE,,,,
4128,1640,21,50,0.25,6/11/2024,,0,,FALSE,,,,
4129,1640,21,250,6.75,6/11/2024,検査表作成、メール対応,0,,FALSE,,,,
4130,2739,9,10,1,6/11/2024,,0,,FALSE,,,,
4131,2738,9,14,3.5,6/11/2024,,0,,FALSE,,,,
4132,1640,9,50,1,6/11/2024,梱包・5S,0,,FALSE,,,,
4133,2276,9,53,2.5,6/11/2024,,0,,FALSE,,,,
4134,2739,9,10,4.5,6/12/2024,表面プログラムで加工ミスの対応,0,,FALSE,,,,
4135,1640,21,50,0.25,6/12/2024,,0,,FALSE,,,,
4136,1640,21,250,6.75,6/12/2024,検索写真撮影、検査報告書作成、見積書作成、日報整理,0,,FALSE,,,,
4137,2741,9,10,2.75,6/12/2024,,0,,FALSE,,,,
4138,1640,9,50,0.75,6/12/2024,,0,,FALSE,,,,
4140,2743,9,10,3,6/13/2024,,0,,FALSE,,,,
4141,2744,9,40,2.75,6/13/2024,,0,,FALSE,,,,
4142,1640,9,888,2,6/13/2024,トレイの重量調査,0,,FALSE,,,,
4143,1640,9,50,0.25,6/13/2024,,0,,FALSE,,,,
4144,1640,21,50,0.25,6/13/2024,,0,,FALSE,,,,
4145,1640,21,250,6.75,6/13/2024,見積書作成、出荷手配、検査報告書作成、ネル貼り,0,,FALSE,,,,
4146,1640,21,50,0.25,6/14/2024,,0,,FALSE,,,,
4147,1640,21,250,6.75,6/14/2024,検査報告書作成、見積書作成、出荷手配、,0,,FALSE,,,,
4148,2739,9,11,2,6/14/2024,,0,,FALSE,,,,
4149,2739,9,12,2.75,6/14/2024,,0,,FALSE,,,,
4150,2740,9,13,2.75,6/14/2024,,0,,FALSE,,,,
4151,2276,9,53,0.5,6/14/2024,金型確認、棚卸し　（KDS),0,,FALSE,,,,
4152,1640,9,50,0.25,6/14/2024,,0,,FALSE,,,,
4153,2745,9,10,1.5,6/14/2024,,0,,FALSE,,,,
4154,1640,21,50,0.25,6/17/2024,,0,,FALSE,,,,
4155,1640,21,250,4.75,6/17/2024,御見積書作成、検査報告書作成,0,,FALSE,,,,
4156,2746,21,13,2,6/17/2024,,0,,FALSE,,,,
4157,2747,9,10,2.5,6/17/2024,,0,,FALSE,,,,
4158,2745,9,10,2.5,6/17/2024,,0,,FALSE,,,,
4159,2741,9,11,2,6/17/2024,,0,,FALSE,,,,
4160,1640,9,50,1,6/17/2024,5S・梱包（9-162-7）,0,,FALSE,,,,
4161,2743,9,11,3.5,6/18/2024,,0,,FALSE,,,,
4162,2747,9,10,1,6/18/2024,,0,,FALSE,,,,
4163,2741,9,12,2.5,6/18/2024,,0,,FALSE,,,,
4164,1640,9,50,0.5,6/18/2024,,0,,FALSE,,,,
4165,2746,9,13,0.5,6/18/2024,,0,,FALSE,,,,
4166,1640,21,50,0.25,6/18/2024,,0,,FALSE,,,,
4167,1640,21,250,4.75,6/18/2024,,0,,FALSE,,,,
4168,2746,21,13,1,6/18/2024,,0,,FALSE,,,,
4169,2743,21,11,1,6/18/2024,,0,,FALSE,,,,
4170,2748,9,10,1,6/19/2024,,0,,FALSE,,,,
4171,2743,9,12,2.5,6/19/2024,,0,,FALSE,,,,
4172,,9,13,2.5,6/19/2024,,0,,FALSE,,,,
4173,1640,9,50,0.5,6/19/2024,,0,,FALSE,,,,
4174,1640,9,888,1.5,6/19/2024,金型確認・写真撮影,0,,FALSE,,,,
4175,2749,9,13,2.5,6/19/2024,,0,,FALSE,,,,
4176,1640,21,50,0.25,6/20/2024,,0,,FALSE,,,,
4177,1640,21,250,6.75,6/20/2024,検索写真撮影、検査報告書作成、日報整理,0,,FALSE,,,,
4178,2748,9,10,2,6/20/2024,,0,,FALSE,,,,
4179,2745,9,11,2.5,6/20/2024,,0,,FALSE,,,,
4180,1640,9,50,0.25,6/20/2024,,0,,FALSE,,,,
4181,1640,9,888,3.25,6/20/2024,パナソニック様のSACTシステム登録の応援,0,,FALSE,,,,
4182,2745,9,11,0.5,6/21/2024,,0,,FALSE,,,,
4183,2745,9,12,3,6/21/2024,,0,,FALSE,,,,
4184,2750,9,13,3,6/21/2024,,0,,FALSE,,,,
4185,1640,21,50,0.25,6/21/2024,,0,,FALSE,,,,
4186,1640,21,250,4.75,6/21/2024,出荷手配、見積書作成、検査表作成、,0,,FALSE,,,,
4187,2747,21,11,2,6/21/2024,,0,,FALSE,,,,
4188,2749,9,13,1,6/21/2024,,0,,FALSE,,,,
4189,1640,9,50,0.5,6/21/2024,,0,,FALSE,,,,
4190,2747,9,12,2.5,6/22/2024,,0,,FALSE,,,,
4191,2751,9,13,2.5,6/22/2024,,0,,FALSE,,,,
4192,1640,21,50,0.25,6/22/2024,,0,,FALSE,,,,
4193,1640,21,250,2.75,6/22/2024,日報整理、検査表作成、,0,,FALSE,,,,
4194,1640,9,42,0.25,6/22/2024,圧空ベースタップ追加工,0,,FALSE,,,,
4195,1640,9,42,2.5,6/22/2024,水冷盤清掃,0,,FALSE,,,,
4196,1640,9,50,0.25,6/22/2024,,0,,FALSE,,,,
4197,1640,21,50,0.25,6/24/2024,,0,,FALSE,,,,
4198,1640,21,250,4.75,6/24/2024,検査表作成、検索写真撮影、,0,,FALSE,,,,
4199,2735,9,40,0.5,6/24/2024,スタキング修理,0,,FALSE,,,,
4200,1640,9,50,0.5,6/24/2024,,0,,FALSE,,,,
4201,2748,9,11,1.5,6/24/2024,,0,,FALSE,,,,
4202,2748,9,12,2.5,6/24/2024,,0,,FALSE,,,,
4203,1640,9,42,3,6/24/2024,水冷盤　Rv53 C6 469x299 タップ修理PT1/4-->PT3/8・清掃,0,,FALSE,,,,
4204,1640,21,50,0.25,6/25/2024,,0,,FALSE,,,,
4205,1640,21,250,6.75,6/25/2024,見積書作成、検査表作成,0,,FALSE,,,,
4206,2742,9,13,2.5,6/25/2024,,0,,FALSE,,,,
4207,2754,9,40,2.25,6/25/2024,,0,,FALSE,,,,
4208,2753,9,40,3,6/25/2024,,0,,FALSE,,,,
4209,1640,9,50,0.25,6/25/2024,,0,,FALSE,,,,
4210,2755,9,20,2,6/26/2024,,0,,FALSE,,,,
4211,1640,21,50,0.25,6/26/2024,,0,,FALSE,,,,
4212,1640,21,250,3,6/26/2024,検査表作成,0,,FALSE,,,,
4213,2756,21,13,1.75,6/26/2024,,0,,FALSE,,,,
4214,2757,9,20,3,6/26/2024,プログラム・アンダーカット試作加工,0,,FALSE,,,,
4215,2276,9,53,2.5,6/26/2024,棚卸し・データ処理,0,,FALSE,,,,
4216,1640,9,50,0.5,6/26/2024,,0,,FALSE,,,,
4217,2756,21,13,3,6/27/2024,,0,,FALSE,,,,
4218,1640,21,50,0.25,6/27/2024,,0,,FALSE,,,,
4219,1640,21,250,1.75,6/27/2024,検索写真撮影、検査表作成,0,,FALSE,,,,
4220,1640,9,50,0.5,6/27/2024,,0,,FALSE,,,,
4221,1640,9,888,3,6/27/2024,トレイ図面の確認、PDF作成,0,,FALSE,,,,
4222,2276,9,53,4.5,6/27/2024,棚卸し・データ処理,0,,FALSE,,,,
4223,2758,9,10,3,6/28/2024,,0,,FALSE,,,,
4224,2276,9,53,4,6/28/2024,,0,,FALSE,,,,
4225,1640,9,50,1,6/28/2024,定期点検・5S,0,,FALSE,,,,
4226,1640,21,50,0.25,6/28/2024,,0,,FALSE,,,,
4227,1640,21,250,6.75,6/28/2024,見積書作成、日報整理,0,,FALSE,,,,
4229,2758,9,10,1,7/1/2024,,0,,FALSE,,,,
4230,1640,9,51,0.5,7/1/2024,JAE CUTTER 270x270,0,,FALSE,,,,
4231,1640,9,50,3.25,7/1/2024,クーラントタンク掃除,0,,FALSE,,,,
4232,1640,21,50,0.25,7/2/2024,,0,,FALSE,,,,
4233,1640,21,250,3.75,7/2/2024,事務引継ぎ,0,,FALSE,,,,
4235,2758,21,11,3,7/2/2024,,0,,FALSE,,,,
4236,2758,9,12,2.5,7/2/2024,,0,,FALSE,,,,
4237,2760,9,13,2.5,7/2/2024,,0,,FALSE,,,,
4239,2235,9,54,2.5,7/2/2024,機内のスライドシャッター点検,0,,FALSE,,,,
4240,1640,9,50,0.5,7/2/2024,,0,,FALSE,,,,
4241,2759,9,23,1,7/3/2024,,0,,FALSE,,,,
4242,2755,9,21,0.5,7/3/2024,,0,,FALSE,,,,
4243,2755,9,22,0.5,7/3/2024,,0,,FALSE,,,,
4244,1640,21,50,0.25,7/3/2024,,0,,FALSE,,,,
4245,1640,21,250,6.75,7/3/2024,事務引継ぎ,0,,FALSE,,,,
4247,2762,9,10,3.5,7/3/2024,,0,,FALSE,,,,
4248,1640,9,50,2.5,7/3/2024,金型梱包・金型廃棄対応・5s,0,,FALSE,,,,
4249,1640,21,50,0.25,7/4/2024,,0,,FALSE,,,,
4250,1640,21,250,3.75,7/4/2024,事務引継ぎ,0,,FALSE,,,,
4251,1640,21,40,3,7/4/2024,,0,,FALSE,,,,
4252,2763,9,20,3,7/4/2024,,0,,FALSE,,,,
4253,2757,9,20,2.5,7/4/2024,,0,,FALSE,,,,
4254,2762,9,10,1,7/4/2024,,0,,FALSE,,,,
4255,1640,9,50,1.5,7/4/2024,,0,,FALSE,,,,
4256,2763,9,21,0.5,7/5/2024,,0,,FALSE,,,,
4257,2763,9,22,0.5,7/5/2024,,0,,FALSE,,,,
4258,2757,9,21,0.5,7/5/2024,,0,,FALSE,,,,
4259,2757,9,22,0.5,7/5/2024,,0,,FALSE,,,,
4260,2768,9,40,3.5,7/5/2024,,0,,FALSE,,,,
4261,2757,9,20,1,7/5/2024,プログラム・アンダーカット試作加工,0,,FALSE,,,,
4262,1640,9,50,1.5,7/5/2024,"梱包(JAE-004, JAE-005)・5S",0,,FALSE,,,,
4263,2764,21,13,3,7/8/2024,,0,,FALSE,,,,
4264,2766,21,23,1,7/8/2024,,0,,FALSE,,,,
4265,1640,21,50,0.25,7/8/2024,,0,,FALSE,,,,
4266,1640,21,250,2.75,7/8/2024,事務引継ぎ,0,,FALSE,,,,
4267,2762,9,11,2.75,7/8/2024,,0,,FALSE,,,,
4268,2762,9,12,3.5,7/8/2024,,0,,FALSE,,,,
4269,2769,9,20,2.5,7/8/2024,,0,,FALSE,,,,
4270,1640,9,50,0.25,7/8/2024,,0,,FALSE,,,,
4271,2767,9,23,1.5,7/9/2024,,0,,FALSE,,,,
4272,2769,9,21,0.75,7/9/2024,,0,,FALSE,,,,
4273,2769,9,22,1.5,7/9/2024,,0,,FALSE,,,,
4274,2772,9,10,3,7/9/2024,,0,,FALSE,,,,
4275,1640,9,50,1.5,7/9/2024,,0,,FALSE,,,,
4276,2772,9,10,1.5,7/10/2024,,0,,FALSE,,,,
4277,1640,21,250,2.5,7/10/2024,,0,,FALSE,,,,
4278,2771,21,13,2,7/10/2024,,0,,FALSE,,,,
4279,2773,21,13,2.5,7/10/2024,,0,,FALSE,,,,
4280,1640,9,50,1.5,7/10/2024,梱包・5S,0,,FALSE,,,,
4282,1640,9,888,2,7/10/2024,金型預かり証作成,0,,FALSE,,,,
4283,2276,9,53,3,7/10/2024,データ処理,0,,FALSE,,,,
4284,2772,21,11,2.5,7/11/2024,,0,,FALSE,,,,
4285,2772,21,12,2,7/11/2024,,0,,FALSE,,,,
4287,1640,21,50,0.25,7/11/2024,,0,,FALSE,,,,
4288,1640,21,630,2.25,7/11/2024,寸法検査,0,,FALSE,,,,
4289,2775,9,10,3,7/11/2024,,0,,FALSE,,,,
4290,2739,9,888,2,7/11/2024,金型改造検討,0,,FALSE,,,,
4291,2776,9,40,3.5,7/11/2024,,0,,FALSE,,,,
4292,1640,9,50,0.25,7/11/2024,,0,,FALSE,,,,
4293,1640,21,40,5,7/12/2024,,0,,FALSE,ADY-062,,,
4294,2772,21,13,1.5,7/12/2024,,0,,FALSE,,,,
4295,1640,21,50,0.5,7/12/2024,,0,,FALSE,,,,
4296,2777,9,10,3.5,7/12/2024,,0,,FALSE,,,,
4297,2778,9,20,2,7/12/2024,,0,,FALSE,,,,
4298,1640,9,888,1,7/12/2024,JAE　設備貸出書用写真,0,,FALSE,,,,
4299,1640,9,888,3.25,7/12/2024,7号機の工具棚製作,0,,FALSE,,,,
4300,1640,21,50,0.25,7/16/2024,,0,,FALSE,,,,
4301,2778,21,21,0.5,7/16/2024,,0,,FALSE,,,,
4302,2777,21,11,2.5,7/16/2024,,0,,FALSE,,,,
4304,1640,21,888,3.75,7/16/2024,設備貸出書作成,0,,FALSE,,,,
4306,2777,9,10,1,7/16/2024,,0,,FALSE,,,,
4307,2775,9,10,2,7/16/2024,,0,,FALSE,,,,
4308,2778,9,20,0.75,7/16/2024,,0,,FALSE,,,,
4309,2779,9,20,2,7/16/2024,,0,,FALSE,,,,
4310,1640,9,888,1.5,7/16/2024,トレイ重量調査,0,,FALSE,,,,
4311,1640,9,50,1.5,7/16/2024,設備貸出書作成・5S,0,,FALSE,,,,
4312,1640,21,50,0.25,7/17/2024,,0,,FALSE,,,,
4313,2777,21,11,2,7/17/2024,,0,,FALSE,,,,
4314,2775,21,11,3.5,7/17/2024,,0,,FALSE,,,,
4315,2781,21,23,1.25,7/17/2024,,0,,FALSE,,,,
4316,1640,9,50,0.25,7/17/2024,,0,,FALSE,,,,
4317,1640,9,888,1,7/17/2024,トレイ重量調査,0,,FALSE,,,,
4318,2779,9,21,0.5,7/17/2024,,0,,FALSE,,,,
4319,2777,9,12,3,7/17/2024,,0,,FALSE,,,,
4320,2235,9,54,3.25,7/17/2024,機内のスライドシャッター外れたの対応、直し,0,,FALSE,,,,
4321,2778,9,22,0.5,7/18/2024,,0,,FALSE,,,,
4322,2780,9,23,0.5,7/18/2024,,0,,FALSE,,,,
4324,2787,9,42,2.5,7/18/2024,プラグ修理,0,,FALSE,,,,
4325,2788,9,888,1,7/18/2024,砂ショット,0,,FALSE,,,,
4326,2789,9,40,2.5,7/18/2024,,0,,FALSE,,,,
4327,1640,9,888,1,7/18/2024,廃棄金型の写真撮影・5S,0,,FALSE,,,,
4328,1640,21,50,0.25,7/18/2024,,0,,FALSE,,,,
4329,2786,21,13,4,7/18/2024,,0,,FALSE,,,,
4330,2775,21,12,2.75,7/18/2024,,0,,FALSE,,,,
4331,2775,9,12,1,7/19/2024,,0,,FALSE,,,,
4332,1640,9,50,1.5,7/19/2024,,0,,FALSE,,,,
4333,2790,9,24,1,7/19/2024,,0,,FALSE,,,,
4334,1640,9,888,4.5,7/19/2024,標準Vプーリ加工の検討・プログラム,0,,FALSE,,,,
4335,1640,21,50,0.25,7/20/2024,,0,,FALSE,,,,
4336,1640,21,40,2.75,7/20/2024,,0,,FALSE,,,,
4337,2790,9,24,3,7/20/2024,改造,0,,FALSE,,,,
4338,1640,9,50,0.5,7/20/2024,,0,,FALSE,,,,
4339,1640,9,888,4.5,7/20/2024,アンダーカットプログラム試作,0,,FALSE,,,,
4340,2790,21,21,0.5,7/22/2024,,0,,FALSE,,,,
4341,2790,21,22,0.5,7/22/2024,,0,,FALSE,,,,
4342,1640,21,50,0.25,7/22/2024,,0,,FALSE,,,,
4343,2791,21,13,3,7/22/2024,,0,,FALSE,,,,
4345,,21,23,0.75,7/22/2024,,0,,FALSE,,,,
4346,2792,21,23,0.75,7/22/2024,,0,,FALSE,,,,
4347,1640,9,50,2.25,7/22/2024,7号機治具ホルダーの作成・5S,0,,FALSE,,,,
4348,2235,9,54,3,7/22/2024,スライドシャッター,0,,FALSE,,,,
4349,1640,9,888,2,7/22/2024,別抜きデータ処理,0,,FALSE,,,,
4350,1640,9,51,0.75,7/22/2024,6-159-6 金型・プラグ・カッタ,0,,FALSE,,,,
4352,2794,9,10,3.5,7/23/2024,,0,,FALSE,,,,
4353,2787,9,42,3,7/23/2024,プラグ修理,0,,FALSE,,,,
4354,1640,9,50,0.25,7/23/2024,,0,,FALSE,,,,
4355,1640,9,888,1.25,7/23/2024,金型写真撮影、抜き型データ処理,0,,FALSE,,,,
4356,,21,40,5,7/24/2024,,0,,FALSE,,,,
4357,2793,9,14,4,7/24/2024,,0,,FALSE,,,,
4358,2797,9,10,3.5,7/24/2024,,0,,FALSE,,,,
4359,1640,9,50,0.5,7/24/2024,5S・梱包,0,,FALSE,,,,
4360,2800,21,40,4,7/24/2024,,0,,FALSE,,,,
4361,1640,21,888,2.5,7/24/2024,規格トレイ在庫確認,0,,FALSE,,,,
4362,1640,21,50,0.5,7/24/2024,,0,,FALSE,,,,
4363,2797,9,10,1.5,7/25/2024,,0,,FALSE,,,,
4364,2793,9,14,1.5,7/25/2024,仕上げ,0,,FALSE,,,,
4365,1640,9,50,3,7/25/2024,6号機隣の金型置場のオイル漏れの清掃、キリコだし,0,,FALSE,,,,
4366,1640,9,888,2,7/25/2024,抜き型データ処理,0,,FALSE,,,,
4367,1640,21,50,0.5,7/25/2024,,0,,FALSE,,,,
4368,,21,40,2.5,7/25/2024,,0,,FALSE,,,,
4369,,21,40,2.5,7/25/2024,,0,,FALSE,,,,
4370,1640,21,40,2.5,7/25/2024,2423252-3,0,,FALSE,,,,
4372,2794,21,11,1.75,7/26/2024,,0,,FALSE,,,,
4373,2798,21,13,5,7/26/2024,,0,,FALSE,,,,
4374,1640,21,50,0.25,7/26/2024,,0,,FALSE,,,,
4375,1640,9,50,1,7/26/2024,,0,,FALSE,,,,
4376,1640,9,42,3,7/26/2024,ADY-082 のサーブ木板製作、DIC-107、DIC-177プラグの穴あけ,0,,FALSE,,,,
4377,2801,9,10,3.5,7/26/2024,,0,,FALSE,,,,
4378,2794,9,11,0.5,7/26/2024,,0,,FALSE,,,,
4379,1640,21,50,0.25,7/29/2024,,0,,FALSE,,,,
4380,1640,21,888,2,7/29/2024,検査表作成,0,,FALSE,,,,
4381,2798,21,13,2,7/29/2024,,0,,FALSE,,,,
4382,2795,21,13,2.75,7/29/2024,,0,,FALSE,,,,
4383,2803,9,10,3,7/29/2024,,0,,FALSE,,,,
4384,1640,9,50,0.5,7/29/2024,,0,,FALSE,,,,
4385,2435,9,54,0.75,7/29/2024,定期点検（1000ｈ）・オイル交換　（ベビコンオイル専用）,0,,FALSE,,,,
4386,1640,9,42,1.5,7/29/2024,プラグ直し,0,,FALSE,,,,
4387,1640,9,41,0.5,7/29/2024,Dタイプ,0,,FALSE,,,,
4388,2797,9,11,2,7/29/2024,,0,,FALSE,,,,
4389,2797,9,12,3,7/31/2024,,0,,FALSE,,,,
4390,1640,21,50,0.25,7/31/2024,,0,,FALSE,,,,
4391,2795,21,13,3,7/31/2024,,0,,FALSE,,,,
4392,2794,21,12,2.75,7/31/2024,,0,,FALSE,,,,
4393,2782,9,10,4.5,7/31/2024,,0,,FALSE,,,,
4394,1640,9,50,0.5,7/31/2024,梱包・5S,0,,FALSE,,,,
4395,2806,9,14,1,7/31/2024,クランプ治具作成,0,,FALSE,,,,
4396,1640,21,50,0.5,8/1/2024,,0,,FALSE,,,,
4397,2801,21,11,2.5,8/1/2024,,0,,FALSE,,,,
4398,2802,21,13,3,8/1/2024,,0,,FALSE,,,,
4399,2795,21,13,1,8/1/2024,,0,,FALSE,,,,
4400,2794,9,12,1,8/1/2024,,0,,FALSE,,,,
4401,1640,9,50,0.5,8/1/2024,,0,,FALSE,,,,
4402,1640,9,53,2,8/1/2024,抜き型データ処理,0,,FALSE,,,,
4403,2806,9,14,5,8/1/2024,試作作成,0,,FALSE,,,,
4404,1640,21,50,0.25,8/2/2024,,0,,FALSE,,,,
4405,2803,21,11,2.5,8/2/2024,,0,,FALSE,,,,
4406,2801,21,12,3,8/2/2024,,0,,FALSE,,,,
4407,2805,21,13,1.25,8/2/2024,,0,,FALSE,,,,
4408,1640,9,50,0.5,8/2/2024,金型確認・5S,0,,FALSE,,,,
4409,1640,9,41,1.5,8/2/2024,,0,,FALSE,,,,
4410,2806,9,14,5.5,8/2/2024,,0,,FALSE,,,,
4411,1640,9,51,0.5,8/2/2024,,0,,FALSE,,,,
4412,2560,9,40,1.5,8/3/2024,,0,,FALSE,,,,
4413,1640,21,50,0.25,8/3/2024,,0,,FALSE,,,,
4414,2785,21,13,5,8/3/2024,,0,,FALSE,,,,
4415,2803,21,12,1.25,8/3/2024,,0,,FALSE,,,,
4416,1640,9,50,2.25,8/3/2024,,0,,FALSE,,,,
4417,2807,9,42,2,8/3/2024,,0,,FALSE,,,,
4418,2276,9,888,2.5,8/3/2024,抜き型整理,0,,FALSE,,,,
4419,1640,21,50,0.25,8/5/2024,,0,,FALSE,,,,
4421,2782,21,11,3.5,8/5/2024,,0,,FALSE,,,,
4422,2782,21,12,3.25,8/5/2024,,0,,FALSE,,,,
4423,2803,9,12,1,8/5/2024,,0,,FALSE,,,,
4424,2805,9,13,1.5,8/5/2024,,0,,FALSE,,,,
4425,1640,9,50,0.25,8/5/2024,,0,,FALSE,,,,
4426,,9,40,2,8/5/2024,,0,,FALSE,,,,
4427,2276,9,888,3.25,8/5/2024,抜き型データ処理,0,,FALSE,,,,
4428,2808,9,40,2,8/5/2024,,0,,FALSE,,,,
4429,1640,21,50,0.5,8/6/2024,,0,,FALSE,,,,
4430,2782,21,12,2,8/6/2024,,0,,FALSE,,,,
4432,2809,21,40,4.5,8/6/2024,,0,,FALSE,,,,
4434,2810,9,20,2,8/6/2024,,0,,FALSE,,,,
4436,2811,9,20,3,8/6/2024,,0,,FALSE,,,,
4437,1640,9,42,0.5,8/6/2024,,0,,FALSE,,,,
4438,1640,9,50,1,8/6/2024,5S・金型写真撮影,0,,FALSE,,,,
4439,1640,9,53,1.5,8/6/2024,抜き型整理,0,,FALSE,,,,
4440,2814,9,50,2.5,8/7/2024,5S・廃油(ドラム缶)5本の回収と空ドラム缶(5本)の設置,0,,FALSE,,,,
4441,1640,21,50,0.5,8/7/2024,,0,,FALSE,,,,
4442,2802,21,13,0.5,8/7/2024,,0,,FALSE,,,,
4443,2810,21,11,1.5,8/7/2024,,0,,FALSE,,,,
4444,2810,21,12,1.5,8/7/2024,,0,,FALSE,,,,
4445,2811,21,11,1.5,8/7/2024,,0,,FALSE,,,,
4446,2811,21,12,1.5,8/7/2024,,0,,FALSE,,,,
4447,2816,9,20,2.5,8/7/2024,,0,,FALSE,,,,
4448,1640,9,888,1.5,8/7/2024,金型写真撮影「SZT」、梱包「9-162-7R2」,0,,FALSE,,,,
4449,2276,9,888,1.5,8/7/2024,抜き型データ処理,0,,FALSE,,,,
4450,,9,23,0.75,8/8/2024,,0,,FALSE,,,,
4451,2816,9,21,0.5,8/8/2024,,0,,FALSE,,,,
4452,2816,9,22,0.5,8/8/2024,,0,,FALSE,,,,
4453,2818,9,23,0.75,8/8/2024,,0,,FALSE,,,,
4454,1640,9,43,2,8/8/2024,PP板,0,,FALSE,,,,
4455,1640,9,888,4.25,8/8/2024,5S・抜き型整理,0,,FALSE,,,,
4456,2819,9,23,1,8/9/2024,,0,,FALSE,,,,
4457,1640,9,888,2,8/9/2024,金型確認・写真撮影,0,,FALSE,,,,
4458,1640,9,50,3,8/9/2024,5S・抜き型データ処理,0,,FALSE,Ve som di benh vien,,,
4459,2795,21,13,4,8/15/2024,,0,,FALSE,,,,
4460,1640,21,50,0.5,8/15/2024,,0,,FALSE,,,,
4461,1640,21,888,2.5,8/15/2024,金型確認・写真撮影,0,,FALSE,,,,
4462,2820,9,20,2,8/15/2024,3D,0,,FALSE,,,,
4463,1640,9,50,6,8/15/2024,抜型データ処理・抜き型変更履歴リスト作成,0,,FALSE,,,,
4464,1640,9,50,0.25,8/16/2024,,0,,FALSE,,,,
4465,1640,9,53,7.75,8/16/2024,抜型のデーター処理,0,,FALSE,,,,
4466,1640,9,50,0.5,8/17/2024,,0,,FALSE,,,,
4467,1640,9,888,7.5,8/17/2024,抜型データ処理・抜型データ管理プログラム作成,0,,FALSE,,,,
4468,1640,21,50,0.25,8/19/2024,,0,,FALSE,,,,
4469,1640,21,40,2.5,8/19/2024,,0,,FALSE,,,,
4470,2822,21,23,2.75,8/19/2024,,0,,FALSE,,,,
4471,2824,21,23,1.5,8/19/2024,,0,,FALSE,,,,
4472,2820,9,20,2,8/19/2024,,0,,FALSE,,,,
4473,2823,9,20,2,8/19/2024,,0,,FALSE,,,,
4474,2821,9,10,3.5,8/19/2024,,0,,FALSE,,,,
4475,1640,9,50,0.5,8/19/2024,梱包、５S,0,,FALSE,,,,
4476,1640,21,50,0.25,8/20/2024,,0,,FALSE,,,,
4477,2820,21,21,2,8/20/2024,,0,,FALSE,,,,
4478,2822,21,23,1.25,8/20/2024,,0,,FALSE,,,,
4479,2823,21,21,2,8/20/2024,,0,,FALSE,,,,
4480,2823,21,22,1.5,8/20/2024,,0,,FALSE,,,,
4481,2825,9,10,3.75,8/20/2024,,0,,FALSE,,,,
4482,1640,9,50,3.25,8/20/2024,クーラントタンクのフィルター作成,0,,FALSE,,,,
4483,1640,9,888,1.5,8/20/2024,金型・トレイ確認,0,,FALSE,,,,
4484,2825,9,10,1,8/21/2024,,0,,FALSE,,,,
4485,1640,9,888,1.5,8/21/2024,金型確認・廃棄手配,0,,FALSE,,,,
4486,1640,9,50,0.5,8/21/2024,5S・梱包,0,,FALSE,,,,
4487,1640,9,53,5,8/21/2024,金型・抜型データ処理,0,,FALSE,,,,
4488,1640,21,50,0.5,8/22/2024,,0,,FALSE,,,,
4489,2826,21,13,5.5,8/22/2024,,0,,FALSE,,,,
4490,2820,21,22,1,8/22/2024,,0,,FALSE,,,,
4491,,9,40,2,8/22/2024,,0,,FALSE,,,,
4492,2828,9,10,2,8/22/2024,,0,,FALSE,,,,
4493,2827,9,40,2.5,8/22/2024,,0,,FALSE,,,,
4494,1640,9,888,1,8/22/2024,金型確認・抜き型梱包,0,,FALSE,,,,
4495,1640,9,53,2.5,8/22/2024,,0,,FALSE,,,,
4496,2821,9,10,2,8/23/2024,アンダーカット加工,0,,FALSE,,,,
4497,1640,9,50,1,8/23/2024,5S・梱包,0,,FALSE,,,,
4498,2822,9,42,1,8/23/2024,,0,,FALSE,,,,
4499,2826,21,13,1,8/23/2024,,0,,FALSE,,,,
4500,2825,21,11,2.75,8/23/2024,,0,,FALSE,,,,
4501,2825,21,12,3,8/23/2024,,0,,FALSE,,,,
4502,1640,21,50,0.25,8/23/2024,,0,,FALSE,,,,
4503,2828,9,10,1,8/23/2024,,0,,FALSE,,,,
4504,2276,9,53,3,8/23/2024,金型・抜型データ処理,0,,FALSE,,,,
4507,2821,9,11,1,8/24/2024,,0,,FALSE,,,,
4508,2821,9,12,2,8/24/2024,,0,,FALSE,,,,
4511,2831,9,20,2,8/26/2024,,0,,FALSE,,,,
4512,2828,21,11,1,8/26/2024,,0,,FALSE,,,,
4513,2828,9,12,1,8/26/2024,,0,,FALSE,,,,
4514,2829,21,13,4,8/26/2024,,0,,FALSE,,,,
4515,,21,23,2,8/26/2024,,0,,FALSE,,,,
4516,,21,23,2,8/26/2024,,0,,FALSE,,,,
4517,2834,21,23,1.5,8/26/2024,,0,,FALSE,,,,
4518,1640,21,50,0.5,8/26/2024,,0,,FALSE,,,,
4519,1640,9,54,3,8/26/2024,粉砕機状況確認・内部掃除,0,,FALSE,,,,
4520,1640,9,888,2,8/26/2024,金型確認・データ処理,0,,FALSE,,,,
4521,2832,21,13,2.5,8/27/2024,,0,,FALSE,,,,
4522,2831,9,20,1,8/27/2024,,0,,FALSE,,,,
4523,2831,21,21,1,8/27/2024,,0,,FALSE,,,,
4524,2831,21,22,1.5,8/27/2024,,0,,FALSE,,,,
4525,1640,21,50,0.5,8/27/2024,,0,,FALSE,,,,
4526,2834,21,23,1.5,8/27/2024,,0,,FALSE,,,,
4527,1640,9,888,1,8/27/2024,金型写真,0,,FALSE,,,,
4528,1640,9,53,3,8/27/2024,データ処理,0,,FALSE,,,,
4529,2836,9,10,3,8/27/2024,,0,,FALSE,,,,
4530,1640,21,50,0.5,8/28/2024,,0,,FALSE,,,,
4531,2809,21,40,2,8/28/2024,,0,,FALSE,,,,
4532,2837,21,40,4.5,8/28/2024,,0,,FALSE,,,,
4533,2838,9,10,2.5,8/28/2024,,0,,FALSE,,,,
4534,2839,9,10,2.5,8/28/2024,,0,,FALSE,,,,
4535,1640,9,888,0.75,8/28/2024,金型写真撮影　MZT-140,0,,FALSE,,,,
4536,1640,9,53,2.25,8/28/2024,,0,,FALSE,,,,
4537,2836,9,10,2,8/29/2024,,0,,FALSE,,,,
4538,2838,9,10,2.5,8/29/2024,,0,,FALSE,,,,
4539,2839,9,10,2,8/29/2024,,0,,FALSE,,,,
4540,1640,9,50,1.5,8/29/2024,5S・金型データ処理,0,,FALSE,,,,
4541,2836,9,11,1.5,8/30/2024,,0,,FALSE,,,,
4542,1640,9,50,0.5,8/30/2024,,0,,FALSE,,,,
4543,1640,9,53,6,8/30/2024,,0,,FALSE,,,,
4544,1640,9,50,1,8/31/2024,,0,,FALSE,,,,
4546,1640,9,42,1,8/31/2024,,0,,FALSE,,,,
4547,1640,9,53,6,8/31/2024,抜型棚卸し・データ処理,0,,FALSE,,,,
4548,2838,21,11,1.5,9/2/2024,,0,,FALSE,,,,
4549,2841,21,13,2.5,9/2/2024,,0,,FALSE,,,,
4550,2840,21,13,2.75,9/2/2024,,0,,FALSE,,,,
4551,1640,21,50,0.25,9/2/2024,,0,,FALSE,,,,
4552,2846,9,10,3.5,9/2/2024,,0,,FALSE,,,,
4553,1640,9,50,1,9/2/2024,梱包・5S,0,,FALSE,,,,
4554,2276,9,53,3.5,9/2/2024,,0,,FALSE,,,,
4555,2836,21,12,2.5,9/3/2024,,0,,FALSE,,,,
4556,2838,21,12,2.5,9/3/2024,,0,,FALSE,,,,
4557,2839,21,11,1.75,9/3/2024,,0,,FALSE,,,,
4559,1640,21,50,0.25,9/3/2024,,0,,FALSE,,,,
4560,2646,9,10,2,9/3/2024,彫刻改造,0,,FALSE,,,,
4561,2276,9,50,6,9/3/2024,5S・金型・抜型データ処理,0,,FALSE,,,,
4562,2844,21,13,3,9/4/2024,,0,,FALSE,,,,
4563,2839,21,12,2,9/4/2024,,0,,FALSE,,,,
4564,2846,21,11,1.75,9/4/2024,,0,,FALSE,,,,
4565,1640,21,50,0.25,9/4/2024,,0,,FALSE,,,,
4566,2848,9,10,3,9/4/2024,,0,,FALSE,,,,
4567,1640,9,53,5,9/4/2024,金型・抜型データ処理,0,,FALSE,,,,
4568,2838,21,12,2,9/5/2024,,0,,FALSE,,,,
4569,2846,21,11,1,9/5/2024,,0,,FALSE,,,,
4571,2847,21,13,2.75,9/5/2024,,0,,FALSE,,,,
4572,1640,21,50,0.25,9/5/2024,,0,,FALSE,,,,
4573,2849,9,10,3,9/5/2024,彫刻改造,0,,FALSE,,,,
4574,1640,9,50,0.5,9/5/2024,,0,,FALSE,,,,
4575,2276,9,53,4.5,9/5/2024,金型・抜型データ処理,0,,FALSE,,,,
4576,2847,21,13,2,9/6/2024,,0,,FALSE,,,,
4577,2846,21,12,3.5,9/6/2024,,0,,FALSE,,,,
4578,2848,9,10,1,9/6/2024,,0,,FALSE,,,,
4579,2848,9,11,2,9/6/2024,,0,,FALSE,,,,
4580,1640,21,50,0.5,9/6/2024,,0,,FALSE,,,,
4581,2841,21,13,0.5,9/6/2024,,0,,FALSE,,,,
4582,2840,21,13,0.5,9/6/2024,,0,,FALSE,,,,
4583,1640,9,53,4,9/6/2024,金型・抜型データ処理,0,,FALSE,,,,
4584,2753,9,40,1,9/6/2024,,0,,FALSE,,,,
4586,1640,21,50,0.5,9/9/2024,,0,,FALSE,,,,
4587,2848,21,11,3,9/9/2024,,0,,FALSE,,,,
4589,2850,21,13,3.5,9/9/2024,,0,,FALSE,,,,
4590,1640,9,42,1.5,9/9/2024,SIT-017，18，19金型タップ、スタキング,0,,FALSE,,,,
4591,2276,9,53,6.5,9/9/2024,金型・抜型データ処理,0,,FALSE,,,,
4592,2847,9,42,2,9/10/2024,プラグ調整、サーブ木板作成,0,,FALSE,,,,
4593,1640,9,41,1.5,9/10/2024,TIHプラグのサーブ木板製作,0,,FALSE,,,,
4594,1640,9,50,0.5,9/10/2024,,0,,FALSE,,,,
4595,2276,9,53,4,9/10/2024,金型・抜型データ処理,0,,FALSE,,,,
4596,2847,9,13,1.5,9/11/2024,プラグ調整,0,,FALSE,,,,
4597,1640,9,50,0.5,9/11/2024,,0,,FALSE,,,,
4598,1640,9,43,1.5,9/11/2024,PP板カット・梱包,0,,FALSE,,,,
4602,1640,9,55,2.5,9/11/2024,"TBG-006,007,008",0,,FALSE,,,,
4603,2276,9,53,2,9/11/2024,データ処理,0,,FALSE,,,,
4604,2855,9,56,2,9/12/2024,サーブ木板製作,0,,FALSE,,,,
4605,2848,21,12,3,9/12/2024,,0,,FALSE,,,,
4606,2850,21,13,2,9/12/2024,,0,,FALSE,,,,
4607,1640,21,50,0.5,9/12/2024,,0,,FALSE,,,,
4608,1640,21,40,1.5,9/12/2024,,0,,FALSE,,,,
4609,2855,9,888,0.75,9/12/2024,砂ショット,0,,FALSE,,,,
4610,2854,9,10,3,9/12/2024,,0,,FALSE,,,,
4611,2856,9,10,3.25,9/12/2024,,0,,FALSE,,,,
4612,2276,9,53,3.75,9/13/2024,データ処理,0,,FALSE,,,,
4613,2857,9,41,0.75,9/13/2024,,0,,FALSE,,,,
4614,1640,9,888,1.5,9/13/2024,,0,,FALSE,,,,
4615,2858,21,40,3,9/13/2024,,0,,FALSE,,,,
4616,2854,9,10,1,9/13/2024,,0,,FALSE,,,,
4617,1640,21,50,1,9/13/2024,,0,,FALSE,,,,
4618,1640,21,40,2,9/13/2024,,0,,FALSE,,,,
4619,1640,9,51,0.5,9/17/2024,,0,,FALSE,,,,
4620,1640,21,50,0.5,9/17/2024,,0,,FALSE,,,,
4621,1640,9,14,2,9/17/2024,ZD　470ｘ347水冷盤プログラム,0,,FALSE,,,,
4622,1640,9,14,3,9/17/2024,圧空ベース外周削り　PB590ｘ450,0,,FALSE,,,,
4623,1640,9,53,2.5,9/17/2024,プログラム作成,0,,FALSE,,,,
4624,1640,21,888,1,9/17/2024,金型確認,0,,FALSE,,,,
4625,2854,21,11,3.5,9/17/2024,,0,,FALSE,,,,
4626,2854,21,12,2,9/17/2024,,0,,FALSE,,,,
4627,1640,21,50,0.5,9/18/2024,,0,,FALSE,,,,
4628,1640,9,53,2,9/18/2024,データ処理,0,,FALSE,,,,
4629,1640,9,888,3,9/18/2024,金型確認（YKW-007）・金型預かり書作成,0,,FALSE,,,,
4630,2854,21,12,2,9/18/2024,,0,,FALSE,,,,
4631,2856,21,11,4,9/18/2024,,0,,FALSE,,,,
4632,2856,21,12,0.5,9/18/2024,,0,,FALSE,,,,
4633,1640,21,50,0.5,9/18/2024,,0,,FALSE,,,,
4634,1640,21,50,0.5,9/19/2024,,0,,FALSE,,,,
4635,1640,21,40,2,9/20/2024,,0,,FALSE,,,,
4636,1640,21,50,0.5,9/20/2024,,0,,FALSE,,,,
4637,1640,9,42,1.5,9/20/2024,,0,,FALSE,,,,
4638,1640,9,888,1.25,9/24/2024,金型写真,0,,FALSE,,,,
4639,1640,9,50,1.5,9/24/2024,,0,,FALSE,,,,
4640,1640,9,42,1,9/24/2024,,0,,FALSE,,,,
4641,1640,21,50,0.5,9/24/2024,,0,,FALSE,,,,
4642,2856,21,12,3,9/19/2024,,0,,FALSE,,,,
4643,2859,9,14,3,9/18/2024,,0,,FALSE,,,,
4644,2860,9,41,2,9/19/2024,,0,,FALSE,,,,
4645,2861,21,13,3.5,9/19/2024,,0,,FALSE,,,,
4646,2862,9,14,3,9/19/2024,圧空ベース2個の外形調整,0,,FALSE,,,,
4647,2863,9,20,3,9/19/2024,,0,,FALSE,,,,
4648,2859,9,14,4,9/20/2024,,0,,FALSE,,,,
4649,2864,9,10,3,9/20/2024,,0,,FALSE,,,,
4650,2866,21,13,4.5,9/20/2024,,0,,FALSE,,,,
4651,2864,9,10,0.5,9/24/2024,,0,,FALSE,,,,
4652,2856,21,12,0.5,9/24/2024,,0,,FALSE,,,,
4653,2864,21,11,3.25,9/24/2024,,0,,FALSE,,,,
4654,2867,9,20,2,9/24/2024,,0,,FALSE,,,,
4655,2869,9,20,2,9/24/2024,,0,,FALSE,,,,
4656,2863,21,21,2.75,9/24/2024,,0,,FALSE,,,,
4657,2867,21,21,0.75,9/25/2024,,0,,FALSE,,,,
4658,2869,21,21,0.5,9/25/2024,,0,,FALSE,,,,
4659,2871,9,20,2.5,9/25/2024,,0,,FALSE,,,,
4660,2864,21,12,2.5,9/25/2024,,0,,FALSE,,,,
4662,2863,21,22,2.25,9/25/2024,,0,,FALSE,,,,
4663,1640,9,888,1,9/25/2024,金型写真,0,,FALSE,,,,
4664,1640,9,42,2,9/25/2024,圧空ベース追加工,0,,FALSE,,,,
4665,1640,9,53,2.5,9/25/2024,データ処理,0,,FALSE,,,,
4666,1640,21,50,0.5,9/26/2024,,0,,FALSE,,,,
4667,2848,21,12,1,9/13/2024,,0,,FALSE,,,,
4668,2865,21,13,2.5,9/26/2024,,0,,FALSE,,,,
4669,2867,21,22,1,9/26/2024,,0,,FALSE,,,,
4670,2869,21,22,1,9/26/2024,,0,,FALSE,,,,
4671,2873,9,20,3,9/26/2024,,0,,FALSE,,,,
4672,1640,9,50,0.5,9/26/2024,,0,,FALSE,,,,
4673,1640,9,888,1,9/26/2024,金型写真,0,,FALSE,,,,
4674,1640,9,42,1,9/26/2024,S　タイプ,0,,FALSE,,,,
4675,1640,9,53,3,9/26/2024,データ処理,0,,FALSE,,,,
4676,2874,9,10,4,9/27/2024,,0,,FALSE,,,,
4677,2859,9,14,2,9/27/2024,タップ・組立,0,,FALSE,,,,
4678,2875,9,888,1,9/27/2024,砂ショット,0,,FALSE,,,,
4679,1640,21,50,0.5,9/27/2024,,0,,FALSE,,,,
4680,2871,21,21,0.75,9/27/2024,,0,,FALSE,,,,
4681,2868,21,23,1,9/27/2024,,0,,FALSE,,,,
4682,2870,21,23,1,9/27/2024,,0,,FALSE,,,,
4684,2876,21,23,2.5,9/27/2024,,0,,FALSE,,,,
4685,2865,21,13,1,9/27/2024,,0,,FALSE,,,,
4686,1640,9,888,1,9/27/2024,金型写真,0,,FALSE,,,,
4687,1640,9,53,2,9/27/2024,,0,,FALSE,,,,
4688,2874,9,10,1,9/28/2024,,0,,FALSE,,,,
4689,,9,13,4,9/28/2024,,0,,FALSE,,,,
4690,1640,9,50,1,9/28/2024,,0,,FALSE,,,,
4691,2883,9,20,2,9/28/2024,,0,,FALSE,,,,
4692,2882,9,13,4,9/28/2024,再作成,0,,FALSE,,,,
4693,1640,21,50,0.5,9/30/2024,,0,,FALSE,,,,
4694,2873,21,21,1.5,9/30/2024,,0,,FALSE,,,,
4695,2871,21,12,1.5,9/30/2024,,0,,FALSE,,,,
4696,2874,21,11,3.5,9/30/2024,,0,,FALSE,,,,
4697,2883,9,20,1,9/30/2024,,0,,FALSE,,,,
4698,2884,9,10,3.5,9/30/2024,,0,,FALSE,,,,
4699,1640,9,888,3.25,9/30/2024,CMX 1100Vトラブル発生の対応,0,,FALSE,,,,
4700,1640,9,888,0.5,9/30/2024,梱包　（ネルーベトナムへ）（テフロン加工ーJAE-276）,0,,FALSE,,,,
4701,1640,21,50,0.5,10/1/2024,,0,,FALSE,,,,
4702,2874,21,11,1.5,10/1/2024,,0,,FALSE,,,,
4703,,21,23,3,10/1/2024,,0,,FALSE,,,,
4704,2873,21,22,2,10/1/2024,,0,,FALSE,,,,
4706,2887,21,23,2.25,10/1/2024,,0,,FALSE,,,,
4707,2872,21,23,0.75,10/1/2024,,0,,FALSE,,,,
4708,2888,9,20,2,10/1/2024,,0,,FALSE,,,,
4709,2889,9,41,2,10/1/2024,,0,,FALSE,,,,
4710,2890,9,40,3,10/1/2024,,0,,FALSE,,,,
4711,1640,9,888,2.5,10/1/2024,ATCの故障した部品を取り外して確認する,0,,FALSE,,,,
4712,1640,21,50,0.5,10/2/2024,,0,,FALSE,,,,
4713,2874,21,12,2.5,10/2/2024,,0,,FALSE,,,,
4714,2880,21,13,3.5,10/2/2024,,0,,FALSE,,,,
4715,2884,9,10,0.5,10/2/2024,,0,,FALSE,,,,
4716,2883,21,21,0.5,10/2/2024,,0,,FALSE,,,,
4717,2891,9,10,2.75,10/2/2024,,0,,FALSE,,,,
4718,1640,9,888,6.25,10/2/2024,CMX 110Vトラブル対応,0,,FALSE,,,,
4719,2894,9,42,0.5,10/3/2024,,0,,FALSE,,,,
4720,2895,9,10,3,10/3/2024,,0,,FALSE,,,,
4722,2896,9,42,1,10/3/2024,,0,,FALSE,,,,
4723,2880,21,13,0.75,10/3/2024,,0,,FALSE,,,,
4724,1640,21,50,0.5,10/3/2024,,0,,FALSE,,,,
4725,2883,21,12,1.5,10/3/2024,,0,,FALSE,,,,
4726,2897,21,23,1.75,10/3/2024,,0,,FALSE,,,,
4728,2888,21,21,0.5,10/3/2024,,0,,FALSE,,,,
4729,1640,9,53,3.5,10/3/2024,データ処理,0,,FALSE,,,,
4730,2899,9,10,2,10/4/2024,ポケット追加工,0,,FALSE,Them vien ngoai dinh hinh de hon,,,
4731,2891,21,11,1.75,10/4/2024,,0,,FALSE,,,,
4732,2888,21,22,0.5,10/4/2024,,0,,FALSE,,,,
4733,2895,21,11,3,10/4/2024,,0,,FALSE,,,,
4734,2885,21,13,1.5,10/4/2024,,0,,FALSE,,,,
4735,1640,21,50,0.25,10/4/2024,,0,,FALSE,,,,
4736,2898,9,10,3,10/4/2024,,0,,FALSE,,,,
4737,2884,9,10,1,10/4/2024,穴追加工,0,,FALSE,,,,
4738,1640,9,53,2.5,10/4/2024,データ処理,0,,FALSE,,,,
4739,2900,9,42,0.5,10/7/2024,,0,,FALSE,,,,
4740,1640,21,50,0.5,10/7/2024,,0,,FALSE,,,,
4742,2884,21,11,2.5,10/7/2024,,0,,FALSE,,,,
4743,2884,21,12,2.75,10/7/2024,,0,,FALSE,,,,
4744,2885,21,13,1.25,10/7/2024,,0,,FALSE,,,,
4745,2898,9,10,1,10/7/2024,,0,,FALSE,,,,
4746,2901,9,10,4,10/7/2024,,0,,FALSE,,,,
4747,1640,9,888,2.5,10/7/2024,金型写真　NFC-002、MMT-017・金型廃棄SMK-164,0,,FALSE,,,,
4748,1640,9,50,1.75,10/7/2024,キリコ,0,,FALSE,,,,
4749,2906,9,10,3,10/8/2024,金型改造,0,,FALSE,,,,
4750,2885,9,56,0.5,10/8/2024,,0,,FALSE,,,,
4751,2895,21,12,2.75,10/8/2024,,0,,FALSE,,,,
4752,2909,21,13,2,10/8/2024,,0,,FALSE,,,,
4753,2888,21,22,0.5,10/8/2024,,0,,FALSE,,,,
4754,,21,13,1.5,10/8/2024,,0,,FALSE,,,,
4755,2910,21,23,1.5,10/8/2024,,0,,FALSE,,,,
4756,1640,21,50,0.25,10/8/2024,,0,,FALSE,,,,
4757,1640,9,50,2,10/8/2024,キリコ,0,,FALSE,,,,
4760,2911,9,10,3.5,10/8/2024,,0,,FALSE,,,,
4761,2906,9,51,0.75,10/9/2024,,0,,FALSE,,,,
4762,1640,21,50,0.25,10/9/2024,,0,,FALSE,,,,
4763,2901,21,11,1.25,10/9/2024,,0,,FALSE,,,,
4764,2891,21,12,1.5,10/9/2024,,0,,FALSE,,,,
4765,2892,21,13,2,10/9/2024,,0,,FALSE,,,,
4766,1640,9,50,0.5,10/9/2024,,0,,FALSE,,,,
4767,2907,9,20,2.5,10/9/2024,,0,,FALSE,,,,
4771,1640,9,888,1,10/9/2024,金型写真,0,,FALSE,,,,
4772,2899,9,11,2,10/9/2024,,0,,FALSE,,,,
4773,1640,9,53,1.25,10/9/2024,,0,,FALSE,,,,
4774,1640,9,50,0.5,10/10/2024,,0,,FALSE,,,,
4775,2913,9,41,0.5,10/10/2024,,0,,FALSE,,,,
4776,1640,21,50,0.25,10/10/2024,,0,,FALSE,,,,
4777,2901,21,11,3.5,10/10/2024,,0,,FALSE,,,,
4778,2902,21,13,3.25,10/10/2024,,0,,FALSE,,,,
4779,2914,9,10,4,10/10/2024,,0,,FALSE,,,,
4780,1640,9,53,3.25,10/10/2024,,0,,FALSE,,,,
4781,2907,9,21,0.5,10/11/2024,,0,,FALSE,,,,
4782,2907,9,22,0.75,10/11/2024,,0,,FALSE,,,,
4783,2917,9,42,0.5,10/11/2024,プラグ修理,0,,FALSE,,,,
4784,1640,9,42,2.5,10/11/2024,ZD水冷盤修理,0,,FALSE,,,,
4785,2911,9,10,1,10/11/2024,,0,,FALSE,,,,
4786,2898,9,11,3.25,10/11/2024,,0,,FALSE,,,,
4787,1640,21,50,0.25,10/15/2024,,0,,FALSE,,,,
4788,2911,21,11,3,10/15/2024,,0,,FALSE,,,,
4789,2908,21,23,1,10/15/2024,,0,,FALSE,,,,
4790,2904,21,13,2.75,10/15/2024,,0,,FALSE,,,,
4791,1640,9,50,1.5,10/15/2024,5S・金型整理,0,,FALSE,,,,
4792,2898,9,12,3,10/15/2024,,0,,FALSE,,,,
4794,2918,9,42,1,10/15/2024,,0,,FALSE,木板作成,,,
4795,2892,9,42,0.5,10/15/2024,プラグ調整,0,,FALSE,,,,
4796,2919,9,10,2.25,10/15/2024,,0,,FALSE,,,,
4797,2919,9,10,1.5,10/16/2024,,0,,FALSE,,,,
4798,1640,21,50,0.5,10/16/2024,,0,,FALSE,,,,
4799,2912,21,13,5,10/16/2024,,0,,FALSE,,,,
4800,1640,9,888,2,10/16/2024,金型写真・梱包（KDS-069、ADY-093R、ADY-079返却）,0,,FALSE,,,,
4801,2920,9,10,3.5,10/16/2024,,0,,FALSE,,,,
4802,2911,21,12,1.5,10/16/2024,,0,,FALSE,,,,
4803,2911,9,12,2.25,10/16/2024,,0,,FALSE,,,,
4804,2920,9,10,1,10/17/2024,,0,,FALSE,,,,
4805,2918,9,42,0.5,10/17/2024,金型取付,0,,FALSE,,,,
4806,,9,40,3,10/17/2024,,0,,FALSE,,,,
4807,2921,9,40,3,10/17/2024,,0,,FALSE,,,,
4808,1640,9,50,0.5,10/17/2024,,0,,FALSE,,,,
4809,1640,9,888,2,10/17/2024,機械事故対応,0,,FALSE,,,,
4810,2914,9,11,1.5,10/17/2024,,0,,FALSE,,,,
4811,,9,40,1,10/18/2024,修理・銅板作成,0,,FALSE,,,,
4812,2922,9,40,1,10/18/2024,修理・銅板作成,0,,FALSE,,,,
4813,2923,9,40,3,10/18/2024,,0,,FALSE,,,,
4814,2914,21,11,1,10/18/2024,,0,,FALSE,,,,
4815,2915,21,13,3,10/18/2024,,0,,FALSE,,,,
4816,2901,21,12,2.75,10/18/2024,,0,,FALSE,,,,
4817,1640,21,50,0.25,10/18/2024,,0,,FALSE,,,,
4818,2912,9,42,2,10/18/2024,プラグ調整・木板製作,0,,FALSE,,,,
4819,2914,9,10,2,10/18/2024,バック穴追加工,0,,FALSE,,,,
4820,1640,9,888,0.5,10/18/2024,金型写真　（SJK-005),0,,FALSE,,,,
4821,2914,9,11,1.5,10/19/2024,,0,,FALSE,,,,
4822,2914,9,12,2.5,10/19/2024,,0,,FALSE,,,,
4823,1640,9,50,0.5,10/19/2024,,0,,FALSE,,,,
4824,,9,42,0.5,10/19/2024,穴あけ,0,,FALSE,,,,
4826,2924,9,42,0.5,10/19/2024,穴あけ,0,,FALSE,,,,
4827,2276,9,53,3.25,10/19/2024,,0,,FALSE,,,,
4828,1640,21,50,0.5,10/21/2024,,0,,FALSE,,,,
4829,2929,21,13,3.5,10/21/2024,,0,,FALSE,,,,
4830,2920,21,11,3,10/21/2024,,0,,FALSE,,,,
4831,2919,9,11,2.5,10/21/2024,,0,,FALSE,,,,
4832,2919,9,12,2.75,10/21/2024,,0,,FALSE,,,,
4833,2925,9,10,3,10/21/2024,,0,,FALSE,,,,
4834,2927,9,10,2.75,10/21/2024,,0,,FALSE,,,,
4835,2927,9,10,1.5,10/22/2024,,0,,FALSE,,,,
4836,1640,9,42,1.5,10/22/2024,水冷ベース修理,0,,FALSE,VIETボルト折れた,,,
4837,2920,21,12,2.75,10/22/2024,,0,,FALSE,,,,
4838,2930,21,13,3.5,10/22/2024,,0,,FALSE,,,,
4839,1640,21,50,0.5,10/22/2024,,0,,FALSE,,,,
4840,1640,9,53,5.5,10/22/2024,金型確認・抜き型棚卸し,0,,FALSE,,,,
4842,1640,9,50,0.5,10/23/2024,,0,,FALSE,,,,
4843,1640,9,42,3,10/23/2024,水冷盤掃除　S,0,,FALSE,Viet　- Silicon 10.5 nho qua bi lot,,,
4845,2925,9,10,1.5,10/23/2024,,0,,FALSE,,,,
4846,2931,9,10,3,10/23/2024,,0,,FALSE,,,,
4847,1640,21,50,0.25,10/24/2024,,0,,FALSE,,,,
4848,2925,21,11,4.5,10/24/2024,,0,,FALSE,,,,
4849,1640,21,888,2.25,10/24/2024,通院対応,0,,FALSE,,,,
4850,1640,9,50,0.5,10/24/2024,,0,,FALSE,,,,
4851,2925,9,12,2.75,10/24/2024,,0,,FALSE,,,,
4852,2928,9,13,3.5,10/24/2024,,0,,FALSE,,,,
4853,2932,9,10,3.25,10/24/2024,,0,,FALSE,,,,
4854,1640,21,50,0.5,10/25/2024,,0,,FALSE,,,,
4855,2926,21,13,3.5,10/25/2024,,0,,FALSE,,,,
4856,2925,21,12,1,10/25/2024,,0,,FALSE,,,,
4857,2927,21,11,1.25,10/25/2024,,0,,FALSE,,,,
4858,2927,9,11,2.5,10/25/2024,,0,,FALSE,,,,
4859,2933,9,10,3.5,10/25/2024,,0,,FALSE,,,,
4860,2934,9,13,1,10/25/2024,,0,,FALSE,,,,
4861,1640,9,888,1.75,10/25/2024,"設備資出書作成　（JAE-321,323,324）",0,,FALSE,,,,
4862,2927,9,12,3,10/26/2024,,0,,FALSE,,,,
4863,2931,9,10,1.5,10/26/2024,,0,,FALSE,,,,
4864,2933,9,10,1,10/26/2024,,0,,FALSE,,,,
4865,2935,9,10,3,10/26/2024,,0,,FALSE,,,,
4867,2936,9,10,3,10/28/2024,,0,,FALSE,,,,
4868,2937,9,10,2.5,10/28/2024,,0,,FALSE,,,,
4869,1640,9,50,0.5,10/28/2024,,0,,FALSE,,,,
4870,1640,9,888,2,10/28/2024,粉砕機掃除,0,,FALSE,,,,
4871,1640,9,42,0.5,10/28/2024,TM-F,0,,FALSE,,,,
4872,1640,9,888,1,10/28/2024,金型写真撮影,0,,FALSE,,,,
4873,2931,21,11,3,10/28/2024,,0,,FALSE,,,,
4876,2932,21,13,2.5,10/28/2024,,0,,FALSE,,,,
4877,1640,21,50,0.25,10/29/2024,,0,,FALSE,,,,
4878,2931,21,11,2.5,10/29/2024,,0,,FALSE,,,,
4879,2933,21,11,4.25,10/29/2024,,0,,FALSE,,,,
4881,2937,9,10,1.5,10/29/2024,,0,,FALSE,,,,
4882,2936,9,10,0.5,10/29/2024,,0,,FALSE,,,,
4883,2931,9,12,3,10/29/2024,,0,,FALSE,,,,
4885,2933,9,11,1.5,10/29/2024,,0,,FALSE,,,,
4886,2933,9,12,3,10/29/2024,,0,,FALSE,,,,
4887,2934,9,13,2.25,10/29/2024,,0,,FALSE,,,,
4888,1640,9,50,0.75,10/30/2024,,0,,FALSE,,,,
4889,2935,9,11,1.5,10/30/2024,,0,,FALSE,,,,
4890,2935,9,12,2,10/30/2024,,0,,FALSE,,,,
4891,2945,9,13,2.5,10/30/2024,,0,,FALSE,,,,
4892,2936,9,11,1.5,10/30/2024,,0,,FALSE,,,,
4893,2942,9,10,2.5,10/30/2024,,0,,FALSE,,,,
4894,1640,21,50,0.25,10/31/2024,,0,,FALSE,,,,
4895,2937,21,11,2,10/31/2024,,0,,FALSE,,,,
4896,2937,21,12,2,10/31/2024,,0,,FALSE,,,,
4897,2938,21,13,2.75,10/31/2024,,0,,FALSE,,,,
4899,1640,9,50,0.5,10/31/2024,,0,,FALSE,,,,
4900,1640,9,54,8.5,10/31/2024,CMX 1100V 機械故障の対応,0,,FALSE,,,,
4901,2949,9,41,0.5,11/1/2024,,0,,FALSE,,,,
4902,2939,9,13,2,11/1/2024,,0,,FALSE,,,,
4903,1640,9,50,0.5,11/1/2024,,0,,FALSE,,,,
4904,1640,9,888,1,11/1/2024,"金型写真　ASH-006, ASH-007, SJK-005",0,,FALSE,,,,
4905,2950,9,10,2,11/1/2024,,0,,FALSE,,,,
4906,1640,9,54,2,11/1/2024,CMX 1100V 機械故障対応,0,,FALSE,,,,
4907,1640,21,50,0.5,11/1/2024,,0,,FALSE,,,,
4908,2942,21,11,2.5,11/1/2024,,0,,FALSE,,,,
4909,1640,21,50,0.25,11/5/2024,,0,,FALSE,,,,
4910,2950,21,11,2.5,11/5/2024,,0,,FALSE,,,,
4911,2950,21,12,2.5,11/5/2024,,0,,FALSE,,,,
4912,2942,21,11,1.75,11/5/2024,,0,,FALSE,,,,
4913,2954,9,20,2,11/5/2024,,0,,FALSE,,,,
4914,2952,9,10,3,11/5/2024,,0,,FALSE,,,,
4915,1640,9,42,0.5,11/5/2024,水冷盤修理,0,,FALSE,,,,
4916,1640,9,888,3.75,11/5/2024,JAE金型確認,0,,FALSE,,,,
4917,2950,21,12,1,11/6/2024,,0,,FALSE,,,,
4918,2942,21,12,2.5,11/6/2024,,0,,FALSE,,,,
4919,2951,21,13,0.5,11/6/2024,,0,,FALSE,,,,
4920,1640,9,50,0.5,11/6/2024,,0,,FALSE,,,,
4921,2950,9,10,1.5,11/6/2024,,0,,FALSE,,,,
4922,1640,9,888,7.5,11/6/2024,JAE金型確認・チェックリスト作成,0,,FALSE,,,,
4923,2957,9,20,2,11/7/2024,,0,,FALSE,,,,
4924,1640,21,50,0.5,11/7/2024,,0,,FALSE,,,,
4925,2951,21,13,3.5,11/7/2024,,0,,FALSE,,,,
4926,2950,9,12,1.5,11/7/2024,,0,,FALSE,,,,
4927,2958,21,13,3,11/7/2024,,0,,FALSE,,,,
4928,1640,9,888,4.5,11/7/2024,JAE金型確認・データ処理,0,,FALSE,,,,
4929,1640,21,50,0.5,11/8/2024,,0,,FALSE,,,,
4930,2954,21,21,1,11/8/2024,,0,,FALSE,,,,
4932,2955,21,23,1.25,11/8/2024,,0,,FALSE,,,,
4933,2957,21,21,0.75,11/8/2024,,0,,FALSE,,,,
4934,2958,21,13,2.5,11/8/2024,,0,,FALSE,,,,
4936,2954,21,22,1,11/8/2024,,0,,FALSE,,,,
4937,1640,9,40,1.5,11/8/2024,ZD　スタッキング,0,,FALSE,,,,
4938,2958,9,41,1.5,11/8/2024,,0,,FALSE,,,,
4939,1640,9,53,5.5,11/8/2024,金型確認・データ処理,0,,FALSE,,,,
4941,1640,9,51,0.25,11/8/2024,"梱包（SIT-020,021,022)",0,,FALSE,,,,
4942,,9,42,0.5,11/11/2024,,0,,FALSE,,,,
4944,1640,21,50,0.5,11/11/2024,,0,,FALSE,,,,
4945,2952,21,11,2.5,11/11/2024,,0,,FALSE,,,,
4946,2943,21,13,4,11/11/2024,,0,,FALSE,,,,
4947,1640,9,50,0.5,11/11/2024,,0,,FALSE,,,,
4948,2962,9,42,0.5,11/11/2024,,0,,FALSE,,,,
4950,2276,9,53,7.5,11/11/2024,金型確認・データ処理　（JAE、MIY-001R2）,0,,FALSE,,,,
4951,2963,9,10,3,11/12/2024,,0,,FALSE,,,,
4952,2276,9,53,3,11/12/2024,データ処理,0,,FALSE,,,,
4953,1640,9,50,2.5,11/12/2024,,0,,FALSE,,,,
4954,1640,21,50,0.25,11/12/2024,,0,,FALSE,,,,
4955,2952,21,12,2.75,11/12/2024,,0,,FALSE,,,,
4956,2953,21,13,2,11/12/2024,,0,,FALSE,,,,
4957,2964,9,42,0.5,11/13/2024,プラグ修理,0,,FALSE,,,,
4958,2707,9,42,0.25,11/13/2024,,0,,FALSE,真空穴　HAI,,,
4959,1640,9,50,0.5,11/13/2024,,0,,FALSE,,,,
4960,2966,9,10,3,11/13/2024,,0,,FALSE,,,,
4961,1640,9,42,0.5,11/13/2024,水冷盤タップ追加工,0,,FALSE,,,,
4962,2276,9,53,3.25,11/13/2024,データ処理,0,,FALSE,,,,
4963,1640,9,50,0.5,11/14/2024,,0,,FALSE,,,,
4964,1640,9,42,0.5,11/14/2024,"Z-100-2, Z-050-3プラグ",0,,FALSE,,,,
4965,2953,9,13,1.75,11/14/2024,,0,,FALSE,,,,
4966,2959,9,23,1,11/14/2024,,0,,FALSE,,,,
4967,2967,9,10,3,11/14/2024,金型改造（R3）,0,,FALSE,,,,
4968,2963,9,10,1.25,11/14/2024,,0,,FALSE,,,,
4969,2967,9,10,3,11/15/2024,金型改造（R3）,0,,FALSE,,,,
4970,1640,9,50,0.5,11/15/2024,,0,,FALSE,,,,
4971,1640,9,10,1,11/15/2024,圧空ベース追加工（外周削り）,0,,FALSE,,,,
4972,2967,9,11,0.5,11/15/2024,,0,,FALSE,,,,
4973,2967,9,12,1,11/15/2024,,0,,FALSE,,,,
4974,2276,9,53,2.75,11/15/2024,金型写真・データ処理,0,,FALSE,,,,
4975,2968,9,20,2,11/16/2024,,0,,FALSE,,,,
4976,2969,9,20,2,11/16/2024,,0,,FALSE,,,,
4977,2966,9,10,1,11/16/2024,,0,,FALSE,,,,
4978,1640,9,888,1,11/16/2024,"金型借用書の件・SHT-017,　SHT-018",0,,FALSE,,,,
4979,1640,9,888,2,11/16/2024,壁直し・5S,0,,FALSE,,,,
4980,2963,9,11,2,11/18/2024,,0,,FALSE,,,,
4981,2963,9,12,1.75,11/18/2024,,0,,FALSE,,,,
4982,2972,9,13,2.5,11/18/2024,,0,,FALSE,,,,
4983,2973,9,10,1.5,11/18/2024,,0,,FALSE,,,,
4984,1640,9,51,0.25,11/18/2024,DIC-149，DIC-150,0,,FALSE,,,,
4985,1640,9,50,1,11/19/2024,KOS-015　テフロン加工、金型確認,0,,FALSE,,,,
4986,1640,9,42,0.5,11/19/2024,圧空ベース追加工,0,,FALSE,,,,
4987,1640,9,40,2,11/19/2024,CSD-001,0,,FALSE,,,,
4988,1640,9,40,2.5,11/19/2024,JAE 275x275 2P,0,,FALSE,,,,
4989,2966,9,11,2,11/19/2024,,0,,FALSE,,,,
4990,1640,9,50,0.5,11/20/2024,,0,,FALSE,,,,
4991,1640,9,42,0.75,11/20/2024,,0,,FALSE,,,,
4992,2975,9,10,2,11/20/2024,,0,,FALSE,,,,
4993,2973,9,11,2.25,11/20/2024,,0,,FALSE,,,,
4995,2976,9,10,2.5,11/20/2024,R2の改造,0,,FALSE,,,,
4996,2973,9,12,2.5,11/21/2024,,0,,FALSE,,,,
4997,2974,9,13,3,11/21/2024,,0,,FALSE,,,,
4999,2276,9,888,2,11/21/2024,抜型データ処理,0,,FALSE,,,,
5000,1640,9,50,0.5,11/21/2024,,0,,FALSE,,,,
5001,2979,9,10,2.5,11/22/2024,金型修理,0,,FALSE,,,,
5002,2276,9,53,3,11/22/2024,データ処理,0,,FALSE,,,,
5003,1640,9,888,3.25,11/22/2024,機械故障対応,0,,FALSE,,,,
5005,1640,21,50,0.25,11/25/2024,,0,,FALSE,,,,
5007,2980,21,23,1.5,11/25/2024,,0,,FALSE,,,,
5008,,21,23,1.5,11/25/2024,,0,,FALSE,,,,
5009,2982,21,13,3,11/25/2024,,0,,FALSE,,,,
5010,2969,21,21,0.75,11/25/2024,,0,,FALSE,,,,
5011,2981,21,23,1.5,11/25/2024,,0,,FALSE,,,,
5012,2979,9,10,3,11/25/2024,金型修理,0,,FALSE,,,,
5013,2966,9,11,1,11/25/2024,,0,,FALSE,,,,
5014,2966,9,12,2.5,11/25/2024,,0,,FALSE,,,,
5016,1640,9,42,0.5,11/25/2024,抜型穴あけ　TKD,0,,FALSE,,3,,
5018,1640,9,888,4,11/25/2024,機械故障対応,0,,FALSE,,,,
5020,1640,9,50,0.25,11/26/2024,,0,,FALSE,,,,
5021,2969,21,22,0.5,11/26/2024,,0,,FALSE,,,,
5022,2968,21,21,0.5,11/26/2024,,0,,FALSE,,,,
5023,2968,21,22,0.5,11/26/2024,,0,,FALSE,,,,
5024,1640,21,50,0.5,11/26/2024,,0,,FALSE,,,,
5025,2975,21,11,2.5,11/26/2024,,0,,FALSE,,,,
5027,2983,21,13,2.5,11/26/2024,,0,,FALSE,,,,
5029,2984,9,10,3,11/26/2024,,0,,FALSE,,,,
5030,1640,9,42,1,11/26/2024,QAS金型　PP板カット,0,,FALSE,,,,
5031,1640,9,888,5.25,11/26/2024,機械故障対応・ATC原点復帰,0,,FALSE,,,,
5032,1640,21,50,0.5,11/27/2024,,0,,FALSE,,,,
5033,2975,21,12,2,11/27/2024,,0,,FALSE,,,,
5034,2977,21,13,3,11/27/2024,,0,,FALSE,,,,
5035,2984,21,11,1.5,11/27/2024,,0,,FALSE,,,,
5036,2985,9,10,3,11/27/2024,,0,,FALSE,,,,
5037,1640,9,51,0.5,11/27/2024,,0,,FALSE,,,,
5038,1640,9,42,1,11/27/2024,プラグ穴あけ・スタッキング下板,0,,FALSE,,,,
5039,1640,9,888,4,11/27/2024,機械故障対応,0,,FALSE,,,,
5040,1640,9,51,0.75,11/28/2024,"SHT-017 R3, ATS-030 R1, ATS-031",0,,FALSE,ATS－０３０R2,,,
5041,2985,9,10,1,11/28/2024,,0,,FALSE,,,,
5046,1640,9,888,2.5,11/28/2024,金型預かり書（JAE-326～330）,0,,FALSE,,,,
5047,1640,21,50,0.5,11/28/2024,,0,,FALSE,,,,
5048,2984,21,12,1.5,11/28/2024,,0,,FALSE,,,,
5050,2985,21,11,2.5,11/28/2024,,0,,FALSE,,,,
5051,1640,9,888,2,11/28/2024,スタッキング下板作成・水冷盤修理,0,,FALSE,,,,
5052,1640,9,888,2.75,11/28/2024,機械故障対応,0,,FALSE,,,,
5053,2985,21,11,1.5,11/29/2024,,0,,FALSE,,,,
5054,2988,21,13,3,11/29/2024,,0,,FALSE,,,,
5056,2995,21,40,2,11/29/2024,,0,,FALSE,,,,
5057,1640,21,50,0.5,11/29/2024,,0,,FALSE,,,,
5059,2832,9,41,0.75,11/29/2024,,0,,FALSE,,,,
5060,1640,9,54,8,11/29/2024,機械故障対応：現在、機械と接続されたソフトウェアを使用してモーターの状態を確認しています。ATCの動作復旧のため、正確なパラメータ設定を進めています。,0,,FALSE,,,,
5061,1640,21,50,0.5,11/30/2024,,0,,FALSE,,,,
5062,2994,21,13,2,11/30/2024,,0,,FALSE,,,,
5063,2995,21,40,1.5,11/30/2024,,0,,FALSE,,,,
5064,2988,21,13,1.5,11/30/2024,,0,,FALSE,,,,
5065,2985,21,12,1.5,11/30/2024,,0,,FALSE,,,,
5066,1640,9,50,0.5,11/30/2024,,0,,FALSE,,,,
5067,1640,9,42,1.25,11/30/2024,74Cテーブル穴加工,0,,FALSE,,,,
5068,1640,9,888,6.5,11/30/2024,機械故障対応,0,,FALSE,,,,
5069,1640,21,50,1,12/2/2024,,0,,FALSE,,,,
5070,2985,21,12,2,12/2/2024,,0,,FALSE,,,,
5073,2997,21,40,3,12/2/2024,,0,,FALSE,,,,
5074,2995,21,40,1,12/2/2024,,0,,FALSE,,,,
5075,1640,9,888,7,12/2/2024,金型整理・データ処理,0,,FALSE,,,,
5076,2909,9,41,1,12/2/2024,,0,,FALSE,,,,
5078,1640,21,50,0.5,12/3/2024,,0,,FALSE,,,,
5079,1640,21,40,3,12/3/2024,銅板作成,0,,FALSE,,,,
5080,3000,21,13,3.5,12/3/2024,ネル貼り,0,,FALSE,,,,
5081,1640,9,50,0.5,12/3/2024,,0,,FALSE,,,,
5082,2985,9,10,1.5,12/3/2024,バック穴追加工,0,,FALSE,,,,
5083,2999,9,10,3,12/3/2024,,0,,FALSE,,,,
5084,1640,9,53,3,12/3/2024,金型データ処理　（２F）,0,,FALSE,,,,
5085,1640,9,50,1,12/4/2024,5S、梱包　フレーム　日三化成へ,0,,FALSE,,,,
5087,1640,9,42,2,12/4/2024,74C　水冷盤清掃,0,,FALSE,,,,
5088,3001,9,10,3,12/4/2024,,0,,FALSE,,,,
5089,2999,9,10,1,12/4/2024,,0,,FALSE,,,,
5090,1640,9,53,2.5,12/4/2024,,0,,FALSE,,,,
5091,1640,21,50,0.25,12/5/2024,,0,,FALSE,,,,
5092,2999,21,11,2.5,12/5/2024,,0,,FALSE,,,,
5093,2999,21,12,2,12/5/2024,,0,,FALSE,,,,
5094,1640,21,40,2.25,12/5/2024,ENT-032,0,,FALSE,,,,
5095,3002,9,10,3,12/5/2024,,0,,FALSE,,,,
5096,3003,9,13,2,12/5/2024,,0,,FALSE,,,,
5097,1640,9,888,1.5,12/5/2024,金型確認,0,,FALSE,,,,
5098,1640,9,53,2,12/5/2024,,0,,FALSE,,,,
5099,1640,21,50,0.5,12/6/2024,,0,,FALSE,,,,
5100,1640,9,50,1.5,12/6/2024,,0,,FALSE,,,,
5101,3002,21,11,2.5,12/6/2024,,0,,FALSE,,,,
5102,3002,21,12,2.5,12/6/2024,,0,,FALSE,,,,
5103,1640,21,40,1.5,12/6/2024,,0,,FALSE,,,,
5104,3012,9,20,1.5,12/6/2024,,0,,FALSE,,,,
5105,2276,9,53,5.5,12/6/2024,,0,,FALSE,,,,
5106,1640,21,50,0.5,12/9/2024,,0,,FALSE,,,,
5107,3004,21,13,2.5,12/9/2024,,0,,FALSE,,,,
5108,3012,21,21,1,12/9/2024,,0,,FALSE,,,,
5110,3006,21,11,3,12/9/2024,,0,,FALSE,,,,
5111,1640,9,50,0.75,12/9/2024,,0,,FALSE,,,,
5112,3013,9,10,3,12/9/2024,,0,,FALSE,,,,
5113,3006,9,10,3,12/9/2024,,0,,FALSE,,,,
5114,2276,9,53,2.5,12/9/2024,,0,,FALSE,,,,
5115,1640,21,50,0.5,12/10/2024,,0,,FALSE,,,,
5116,3012,21,22,1.5,12/10/2024,,0,,FALSE,,,,
5119,3005,21,13,2,12/10/2024,,0,,FALSE,,,,
5120,3001,9,10,1,12/10/2024,,0,,FALSE,,,,
5121,3007,9,13,3,12/10/2024,,0,,FALSE,,,,
5122,3017,9,10,2.75,12/10/2024,,0,,FALSE,,,,
5123,3006,9,10,1,12/10/2024,,0,,FALSE,,,,
5124,3019,9,888,2,12/10/2024,治具作成,0,,FALSE,,,,
5125,1640,9,888,0.25,12/10/2024,プラグ穴あけ,0,,FALSE,,,,
5126,3006,21,12,3.5,12/11/2024,,0,,FALSE,,,,
5127,3013,21,11,2.75,12/11/2024,,0,,FALSE,,,,
5129,1640,21,50,0.75,12/11/2024,,0,,FALSE,,,,
5130,1640,9,50,0.25,12/11/2024,,0,,FALSE,,,,
5131,1640,9,40,1,12/11/2024,スタッキング修理,0,,FALSE,,,,
5132,3019,9,10,4.5,12/11/2024,治具作成,0,,FALSE,,,,
5133,2276,9,53,2.25,12/11/2024,,0,,FALSE,,,,
5134,1640,21,50,0.25,12/12/2024,,0,,FALSE,,,,
5136,3015,21,23,1.5,12/12/2024,,0,,FALSE,,,,
5137,3001,21,11,3,12/12/2024,,0,,FALSE,,,,
5138,3006,21,12,2.25,12/12/2024,,0,,FALSE,,,,
5139,1640,9,50,0.5,12/12/2024,,0,,FALSE,,,,
5140,1640,9,53,2,12/12/2024,,0,,FALSE,,,,
5141,1640,9,42,3,12/12/2024,圧空ベース直し・プラグ穴あけ,0,,FALSE,,,,
5142,3019,9,888,2,12/12/2024,治具作成,0,,FALSE,,,,
5143,3021,9,20,2,12/12/2024,,0,,FALSE,,,,
5144,3001,21,11,1,12/13/2024,,0,,FALSE,,,,
5145,3020,21,13,2.5,12/13/2024,,0,,FALSE,,,,
5146,3001,21,12,1,12/13/2024,,0,,FALSE,,,,
5147,3017,21,11,2,12/13/2024,,0,,FALSE,,,,
5148,1640,21,50,0.5,12/13/2024,,0,,FALSE,,,,
5149,1640,9,50,0.75,12/13/2024,5S・梱包,0,,FALSE,,,,
5150,3022,9,14,2.25,12/13/2024,サーブ板作成,0,,FALSE,,,,
5151,3023,9,14,2,12/13/2024,サーブ板作成,0,,FALSE,,,,
5152,3017,9,10,1,12/13/2024,,0,,FALSE,,,,
5153,3024,9,10,3,12/13/2024,,0,,FALSE,,,,
5154,3025,9,10,3,12/13/2024,,0,,FALSE,,,,
5155,1640,21,50,0.5,12/14/2024,,0,,FALSE,,,,
5156,3001,21,12,2,12/14/2024,,0,,FALSE,,,,
5157,3017,21,11,2,12/14/2024,,0,,FALSE,,,,
5158,3018,21,13,2,12/14/2024,,0,,FALSE,,,,
5159,1640,9,50,0.5,12/14/2024,,0,,FALSE,,,,
5160,3026,9,10,3,12/14/2024,,0,,FALSE,,,,
5161,2276,9,53,4.5,12/14/2024,データ処理,0,,FALSE,,,,
5162,1640,21,50,0.25,12/16/2024,,0,,FALSE,,,,
5163,3025,21,11,2.5,12/16/2024,,0,,FALSE,,,,
5164,3017,21,12,3.25,12/16/2024,,0,,FALSE,,,,
5165,3021,21,21,1,12/16/2024,,0,,FALSE,,,,
5166,,21,23,1,12/16/2024,,0,,FALSE,,,,
5167,1640,9,50,1,12/16/2024,5S・梱包「SHT-018」,0,,FALSE,,,,
5168,3031,9,10,4,12/16/2024,,0,,FALSE,,,,
5169,1640,9,42,0.5,12/16/2024,,0,,FALSE,,,,
5170,2276,9,53,5,12/16/2024,,0,,FALSE,,,,
5171,3037,9,12,0.75,12/17/2024,砂ショット,0,,FALSE,,,,
5172,2499,9,12,0.5,12/17/2024,砂ショット,0,,FALSE,,,,
5173,3033,9,10,3,12/17/2024,,0,,FALSE,,,,
5174,3025,9,12,1.75,12/17/2024,,0,,FALSE,,,,
5175,3021,9,22,0.5,12/18/2024,,0,,FALSE,,,,
5176,3026,9,11,3,12/17/2024,,0,,FALSE,,,,
5177,1640,9,50,1,12/18/2024,,0,,FALSE,,,,
5180,1640,9,51,0.5,12/18/2024,8-161-5,0,,FALSE,,,,
5182,3026,9,12,3,12/17/2024,,0,,FALSE,,,,
5183,3039,9,40,2.75,12/18/2024,,0,,FALSE,,,,
5184,3027,9,13,4.5,12/18/2024,,0,,FALSE,,,,
5185,3025,9,12,1,12/18/2024,,0,,FALSE,,,,
5186,3028,9,13,0.5,12/18/2024,,0,,FALSE,,,,
5187,2800,9,40,2.5,12/19/2024,,0,,FALSE,391ｘ305　VIET,,,
5188,3041,9,42,2.5,12/19/2024,プラグ修理,0,,FALSE,,,,
5189,3036,9,23,1.5,12/19/2024,,0,,FALSE,,,,
5190,3031,9,11,0.75,12/19/2024,,0,,FALSE,,,,
5191,3042,9,10,2,12/19/2024,,0,,FALSE,,,,
5192,1640,9,50,0.5,12/19/2024,梱包・5S,0,,FALSE,,,,
5193,1640,9,888,1,12/19/2024,金型写真[DIC-153～157],0,,FALSE,,,,
5194,3044,9,41,0.75,12/20/2024,,0,,FALSE,,,,
5195,3043,9,20,1.5,12/20/2024,,0,,FALSE,,,,
5196,3031,9,11,2.5,12/20/2024,,0,,FALSE,,,,
5197,3031,9,12,2.75,12/20/2024,,0,,FALSE,,,,
5198,3032,9,13,4,12/23/2024,,0,,FALSE,,,,
5199,3028,9,13,1.5,12/20/2024,,0,,FALSE,,,,
5200,1640,9,50,0.5,12/20/2024,,0,,FALSE,,,,
5202,1640,9,50,2.5,12/23/2024,5S・梱包,0,,FALSE,,,,
5203,3045,9,10,3,12/23/2024,,0,,FALSE,,,,
5204,3033,9,11,1.75,12/23/2024,,0,,FALSE,,,,
5205,1640,21,50,0.5,12/24/2024,,0,,FALSE,,,,
5206,3033,21,12,2.5,12/24/2024,,0,,FALSE,,,,
5207,3043,21,21,0.5,12/24/2024,,0,,FALSE,,,,
5208,3043,21,22,0.5,12/24/2024,,0,,FALSE,,,,
5210,3042,21,11,3,12/24/2024,,0,,FALSE,,,,
5211,1640,9,50,0.5,12/24/2024,,0,,FALSE,,,,
5213,3047,9,10,3,12/24/2024,,0,,FALSE,,,,
5219,3042,9,12,3,12/24/2024,,0,,FALSE,,,,
5220,3050,9,20,1.5,12/24/2024,,0,,FALSE,,,,
5221,1640,9,54,3,12/24/2024,機械メンテナンス,0,,FALSE,,,,
5222,1640,21,50,0.5,12/25/2024,,0,,FALSE,,,,
5223,3053,21,13,4,12/25/2024,,0,,FALSE,,,,
5224,1640,9,50,2,12/25/2024,,0,,FALSE,,,,
5225,3045,9,10,1,12/25/2024,彫刻・面取り,0,,FALSE,,,,
5226,3047,9,10,1,12/25/2024,彫刻・面取り,0,,FALSE,,,,
5227,3050,9,21,0.5,12/25/2024,,0,,FALSE,,,,
5228,3050,9,22,0.5,12/25/2024,,0,,FALSE,,,,
5229,,21,23,0.75,12/25/2024,,0,,FALSE,,,,
5230,3051,21,23,0.75,12/25/2024,,0,,FALSE,,,,
5231,3019,9,888,2,12/25/2024,治具作成,0,,FALSE,,,,
5232,3052,21,13,1.75,12/25/2024,,0,,FALSE,,,,
5233,1640,9,51,0.5,12/25/2024,梱包　「9-162-7　R4」,0,,FALSE,,,,
5234,3045,9,11,1.5,12/25/2024,,0,,FALSE,,,,
5235,1640,21,50,0.5,12/26/2024,,0,,FALSE,,,,
5236,3045,21,11,2.75,12/26/2024,,0,,FALSE,,,,
5237,3052,21,13,3.25,12/26/2024,,0,,FALSE,,,,
5238,1640,9,50,3,12/26/2024,,0,,FALSE,,,,
5239,3046,9,40,3.5,12/26/2024,,0,,FALSE,,,,
5240,3013,9,12,1.5,12/26/2024,,0,,FALSE,,,,
5241,3034,9,13,1,12/26/2024,,0,,FALSE,,,,
5243,2031,9,888,3.25,12/9/2024,302号室掃除,0,,FALSE,Don phong Thom,,,
5245,1640,21,50,0.5,12/27/2024,,0,,FALSE,,,,
5246,3047,21,11,3.5,12/27/2024,,0,,FALSE,,,,
5247,3048,21,13,3,12/27/2024,,0,,FALSE,,,,
5248,3055,9,23,0.5,12/27/2024,,0,,FALSE,,,,
5249,3045,9,12,3.5,12/27/2024,,0,,FALSE,,,,
5250,1640,9,42,2,12/27/2024,下スタッキング修理・プラグ穴あけ,0,,FALSE,,,,
5251,1640,9,50,2.25,12/27/2024,,0,,FALSE,,,,
5252,1640,9,50,4,12/28/2024,大掃除,0,,FALSE,,,,
5253,1640,21,50,3,12/28/2024,大掃除,0,,FALSE,,,,
5254,1640,21,50,0.25,1/6/2025,,0,,FALSE,,,,
5255,1640,9,50,0.5,1/6/2025,5S・梱包[6-159-8],0,,FALSE,,,,
5256,3047,9,12,2.5,1/6/2025,,0,,FALSE,,,,
5257,3048,21,13,2,1/6/2025,,0,,FALSE,,,,
5258,3034,21,13,2,1/6/2025,,0,,FALSE,,,,
5259,3014,21,13,2.75,1/6/2025,,0,,FALSE,,,,
5260,3056,9,10,2,1/6/2025,,0,,FALSE,,,,
5261,3058,9,10,3,1/6/2025,,0,,FALSE,,,,
5266,2205,9,42,0.25,1/6/2025,M6ザグリ,0,,FALSE,,,,
5267,1640,9,888,0.5,1/6/2025,台湾機事故対応,0,,FALSE,,,,
5269,1640,21,50,0.75,1/7/2025,,0,,FALSE,,,,
5270,1640,9,50,0.5,1/7/2025,,0,,FALSE,,,,
5271,3058,9,10,1,1/7/2025,,0,,FALSE,,,,
5272,3056,21,11,2.5,1/7/2025,,0,,FALSE,,,,
5274,3014,21,13,0.5,1/7/2025,,0,,FALSE,,,,
5275,3057,21,13,3,1/7/2025,,0,,FALSE,,,,
5276,1640,9,51,1,1/7/2025,6-159-7 R4、DIC-150　スタッキング、Ｆ-200-1,0,,FALSE,,,,
5277,3056,9,10,1.5,1/7/2025,,0,,FALSE,,,,
5278,3060,9,10,3.5,1/7/2025,,0,,FALSE,,,,
5279,3063,9,40,1.5,1/7/2025,,0,,FALSE,,,,
5280,1640,21,50,0.5,1/8/2025,,0,,FALSE,,,,
5281,3056,21,12,3,1/8/2025,,0,,FALSE,,,,
5282,3058,21,11,1.5,1/8/2025,,0,,FALSE,,,,
5283,3058,21,12,2,1/8/2025,,0,,FALSE,,,,
5284,3064,9,10,3,1/8/2025,,0,,FALSE,,,,
5285,1640,9,40,3,1/8/2025,A タイプ,0,,FALSE,,,,
5286,1640,9,50,2.5,1/8/2025,キリコ・アルミの出荷対応・5S,0,,FALSE,,,,
5288,3065,9,10,1.5,1/8/2025,,0,,FALSE,,,,
5289,3067,9,20,1.5,1/8/2025,,0,,FALSE,,,,
5290,1640,21,50,0.5,1/9/2025,,0,,FALSE,,,,
5291,3058,21,12,1,1/9/2025,,0,,FALSE,,,,
5292,3059,21,13,3.5,1/9/2025,,0,,FALSE,,,,
5293,3057,21,13,2,1/9/2025,,0,,FALSE,,,,
5294,1640,9,50,0.5,1/9/2025,,0,,FALSE,,,,
5295,3068,9,40,3,1/9/2025,,0,,FALSE,,,,
5296,3064,9,10,1,1/9/2025,,0,,FALSE,,,,
5297,1640,9,888,0.5,1/9/2025,２階の機械修理応援,0,,FALSE,,,,
5298,1640,9,888,4,1/9/2025,金型整理・データ処理,0,,FALSE,,,,
5299,1640,21,50,0.5,1/10/2025,,0,,FALSE,,,,
5300,3061,21,13,4.5,1/10/2025,,0,,FALSE,,,,
5302,3064,21,11,2,1/10/2025,,0,,FALSE,,,,
5303,3069,9,55,0.75,1/10/2025,,0,,FALSE,,,,
5305,1640,9,50,0.5,1/10/2025,,0,,FALSE,,,,
5306,1640,9,888,6,1/10/2025,機械故障対応,0,,FALSE,,,,
5307,3070,9,10,3,1/10/2025,,0,,FALSE,,,,
5308,1640,21,50,0.5,1/14/2025,,0,,FALSE,,,,
5309,3064,21,11,1,1/14/2025,,0,,FALSE,,,,
5310,3060,21,11,3,1/14/2025,,0,,FALSE,,,,
5312,3074,21,13,2.5,1/14/2025,,0,,FALSE,,,,
5313,1640,9,50,1.5,1/14/2025,,0,,FALSE,,,,
5314,3014,9,42,1,1/14/2025,プラグ調整,0,,FALSE,,,,
5315,1640,9,888,0.5,1/14/2025,"金型写真　SMK-170, 172",0,,FALSE,,,,
5316,3049,9,40,4,1/15/2025,スタキング・梱包「茨城工場へ」,0,,FALSE,,,,
5317,3069,9,10,2,1/14/2025,外周削り,0,,FALSE,,,,
5318,,9,14,1.5,1/14/2025,外周削り,0,,FALSE,,,,
5319,1640,9,888,5,1/14/2025,機械故障対応,0,,FALSE,,,,
5320,1640,9,40,0.5,1/14/2025,スタッキング直し,0,,FALSE,,,,
5321,1640,21,50,1.25,1/15/2025,,0,,FALSE,,,,
5322,3064,21,12,2.5,1/15/2025,,0,,FALSE,,,,
5323,3074,21,13,0.5,1/15/2025,,0,,FALSE,,,,
5324,3070,21,11,2.75,1/15/2025,,0,,FALSE,,,,
5325,1640,9,50,0.75,1/15/2025,コンプレッサー定期点検・オイル交換,0,,FALSE,,,,
5326,1640,9,42,1,1/15/2025,プラグ調整・木板製作,0,,FALSE,,,,
5328,1640,9,888,3.25,1/15/2025,機械故障対応,0,,FALSE,,,,
5329,1640,21,,0.25,1/16/2025,,0,,FALSE,,,,
5330,3060,21,12,3,1/16/2025,,0,,FALSE,,,,
5331,3070,21,12,2.5,1/16/2025,,0,,FALSE,,,,
5332,3064,21,12,1,1/16/2025,,0,,FALSE,,,,
5333,1640,21,50,0.5,1/16/2025,,0,,FALSE,,,,
5334,3080,9,10,3,1/16/2025,,0,,FALSE,,,,
5335,1640,9,888,7.5,1/16/2025,機械故障対応,0,,FALSE,,,,
5336,1640,9,50,0.5,1/17/2025,,0,,FALSE,,,,
5337,1640,21,50,0.5,1/17/2025,,0,,FALSE,,,,
5338,3071,21,13,3,1/17/2025,,0,,FALSE,,,,
5339,3060,21,12,1,1/17/2025,,0,,FALSE,,,,
5340,1640,21,40,2.5,1/17/2025,銅板作成,0,,FALSE,,,,
5342,3081,9,12,0.5,1/17/2025,,0,,FALSE,,,,
5343,3057,9,42,0.5,1/17/2025,,0,,FALSE,,,,
5344,3067,9,20,1,1/17/2025,,0,,FALSE,,,,
5345,3080,9,10,1.5,1/17/2025,,0,,FALSE,,,,
5346,1640,9,888,5.25,1/17/2025,機械故障対応,0,,FALSE,,,,
5347,1640,9,50,2,1/18/2025,,0,,FALSE,,,,
5348,3082,9,10,2,1/18/2025,彫刻追加工　2501699-1,0,,FALSE,,,,
5349,3080,21,11,3.5,1/18/2025,,0,,FALSE,,,,
5350,,21,23,0.5,1/18/2025,,0,,FALSE,,,,
5351,3067,21,21,0.5,1/18/2025,,0,,FALSE,,,,
5352,3083,21,23,0.5,1/18/2025,,0,,FALSE,,,,
5353,3080,21,12,2,1/18/2025,,0,,FALSE,,,,
5354,1640,21,50,0.5,1/18/2025,,0,,FALSE,,,,
5356,1640,9,888,4,1/18/2025,機械故障対応,0,,FALSE,,,,
5357,1640,21,50,0.25,1/20/2025,,0,,FALSE,,,,
5358,3080,21,12,2.75,1/20/2025,,0,,FALSE,,,,
5359,1640,9,50,0.5,1/20/2025,,0,,FALSE,,,,
5360,1640,9,40,2,1/20/2025,Aタイプ,0,,FALSE,,,,
5361,2276,9,53,5.5,1/20/2025,金型・抜き型棚卸し,0,,FALSE,,,,
5362,1640,21,50,0.25,1/21/2025,,0,,FALSE,,,,
5363,1640,9,50,0.5,1/21/2025,,0,,FALSE,,,,
5364,3067,21,12,1.5,1/21/2025,,0,,FALSE,,,,
5366,1640,21,40,1.75,1/21/2025,銅板作成,0,,FALSE,,,,
5367,3084,21,13,0.5,1/21/2025,,0,,FALSE,,,,
5368,3019,9,888,2,1/21/2025,機械セットアップ,0,,FALSE,,,,
5369,3019,9,888,2,1/21/2025,金型砂ショット・ミガキ,0,,FALSE,,,,
5370,2276,9,53,4,1/21/2025,リスト作成,0,,FALSE,,,,
5371,1640,21,50,2,1/22/2025,,0,,FALSE,,,,
5372,3084,21,13,5,1/22/2025,,0,,FALSE,,,,
5373,1640,9,40,2,1/22/2025,,0,,FALSE,,,,
5374,2276,9,53,6,1/22/2025,,0,,FALSE,,,,
5375,1640,21,50,0.5,1/23/2025,,0,,FALSE,,,,
5376,1640,21,40,3,1/23/2025,,0,,FALSE,,,,
5378,1640,21,888,2.5,1/23/2025,抜型棚卸し応援,0,,FALSE,,,,
5379,2276,9,53,8,1/23/2025,棚卸し・データ処理,0,,FALSE,,,,
5380,1640,21,50,0.5,1/24/2025,,0,,FALSE,,,,
5381,1640,21,41,2,1/24/2025,STD-006,0,,FALSE,,,,
5382,3019,21,11,1.5,1/24/2025,,0,,FALSE,,,,
5383,1640,21,40,3,1/24/2025,銅板作成,0,,FALSE,,,,
5384,1640,9,50,1,1/24/2025,,0,,FALSE,,,,
5385,3019,9,10,1.5,1/24/2025,バック穴追加工,0,,FALSE,,,,
5386,3019,9,888,2,1/24/2025,機械セット,0,,FALSE,,,,
5387,2276,9,53,3.5,1/24/2025,抜型棚卸し・データ処理,0,,FALSE,,,,
5388,1640,21,50,0.5,1/27/2025,,0,,FALSE,,,,
5389,2276,21,888,3,1/27/2025,抜型データ入力,0,,FALSE,,,,
5391,2276,21,888,3.5,1/27/2025,スタッキング用木板製作,0,,FALSE,,,,
5392,1640,9,888,4,1/27/2025,6号機ヒーターフレーム交換応援,0,,FALSE,,,,
5393,2276,9,53,3.5,1/27/2025,抜型棚卸し・データ処理,0,,FALSE,,,,
5394,1640,9,50,0.5,1/27/2025,,0,,FALSE,,,,
5395,1640,21,50,2.5,1/28/2025,スタッキング用木板製作,0,,FALSE,,,,
5396,3085,21,40,3.5,1/28/2025,,0,,FALSE,,,,
5397,2276,21,888,1,1/28/2025,抜型棚卸し,0,,FALSE,,,,
5398,1640,9,50,0.5,1/28/2025,,0,,FALSE,,,,
5399,1640,9,888,0.5,1/28/2025,金型写真撮影,0,,FALSE,,,,
5400,2276,9,888,7,1/28/2025,データ処理・プログラム作成,0,,FALSE,,,,
5401,1640,21,50,2.5,1/29/2025,,0,,FALSE,,,,
5402,3074,21,41,0.5,1/29/2025,,0,,FALSE,,,,
5403,2276,21,888,4,1/29/2025,金型整理応援,0,,FALSE,,,,
5405,2276,9,888,9,1/29/2025,データ処理・金型検索プログラム作成,0,,FALSE,,,,
5406,1640,21,50,2,1/30/2025,,0,,FALSE,,,,
5407,1640,21,888,3,1/30/2025,金型整理・データ入力,0,,FALSE,,,,
5408,1640,21,888,2,1/30/2025,水冷盤・スタッキング用部品準備など,0,,FALSE,,,,
5409,1640,9,888,1,1/30/2025,機械故障対応,0,,FALSE,,,,
5410,1640,9,888,8,1/30/2025,金型・抜き型管理プログラム作成,0,,FALSE,,,,
5411,1640,9,888,3.25,1/31/2025,成形機械修理応援,0,,FALSE,,,,
5413,3019,9,888,2.25,1/31/2025,金型ミガキ・成形応援,0,,FALSE,,,,
5414,3086,9,10,3,1/31/2025,アンダースタック追加工,0,,FALSE,,,,
5415,1640,21,50,0.5,2/3/2025,,0,,FALSE,,,,
5416,1640,21,53,6.25,2/3/2025,棚卸し,0,,FALSE,,,,
5418,1640,9,50,0.5,2/3/2025,,0,,FALSE,,,,
5419,1640,9,888,1.5,2/3/2025,金型写真,0,,FALSE,,,,
5420,3019,9,10,6,2/3/2025,金型修正 585x285,0,,FALSE,,,,
5421,1640,21,50,1,2/5/2025,,0,,FALSE,,,,
5422,3086,21,12,2,2/5/2025,,0,,FALSE,,,,
5423,2276,21,888,4,2/5/2025,棚卸し・型番不明金型確認,0,,FALSE,,,,
5424,1640,9,50,0.5,2/5/2025,,0,,FALSE,,,,
5425,1640,9,888,1,2/5/2025,金型写真撮影,0,,FALSE,,,,
5426,3087,9,10,4,2/5/2025,,0,,FALSE,,,,
5427,2276,9,888,2.75,2/5/2025,金型管理プログラム作成,0,,FALSE,,,,
5428,1640,21,50,0.5,2/4/2025,,0,,FALSE,,,,
5433,1640,9,50,1,2/4/2025,,0,,FALSE,,,,
5434,3019,9,10,5,2/4/2025,金型改造,0,,FALSE,,,,
5435,1640,9,888,2,2/4/2025,成形機用熱止め板作成,0,,FALSE,,,,
5438,1640,21,50,0.5,2/6/2025,,0,,FALSE,,,,
5439,1640,21,888,6.5,2/6/2025,金型棚卸し・データ処理,0,,FALSE,,,,
5440,3088,9,10,3,2/6/2025,,0,,FALSE,,,,
5441,1640,9,888,5.75,2/6/2025,機械の修理業者の対応・5S,0,,FALSE,,,,
5442,1640,9,51,0.5,2/6/2025,MZT-145 金型・プラグ・抜型返却,0,,FALSE,,,,
5443,1640,21,888,6.5,2/4/2025,棚卸し・データ入力,0,,FALSE,,,,
5444,1640,21,50,1,2/7/2025,,0,,FALSE,,,,
5445,1640,21,51,1,2/7/2025,MZT-142 金型・プラグ・抜型返却,0,,FALSE,,,,
5446,1640,21,888,5,2/7/2025,金型データ処理,0,,FALSE,,,,
5447,1640,9,50,2,2/7/2025,,0,,FALSE,,,,
5448,1640,9,888,6.5,2/7/2025,機械修理作業者対応・加工準備,0,,FALSE,,,,
5449,3019,9,888,0.5,2/7/2025,TKS-020の縁折り,0,,FALSE,,,,
5450,,9,24,1.5,2/7/2025,,0,,FALSE,,,,
5453,1640,21,50,0.5,2/10/2025,,0,,FALSE,,,,
5454,1640,9,50,2,2/10/2025,クーラントタンク掃除　CMX1100V,0,,FALSE,,,,
5455,1640,9,888,1.5,2/10/2025,AMP金型刻印確認　,0,,FALSE,,,,
5456,3087,21,11,4.5,2/10/2025,,0,,FALSE,,,,
5457,3091,21,13,2,2/10/2025,,0,,FALSE,,,,
5458,3093,9,10,3,2/10/2025,,0,,FALSE,,,,
5459,3088,9,11,1.5,2/10/2025,,0,,FALSE,,,,
5460,3088,9,12,2.5,2/11/2025,,0,,FALSE,,,,
5461,3089,9,13,3.5,2/11/2025,,0,,FALSE,,,,
5462,3087,9,12,1,2/11/2025,,0,,FALSE,,,,
5463,3088,9,11,1,2/11/2025,,0,,FALSE,,,,
5464,1640,21,50,0.5,2/12/2025,,0,,FALSE,,,,
5465,1640,9,888,4.5,2/12/2025,金型穴あけ用タンク掃除・データ処理,0,,FALSE,,,,
5466,3093,9,10,1,2/12/2025,彫刻・面取り,0,,FALSE,,,,
5467,3093,9,11,2.5,2/12/2025,,0,,FALSE,,,,
5468,3093,9,12,3,2/13/2025,,0,,FALSE,,,,
5469,3094,21,13,0.5,2/12/2025,,0,,FALSE,,,,
5470,3087,21,12,2.5,2/12/2025,,0,,FALSE,,,,
5471,3091,21,13,3.5,2/12/2025,,0,,FALSE,,,,
5472,3094,9,13,3,2/13/2025,,0,,FALSE,,,,
5473,1640,9,51,0.5,2/12/2025,1-163-2 R5,0,,FALSE,,,,
5474,1640,21,50,0.5,2/13/2025,,0,,FALSE,,,,
5475,3019,21,888,6.5,2/13/2025,TKS-020の縁折り,0,,FALSE,,,,
5476,3019,9,888,0.5,2/13/2025,TKS-020の縁折り,0,,FALSE,,,,
5477,3097,9,10,2,2/13/2025,,0,,FALSE,,,,
5478,1640,21,50,0.25,2/14/2025,,0,,FALSE,,,,
5479,3019,21,888,5,2/14/2025,TKS-020の縁折り,0,,FALSE,,,,
5480,3096,21,21,0.5,2/14/2025,,0,,FALSE,,,,
5481,3096,21,22,0.5,2/14/2025,,0,,FALSE,,,,
5482,3100,21,23,0.75,2/14/2025,,0,,FALSE,,,,
5483,1640,9,888,2.5,2/14/2025,5S・DIM金型棚卸し,0,,FALSE,,,,
5484,3097,9,10,1.5,2/14/2025,彫刻・面取り,0,,FALSE,,,,
5485,3098,9,10,2,2/14/2025,,0,,FALSE,,,,
5486,1640,9,888,2,2/14/2025,健康診断,0,,FALSE,,,,
5487,1640,21,50,0.25,2/15/2025,,0,,FALSE,,,,
5488,,21,13,2.5,2/15/2025,,0,,FALSE,,,,
5489,1640,9,50,1.5,2/15/2025,,0,,FALSE,,,,
5490,3103,9,40,3.5,2/15/2025,,0,,FALSE,,,,
5491,3104,9,20,1.5,2/15/2025,,0,,FALSE,,,,
5492,3098,9,10,1.5,2/15/2025,彫刻・面取り,0,,FALSE,,,,
5493,3102,21,13,1.75,2/15/2025,,0,,FALSE,,,,
5494,3102,9,13,0.25,2/15/2025,,0,,FALSE,,,,
5495,1640,21,50,0.25,2/17/2025,,0,,FALSE,,,,
5497,3097,21,11,3.5,2/17/2025,,0,,FALSE,,,,
5498,3097,21,12,2.75,2/17/2025,,0,,FALSE,,,,
5499,3105,9,888,6,2/17/2025,治具作成,0,,FALSE,,,,
5500,1640,9,888,2.5,2/17/2025,5Ｓ・DuraVertical 5080機械のＣＮＣバッテリー交換,0,,FALSE,,,,
5501,1640,9,50,2,2/18/2025,クーラントタンク掃除,0,,FALSE,,,,
5502,3105,9,888,4,2/18/2025,治具作成・機械設定,0,,FALSE,,,,
5503,3106,9,10,2,2/18/2025,,0,,FALSE,,,,
5504,1640,21,50,0.25,2/20/2025,,0,,FALSE,,,,
5505,3104,21,21,1,2/20/2025,,0,,FALSE,,,,
5506,3104,21,22,1,2/20/2025,,0,,FALSE,,,,
5507,3098,21,11,2.25,2/20/2025,,0,,FALSE,,,,
5508,3109,21,13,2.5,2/20/2025,,0,,FALSE,,,,
5509,1640,21,50,0.5,2/21/2025,,0,,FALSE,,,,
5510,1640,9,50,0.5,2/21/2025,,0,,FALSE,,,,
5512,3120,9,20,1.5,2/21/2025,,0,,FALSE,,,,
5513,3106,9,10,1.5,2/21/2025,彫刻・面取り,0,,FALSE,,,,
5514,3106,9,11,2,2/21/2025,,0,,FALSE,,,,
5515,3110,21,13,3,2/21/2025,,0,,FALSE,,,,
5517,3111,9,10,2.5,2/21/2025,,0,,FALSE,,,,
5518,3109,21,13,1,2/21/2025,,0,,FALSE,,,,
5519,3106,21,12,2.5,2/21/2025,,0,,FALSE,,,,
5520,1640,21,50,0.5,2/25/2025,,0,,FALSE,,,,
5521,3110,21,13,1,2/25/2025,,0,,FALSE,,,,
5522,3120,21,21,0.5,2/25/2025,,0,,FALSE,,,,
5523,3098,21,12,2.5,2/25/2025,,0,,FALSE,,,,
5524,1640,21,40,2.5,2/25/2025,,0,,FALSE,,,,
5525,3122,9,10,2.5,2/25/2025,金型改造,0,,FALSE,,,,
5526,3111,9,10,1.5,2/25/2025,彫刻・面取り,0,,FALSE,,,,
5528,2276,9,888,4,2/25/2025,プログラム作成,0,,FALSE,,,,
5529,1640,9,888,0.5,2/25/2025,金型改造確認,0,,FALSE,,,,
5530,1640,21,50,0.5,2/26/2025,,0,,FALSE,,,,
5531,,21,40,2,2/26/2025,,0,,FALSE,,,,
5532,3120,21,21,0.5,2/26/2025,,0,,FALSE,,,,
5533,3120,21,22,0.75,2/26/2025,,0,,FALSE,,,,
5534,3111,21,11,3,2/26/2025,,0,,FALSE,,,,
5535,3123,21,40,2.25,2/26/2025,,0,,FALSE,,,,
5536,1640,9,50,1,2/26/2025,キリコだし,0,,FALSE,,,,
5539,1640,9,888,2,2/26/2025,病院へ,0,,FALSE,,,,
5540,3113,9,10,3,2/26/2025,,0,,FALSE,,,,
5541,2276,9,53,3,2/26/2025,,0,,FALSE,,,,
5542,1640,21,50,1,2/27/2025,,0,,FALSE,,,,
5543,3121,21,23,1,2/27/2025,,0,,FALSE,,,,
5544,3111,21,12,3,2/27/2025,,0,,FALSE,,,,
5545,3123,21,40,2,2/27/2025,,0,,FALSE,,,,
5546,1640,9,50,0.5,2/27/2025,,0,,FALSE,,,,
5547,3124,9,20,3,2/27/2025,,0,,FALSE,,,,
5548,1640,9,53,4.5,2/27/2025,データ処理・プログラム作成,0,,FALSE,,,,
5549,1640,21,50,0.5,2/28/2025,,0,,FALSE,,,,
5550,3125,21,40,3.5,2/28/2025,,0,,FALSE,,,,
5551,3124,21,21,1.5,2/28/2025,,0,,FALSE,,,,
5552,3124,21,22,1.5,2/28/2025,,0,,FALSE,,,,
5553,1640,9,50,0.5,2/28/2025,,0,,FALSE,,,,
5554,3126,9,10,2.5,2/28/2025,,0,,FALSE,,,,
5555,3113,9,10,1.5,2/28/2025,彫刻・面取り,0,,FALSE,,,,
5556,1640,9,53,3.5,2/28/2025,,0,,FALSE,,,,
5557,1640,21,50,1,3/1/2025,,0,,FALSE,,,,
5558,3127,21,23,1.5,3/1/2025,,0,,FALSE,,,,
5559,3113,21,11,3,3/1/2025,,0,,FALSE,,,,
5560,3125,21,40,1.5,3/1/2025,,0,,FALSE,,,,
5561,1640,9,50,1,3/1/2025,,0,,FALSE,,,,
5562,2219,9,42,1.5,3/1/2025,プラグ調整,0,,FALSE,,,,
5563,3128,9,10,3,3/1/2025,,0,,FALSE,,,,
5564,3126,9,10,1,3/1/2025,,0,,FALSE,,,,
5565,1640,9,888,1.5,3/1/2025,金型写真撮影・金型整理,0,,FALSE,,,,
5566,1640,9,50,1,3/3/2025,,0,,FALSE,,,,
5567,1640,9,888,1.5,3/3/2025,治具作成,0,,FALSE,,,,
5568,3129,9,10,3,3/3/2025,,0,,FALSE,,,,
5569,3128,9,10,1.5,3/4/2025,,0,,FALSE,,,,
5570,,9,40,2.5,3/3/2025,,0,,FALSE,,,,
5571,3130,9,40,3.25,3/3/2025,,0,,FALSE,,,,
5572,1640,21,50,0.5,3/4/2025,,0,,FALSE,,,,
5573,3113,21,12,3,3/4/2025,,0,,FALSE,,,,
5575,1640,21,888,2.5,3/4/2025,健康診断,0,,FALSE,,,,
5576,3128,21,11,1,3/4/2025,,0,,FALSE,,,,
5577,1640,9,50,0.5,3/4/2025,,0,,FALSE,,,,
5578,3131,9,10,3,3/4/2025,,0,,FALSE,,,,
5580,3127,9,41,0.5,3/4/2025,,0,,FALSE,,,,
5581,2276,9,53,2.5,3/4/2025,OOT,0,,FALSE,,,,
5582,3132,9,10,4,3/5/2025,SHAPE FORM　2台,0,,FALSE,,,,
5583,3133,9,888,3,3/5/2025,改造検討,0,,FALSE,,,,
5584,1640,9,50,1,3/5/2025,,0,,FALSE,,,,
5585,1640,21,50,1,3/6/2025,,0,,FALSE,,,,
5586,3126,21,11,2.5,3/6/2025,,0,,FALSE,,,,
5587,3128,21,11,2,3/6/2025,,0,,FALSE,,,,
5588,3126,21,12,1.5,3/6/2025,,0,,FALSE,,,,
5589,3132,9,14,3.25,3/6/2025,SHAPE FORM　2台,0,,FALSE,,,,
5590,1640,9,888,1,3/6/2025,病院へ,0,,FALSE,,,,
5591,1640,9,888,1.5,3/6/2025,金型写真撮影・梱包[DIMシリーズ],0,,FALSE,,,,
5592,1640,9,888,3,3/6/2025,シャッター修理,0,,FALSE,,,,
5593,1640,21,50,0.5,3/7/2025,,0,,FALSE,,,,
5594,3129,9,10,1.5,3/7/2025,彫刻・面取り,0,,FALSE,,,,
5595,3129,21,11,4,3/7/2025,,0,,FALSE,,,,
5596,3139,21,13,2.75,3/7/2025,,0,,FALSE,,,,
5597,3143,9,10,3,3/7/2025,,0,,FALSE,,,,
5598,3134,9,10,3,3/10/2025,,0,,FALSE,,,,
5599,1640,9,888,2.75,3/7/2025,シャッター修理・5S,0,,FALSE,,,,
5600,3129,9,12,3,3/7/2025,,0,,FALSE,,,,
5601,3131,21,11,3,3/10/2025,,0,,FALSE,Ghi nham sang khuon TEST,,,
5602,3137,21,13,3,3/10/2025,,0,,FALSE,,,,
5603,3139,21,13,0.75,3/10/2025,,0,,FALSE,,,,
5604,1640,21,50,0.25,3/10/2025,,0,,FALSE,,,,
5605,1640,9,50,1,3/10/2025,,0,,FALSE,,,,
5606,3145,9,10,2.75,3/10/2025,,0,,FALSE,,,,
5607,3147,9,10,3,3/10/2025,,0,,FALSE,,,,
5608,3131,9,12,1.25,3/10/2025,,0,,FALSE,,,,
5609,1640,9,50,1,3/11/2025,,0,,FALSE,,,,
5610,1640,21,50,0.5,3/11/2025,,0,,FALSE,,,,
5611,3131,9,12,2.5,3/11/2025,,0,,FALSE,,,,
5612,3137,21,13,1.5,3/11/2025,,0,,FALSE,,,,
5613,3143,21,11,3,3/11/2025,,0,,FALSE,,,,
5614,3126,21,12,2,3/11/2025,,0,,FALSE,,,,
5616,2276,9,53,1,3/11/2025,,0,,FALSE,,,,
5617,1640,9,888,4.5,3/11/2025,シャッター修理・レール取付,0,,FALSE,,,,
5618,1640,21,50,0.5,3/12/2025,,0,,FALSE,,,,
5619,3143,9,11,1.5,3/12/2025,,0,,FALSE,,,,
5620,3141,21,13,3.5,3/12/2025,,0,,FALSE,,,,
5621,3135,21,13,3,3/12/2025,,0,,FALSE,,,,
5622,3134,9,10,1.5,3/12/2025,彫刻・面取り,0,,FALSE,,,,
5623,3134,9,11,2.75,3/12/2025,,0,,FALSE,,,,
5624,3134,9,12,3.25,3/12/2025,,0,,FALSE,,,,
5625,3134,9,11,1.5,3/13/2025,,0,,FALSE,,,,
5627,1640,21,50,0.5,3/13/2025,,0,,FALSE,,,,
5628,3145,21,11,3,3/13/2025,,0,,FALSE,,,,
5630,3143,21,12,1.5,3/13/2025,,0,,FALSE,,,,
5631,3108,21,13,2,3/13/2025,,0,,FALSE,,,,
5632,3143,9,12,1,3/13/2025,,0,,FALSE,,,,
5633,3144,9,13,2.75,3/13/2025,,0,,FALSE,,,,
5634,3132,9,14,3.5,3/13/2025,SHAPE FORM　BASE PLATE,0,,FALSE,,,,
5635,1640,9,888,1.5,3/13/2025,廃棄金型回収の対応・写真,0,,FALSE,,,,
5636,3147,9,10,0.5,3/13/2025,彫刻・面取り,0,,FALSE,,,,
5637,1640,21,50,0.5,3/14/2025,,0,,FALSE,,,,
5638,1640,9,50,0.5,3/14/2025,,0,,FALSE,,,,
5639,3145,9,10,1.5,3/14/2025,彫刻・面取り・バック穴追加工,0,,FALSE,,,,
5640,3145,9,12,2.5,3/14/2025,,0,,FALSE,,,,
5641,3146,21,13,4,3/14/2025,,0,,FALSE,,,,
5642,3147,21,11,2.5,3/14/2025,,0,,FALSE,,,,
5644,3158,9,10,3.5,3/14/2025,,0,,FALSE,,,,
5645,1640,9,888,0.5,3/14/2025,抜型確認,0,,FALSE,,,,
5646,3147,9,11,1,3/15/2025,,0,,FALSE,,,,
5647,3147,9,12,3,3/15/2025,,0,,FALSE,,,,
5648,3148,9,13,3,3/15/2025,,0,,FALSE,,,,
5649,3158,9,10,1,3/15/2025,,0,,FALSE,,,,
5650,1640,21,50,0.5,3/17/2025,,0,,FALSE,,,,
5652,3112,21,13,3,3/17/2025,,0,,FALSE,,,,
5653,3158,21,11,3.5,3/17/2025,,0,,FALSE,,,,
5654,1640,9,50,1,3/17/2025,,0,,FALSE,,,,
5655,3161,9,10,4,3/17/2025,,0,,FALSE,,,,
5657,3154,9,10,2.75,3/17/2025,,0,,FALSE,,,,
5658,2276,9,53,1.25,3/17/2025,,0,,FALSE,,,,
5659,1640,21,50,0.5,3/18/2025,,0,,FALSE,,,,
5660,3158,21,11,0.5,3/18/2025,,0,,FALSE,,,,
5661,3158,21,12,3.5,3/18/2025,,0,,FALSE,,,,
5662,3159,21,13,2.5,3/18/2025,,0,,FALSE,,,,
5663,2802,9,42,1,3/18/2025,,0,,FALSE,,,,
5664,3163,9,41,0.25,3/18/2025,,0,,FALSE,,,,
5665,1640,9,888,1.5,3/18/2025,"金型写真撮影・確認[ASH-008,　009]",0,,FALSE,,,,
5666,3164,9,10,4,3/18/2025,プレート作成,0,,FALSE,,,,
5667,3161,9,10,2,3/18/2025,,0,,FALSE,,,,
5669,3135,9,42,1,3/18/2025,,0,,FALSE,,,,
5670,3165,9,10,4,3/19/2025,金型改造,0,,FALSE,,,,
5671,3159,21,13,3,3/19/2025,,0,,FALSE,,,,
5672,1640,9,50,1,3/19/2025,,0,,FALSE,,,,
5673,3154,9,10,1.5,3/19/2025,,0,,FALSE,,,,
5674,1640,9,888,2.5,3/19/2025,カーテン直し,0,,FALSE,,,,
5676,3166,9,10,3,3/20/2025,,0,,FALSE,,,,
5677,3161,9,10,3,3/20/2025,,0,,FALSE,,,,
5678,3162,9,13,4,3/20/2025,,0,,FALSE,,,,
5679,1640,21,50,0.5,3/21/2025,,0,,FALSE,,,,
5680,3154,21,11,2,3/21/2025,,0,,FALSE,,,,
5681,3155,21,13,3.5,3/21/2025,,0,,FALSE,,,,
5682,3162,21,13,1,3/21/2025,,0,,FALSE,,,,
5683,3161,9,11,3,3/21/2025,,0,,FALSE,,,,
5684,3161,9,12,3,3/21/2025,,0,,FALSE,,,,
5685,1640,9,50,2,3/21/2025,金型写真撮影・預かり書作成「JAE」、「MTE-002」,0,,FALSE,,,,
5686,1640,21,50,0.5,3/22/2025,,0,,FALSE,,,,
5687,1640,9,50,1,3/22/2025,,0,,FALSE,,,,
5688,3166,9,11,2,3/22/2025,,0,,FALSE,,,,
5689,3166,21,12,2.5,3/22/2025,,0,,FALSE,,,,
5691,3112,21,13,0.5,3/22/2025,木板製作,0,,FALSE,,,,
5693,3114,21,13,3,3/22/2025,,0,,FALSE,,,,
5694,3154,21,11,0.5,3/22/2025,,0,,FALSE,,,,
5695,2276,9,888,5,3/22/2025,データ処理,0,,FALSE,,,,
5696,1640,21,50,0.5,3/24/2025,,0,,FALSE,,,,
5697,3128,21,12,3,3/24/2025,,0,,FALSE,,,,
5698,3150,21,13,3.5,3/24/2025,,0,,FALSE,,,,
5699,1640,9,888,1.5,3/24/2025,粉砕機内部確認・取付,0,,FALSE,,,,
5700,2276,9,53,5.5,3/24/2025,データ処理,0,,FALSE,,,,
5701,3167,9,13,0.5,3/24/2025,プラグ調整,0,,FALSE,,,,
5702,1640,9,50,0.5,3/24/2025,,0,,FALSE,,,,
5704,3154,21,12,3,3/25/2025,,0,,FALSE,,,,
5705,3168,9,888,7,3/25/2025,お客様から受領したJAE-337トレーの寸法を再測定、トレーの3Dモデルを作成し、試作準備,0,,FALSE,,,,
5707,3114,21,41,1,3/25/2025,,0,,FALSE,,,,
5708,1640,21,50,2.5,3/25/2025,金型バック穴あけ用油交換,0,,FALSE,,,,
5709,1640,9,50,1,3/25/2025,,0,,FALSE,,,,
5710,1640,21,50,0.5,3/26/2025,,0,,FALSE,,,,
5711,1640,21,53,6.5,3/26/2025,棚卸し・データ処理,0,,FALSE,,,,
5712,1640,9,50,0.5,3/26/2025,,0,,FALSE,,,,
5713,3168,9,888,4,3/26/2025,寸法をトレイの寸法再測定、トレイの3D作成、試作準備,0,,FALSE,,,,
5714,3132,9,14,3.5,3/26/2025,RV74C用　BASE PLATE,0,,FALSE,,,,
5715,1640,21,50,0.5,3/27/2025,,0,,FALSE,,,,
5716,1640,21,53,5.5,3/27/2025,金型棚卸し・データ処理,0,,FALSE,,,,
5717,1640,9,50,0.25,3/27/2025,,0,,FALSE,,,,
5718,1640,9,53,6,3/27/2025,金型確認[SMK]・金型廃棄「NGK]・棚卸し,0,,FALSE,,,,
5719,3168,9,888,2.5,3/27/2025,トレイの寸法調整、3D作成,0,,FALSE,,,,
5720,3169,9,10,3,3/28/2025,,0,,FALSE,,,,
5721,1640,9,888,2,3/28/2025,金型整理・金型廃棄写真,0,,FALSE,,,,
5722,1640,9,888,1,3/28/2025,5S,0,,FALSE,,,,
5723,3168,9,888,2,3/28/2025,トレイの寸法調整、3D作成,0,,FALSE,,,,
5724,1640,21,50,0.5,3/31/2025,,0,,FALSE,,,,
5725,1640,21,888,2,3/31/2025,金型棚卸し,0,,FALSE,,,,
5726,3169,21,11,2,3/31/2025,,0,,FALSE,,,,
5727,3169,9,10,1,3/31/2025,,0,,FALSE,,,,
5729,2276,9,888,5,3/31/2025,データ処理,0,,FALSE,,,,
5730,1640,9,888,2.5,3/31/2025,機械点検・アルミ材在庫確認,0,,FALSE,,,,
5731,1640,21,50,0.5,4/1/2025,,0,,FALSE,,,,
5732,3169,21,11,2.5,4/1/2025,,0,,FALSE,,,,
5733,,21,13,4,4/1/2025,,0,,FALSE,,,,
5734,3171,21,13,4,4/1/2025,,0,,FALSE,,,,
5735,1640,9,50,0.5,4/1/2025,,0,,FALSE,,,,
5736,2276,9,53,7.5,4/1/2025,整理・データ処理,0,,FALSE,,,,
5737,1640,21,50,1,4/2/2025,,0,,FALSE,,,,
5740,3169,21,12,3,4/2/2025,,0,,FALSE,,,,
5741,3172,9,14,2,4/2/2025,,0,,FALSE,,,,
5742,3173,9,14,3,4/2/2025,,0,,FALSE,,,,
5743,3174,9,888,3.75,4/2/2025,打ち合わせ・図面確認,0,,FALSE,,,,
5744,1640,21,50,1.5,4/3/2025,,0,,FALSE,,,,
5745,3175,21,40,4,4/3/2025,,0,,FALSE,,,,
5746,3177,21,11,0.5,4/3/2025,,0,,FALSE,,,,
5747,3177,21,12,1,4/3/2025,,0,,FALSE,,,,
5748,3173,9,14,3.25,4/3/2025,,0,,FALSE,,,,
5749,3174,9,888,5,4/3/2025,図面,0,,FALSE,,,,
5750,1640,9,888,2,4/3/2025,5S・金型写真,0,,FALSE,,,,
5751,1640,9,50,1,4/4/2025,,0,,FALSE,,,,
5752,1640,9,51,1,4/4/2025,SSJ-020、4-720990-2,0,,FALSE,,,,
5753,3180,9,10,3,4/4/2025,,0,,FALSE,,,,
5754,3174,9,888,5.75,4/4/2025,,0,,FALSE,,,,
5755,1640,21,50,0.5,4/5/2025,,0,,FALSE,,,,
5756,3181,21,13,0.5,4/5/2025,,0,,FALSE,,,,
5757,3180,9,10,1,4/5/2025,,0,,FALSE,,,,
5759,3174,9,888,3,4/5/2025,,0,,FALSE,,,,
5760,2276,9,888,4,4/5/2025,データ処理,0,,FALSE,,,,
5761,1640,21,888,2,4/5/2025,プラグ調整・ネル貼り,0,,FALSE,,,,
5762,1640,21,53,4,4/5/2025,棚卸し,0,,FALSE,,,,
5763,1640,21,50,0.5,4/7/2025,,0,,FALSE,,,,
5764,1640,21,53,4.5,4/7/2025,,0,,FALSE,,,,
5765,3182,9,10,3,4/7/2025,,0,,FALSE,,,,
5766,3183,21,13,2,4/7/2025,,0,,FALSE,,,,
5767,3184,9,20,2,4/7/2025,,0,,FALSE,,,,
5768,1640,9,888,0.5,4/7/2025,金型写真撮影,0,,FALSE,,,,
5769,2276,9,888,3.5,4/7/2025,5S・データ処理,0,,FALSE,,,,
5770,1640,21,50,0.5,4/8/2025,,0,,FALSE,,,,
5772,3180,21,11,2.5,4/8/2025,,0,,FALSE,,,,
5773,3180,21,12,3,4/8/2025,,0,,FALSE,,,,
5774,3183,21,13,1,4/8/2025,,0,,FALSE,,,,
5776,3182,9,10,1,4/8/2025,,0,,FALSE,,,,
5777,2276,9,888,7,4/8/2025,データ処理,0,,FALSE,,,,
5778,1640,21,50,0.5,4/9/2025,,0,,FALSE,,,,
5779,3184,21,21,1.5,4/9/2025,,0,,FALSE,,,,
5781,3184,21,22,1,4/9/2025,,0,,FALSE,,,,
5782,3185,21,23,2.5,4/9/2025,,0,,FALSE,,,,
5784,3187,21,13,1.5,4/9/2025,,0,,FALSE,,,,
5785,1640,9,42,0.5,4/9/2025,サーブ板,0,,FALSE,,,,
5786,3174,9,14,8.5,4/9/2025,,0,,FALSE,,,,
5787,1640,21,50,0.5,4/10/2025,,0,,FALSE,,,,
5788,3182,21,11,3.5,4/10/2025,,0,,FALSE,,,,
5789,3187,21,13,3,4/10/2025,,0,,FALSE,,,,
5790,1640,9,50,1.5,4/10/2025,,0,,FALSE,,,,
5791,3174,9,14,7.5,4/10/2025,,0,,FALSE,,,,
5792,1640,21,50,1.5,4/11/2025,,0,,FALSE,,,,
5793,1640,9,50,0.75,4/11/2025,,0,,FALSE,,,,
5794,3163,21,13,5,4/11/2025,,0,,FALSE,,,,
5795,3182,21,12,0.5,4/11/2025,,0,,FALSE,,,,
5796,3174,9,14,4,4/11/2025,,0,,FALSE,,,,
5797,3188,9,10,4,4/11/2025,,0,,FALSE,,,,
5798,1640,21,50,2,4/14/2025,,0,,FALSE,,,,
5800,3182,21,12,2.75,4/14/2025,,0,,FALSE,,,,
5801,2276,21,888,2.25,4/14/2025,データ処理,0,,FALSE,,,,
5802,1640,9,888,0.5,4/14/2025,金型写真,0,,FALSE,,,,
5803,3174,9,14,8.5,4/14/2025,,0,,FALSE,,,,
5804,1640,21,50,0.5,4/15/2025,,0,,FALSE,,,,
5805,1640,21,40,3.5,4/15/2025,,0,,FALSE,,,,
5806,3189,9,10,3,4/15/2025,,0,,FALSE,,,,
5807,3179,9,14,6,4/15/2025,サーブプレートなど,0,,FALSE,,,,
5808,1640,9,888,0.5,4/15/2025,7号機部品取替,0,,FALSE,,,,
5809,1640,9,50,0.5,4/15/2025,,0,,FALSE,,,,
5810,1640,21,50,1,4/16/2025,,0,,FALSE,,,,
5811,2276,21,53,6,4/16/2025,棚卸し・データ処理,0,,FALSE,,,,
5812,3179,9,14,5,4/16/2025,,0,,FALSE,,,,
5813,3173,9,14,4.25,4/16/2025,,0,,FALSE,,,,
5814,1640,21,50,1,4/17/2025,,0,,FALSE,,,,
5816,3189,21,11,4,4/17/2025,,0,,FALSE,,,,
5817,3189,21,12,2,4/17/2025,,0,,FALSE,,,,
5818,3190,9,10,3,4/17/2025,,0,,FALSE,,,,
5819,3189,9,10,1,4/17/2025,,0,,FALSE,,,,
5820,3188,9,14,4,4/17/2025,,0,,FALSE,,,,
5821,1640,9,888,1.5,4/17/2025,6号機用部品の修理,0,,FALSE,,,,
5822,1640,21,50,0.5,4/18/2025,,0,,FALSE,,,,
5823,,21,13,4.5,4/18/2025,,0,,FALSE,,,,
5824,,21,13,4.5,4/18/2025,,0,,FALSE,,,,
5825,3189,21,12,2,4/18/2025,,0,,FALSE,,,,
5826,3192,21,13,4.5,4/18/2025,,0,,FALSE,,,,
5827,3193,9,10,3,4/18/2025,,0,,FALSE,,,,
5828,3173,9,14,4,4/18/2025,,0,,FALSE,,,,
5829,1640,9,888,1,4/18/2025,金型確認,0,,FALSE,,,,
5830,3179,9,888,2,4/18/2025,金型洗浄・組立,0,,FALSE,,,,
5831,1640,21,50,0.5,4/21/2025,,0,,FALSE,,,,
5832,3193,21,11,3.5,4/21/2025,,0,,FALSE,,,,
5833,3193,21,12,2.5,4/21/2025,,0,,FALSE,,,,
5834,3163,21,13,0.5,4/21/2025,,0,,FALSE,Dán thêm vào khuôn mới,,,
5835,3193,9,10,1.5,4/21/2025,,0,,FALSE,,,,
5836,3190,9,10,1.5,4/21/2025,,0,,FALSE,,,,
5837,3173,9,14,2,4/21/2025,,0,,FALSE,,,,
5838,1640,9,888,2,4/21/2025,金型確認・梱包,0,,FALSE,,,,
5839,2276,9,53,1.5,4/21/2025,,0,,FALSE,,,,
5840,1640,21,50,0.5,4/22/2025,,0,,FALSE,,,,
5841,3194,21,13,4,4/22/2025,,0,,FALSE,,,,
5842,3193,21,12,1,4/22/2025,,0,,FALSE,,,,
5843,3190,21,11,1.5,4/22/2025,,0,,FALSE,,,,
5844,3179,9,14,2.5,4/22/2025,,0,,FALSE,,,,
5845,3188,9,14,3,4/22/2025,,0,,FALSE,,,,
5846,3195,9,10,3,4/22/2025,,0,,FALSE,,,,
5847,1640,21,50,1,4/23/2025,,0,,FALSE,,,,
5848,3190,21,11,3.5,4/23/2025,,0,,FALSE,,,,
5849,3163,21,13,2,4/23/2025,,0,,FALSE,Dán thêm vào khuôn,,,
5850,3193,21,12,0.5,4/23/2025,,0,,FALSE,,,,
5851,1640,9,51,1,4/23/2025,梱包・5S,0,,FALSE,,,,
5854,3188,9,14,4,4/23/2025,金型調整・組立,0,,FALSE,,,,
5855,3190,9,10,1,4/23/2025,バック穴追加工,0,,FALSE,,,,
5856,2207,9,42,1,4/23/2025,プラグ調整,0,,FALSE,,,,
5857,2276,9,888,1.5,4/23/2025,データ処理,0,,FALSE,,,,
5858,3196,21,13,4,4/24/2025,,0,,FALSE,,,,
5859,3190,21,12,2,4/24/2025,,0,,FALSE,,,,
5860,1640,21,50,1,4/24/2025,,0,,FALSE,,,,
5861,1640,9,50,2,4/24/2025,,0,,FALSE,,,,
5862,3174,9,51,2,4/24/2025,組立・梱包,0,,FALSE,,,,
5863,3179,9,14,3,4/24/2025,,0,,FALSE,,,,
5864,1640,9,888,1.5,4/24/2025,金型廃棄対応・データ確認,0,,FALSE,,,,
5865,1640,9,50,0.5,4/25/2025,,0,,FALSE,,,,
5866,1640,9,888,1,4/25/2025,6号機部品修理,0,,FALSE,,,,
5867,3179,9,14,5,4/25/2025,プレート作成・金型調整,0,,FALSE,,,,
5868,2276,9,888,2,4/25/2025,データ処理,0,,FALSE,,,,
5869,1640,21,50,1,4/28/2025,,0,,FALSE,,,,
5871,3190,21,12,1,4/28/2025,,0,,FALSE,,,,
5872,3197,21,13,4,4/28/2025,,0,,FALSE,,,,
5873,3195,21,11,1,4/28/2025,,0,,FALSE,,,,
5875,3179,9,888,2,4/28/2025,金型・プレート組立、梱包,0,,FALSE,,,,
5876,3198,9,10,3,4/28/2025,,0,,FALSE,,,,
5877,2276,9,888,3,4/28/2025,プログラム作成,0,,FALSE,,,,
5878,1640,21,50,1,4/30/2025,,0,,FALSE,,,,
5879,3204,9,10,3,4/30/2025,,0,,FALSE,,,,
5880,3195,21,11,3.5,4/30/2025,,0,,FALSE,,,,
5881,3197,21,13,1,4/30/2025,,0,,FALSE,,,,
5883,3200,21,13,1.5,4/30/2025,,0,,FALSE,,,,
5884,1640,9,888,2.5,4/30/2025,金型のSACTシステムへの登録,0,,FALSE,,,,
5885,1640,9,50,0.5,4/30/2025,,0,,FALSE,,,,
5886,2276,9,888,2,4/30/2025,データ処理,0,,FALSE,,,,
5887,1640,21,50,0.5,5/1/2025,,0,,FALSE,,,,
5888,3194,21,13,1.5,5/1/2025,,0,,FALSE,,,,
5889,3200,21,13,4,5/1/2025,,0,,FALSE,,,,
5891,3128,21,11,1,5/1/2025,穴追加,0,,FALSE,,,,
5892,3128,9,14,1,5/1/2025,バック穴追加工,0,,FALSE,,,,
5893,3150,9,42,0.75,5/1/2025,高さ調整,0,,FALSE,,,,
5894,3207,9,40,3,5/1/2025,,0,,FALSE,,,,
5895,2276,9,888,3.25,5/1/2025,データ処理,0,,FALSE,,,,
5896,3208,9,10,3.5,5/2/2025,,0,,FALSE,,,,
5898,1640,21,50,0.5,5/2/2025,,0,,FALSE,,,,
5899,3195,21,12,3,5/2/2025,,0,,FALSE,,,,
5900,3198,21,11,2.5,5/2/2025,,0,,FALSE,,,,
5901,3163,9,13,0.5,5/2/2025,高さ調整,0,,FALSE,,,,
5902,3209,9,42,0.5,5/2/2025,プラグ・圧空ベース穴追加工,0,,FALSE,,,,
5903,1640,21,888,1,5/2/2025,金型写真撮影,0,,FALSE,,,,
5904,1640,9,888,2,5/2/2025,,0,,FALSE,,,,
5905,3204,9,10,1.5,5/2/2025,,0,,FALSE,,,,
5906,3198,9,10,0.5,5/2/2025,彫刻・面取り,0,,FALSE,,,,
5907,1640,21,50,0.5,5/7/2025,,0,,FALSE,,,,
5908,3208,21,11,1.5,5/7/2025,,0,,FALSE,,,,
5909,3208,21,12,2.25,5/7/2025,,0,,FALSE,,,,
5910,3210,21,13,2.75,5/7/2025,,0,,FALSE,,,,
5911,1640,9,50,0.5,5/7/2025,キリコだし,0,,FALSE,,,,
5912,3211,9,20,2,5/7/2025,,0,,FALSE,,,,
5913,2276,9,53,5,5/7/2025,棚卸し・データ処理,0,,FALSE,,,,
5914,2276,9,888,0.5,5/7/2025,金型写真撮影「SMK-100」,0,,FALSE,,,,
5915,3198,21,12,2.5,5/8/2025,,0,,FALSE,,,,
5916,3199,21,13,2.5,5/8/2025,,0,,FALSE,,,,
5917,3208,21,11,0.5,5/8/2025,,0,,FALSE,,,,
5919,1640,21,50,0.5,5/8/2025,,0,,FALSE,,,,
5920,3211,21,21,0.5,5/8/2025,,0,,FALSE,,,,
5921,3211,21,22,0.5,5/8/2025,,0,,FALSE,,,,
5922,1640,9,50,0.5,5/8/2025,,0,,FALSE,,,,
5923,3173,9,14,3,5/8/2025,,0,,FALSE,,,,
5924,3212,9,20,2,5/8/2025,,0,,FALSE,,,,
5925,2276,9,888,3,5/8/2025,データ処理,0,,FALSE,,,,
5926,1640,21,50,0.5,5/9/2025,,0,,FALSE,,,,
5927,1640,9,51,0.75,5/9/2025,,0,,FALSE,,,,
5928,3199,9,13,1,5/9/2025,プラグ調整,0,,FALSE,,,,
5929,3173,9,14,5,5/9/2025,金型の横穴あけ,0,,FALSE,,,,
5930,3208,21,12,1,5/9/2025,,0,,FALSE,,,,
5931,3210,21,13,2.5,5/9/2025,,0,,FALSE,,,,
5932,3204,21,11,3,5/9/2025,,0,,FALSE,,,,
5933,3213,9,20,2.5,5/9/2025,,0,,FALSE,,,,
5934,1640,21,50,0.5,5/12/2025,,0,,FALSE,,,,
5935,1640,9,50,1,5/12/2025,,0,,FALSE,,,,
5936,3213,21,21,0.5,5/12/2025,,0,,FALSE,,,,
5937,3212,21,21,0.5,5/12/2025,,0,,FALSE,,,,
5938,3214,21,13,4.5,5/12/2025,,0,,FALSE,,,,
5939,3204,21,12,1,5/12/2025,,0,,FALSE,,,,
5941,3173,9,14,5,5/12/2025,,0,,FALSE,,,,
5942,1640,9,888,2,5/12/2025,トレイの寸法確認,0,,FALSE,,,,
5943,1640,21,50,0.5,5/13/2025,,0,,FALSE,,,,
5944,3213,21,22,1,5/13/2025,,0,,FALSE,,,,
5945,3212,21,22,0.75,5/13/2025,,0,,FALSE,,,,
5946,3216,21,23,2,5/13/2025,,0,,FALSE,,,,
5948,3204,21,12,2.75,5/13/2025,,0,,FALSE,,,,
5949,3210,9,13,1.5,5/13/2025,プラグ調整,0,,FALSE,,,,
5950,3173,9,888,2,5/13/2025,組立,0,,FALSE,,,,
5951,1640,9,888,2,5/13/2025,図面確認・検討,0,,FALSE,,,,
5952,1640,9,53,2.5,5/13/2025,データ処理・梱包準備,0,,FALSE,,,,
5953,1640,21,50,1,5/14/2025,,0,,FALSE,,,,
5954,3205,21,13,2.5,5/14/2025,,0,,FALSE,演算＆加工間違い,,,
5955,1868,21,13,3.5,5/14/2025,,0,,FALSE,,,,
5956,1640,9,51,4,5/14/2025,梱包・5S,0,,FALSE,,,,
5957,1640,9,888,3.5,5/14/2025,フンさんの部屋の片付け,0,,FALSE,,,,
5958,1640,9,888,1,5/14/2025,金型写真撮影,0,,FALSE,,,,
5959,1640,21,50,0.5,5/15/2025,,0,,FALSE,,,,
5960,3205,21,13,3,5/15/2025,,0,,FALSE,,,,
5961,3217,21,13,3.5,5/15/2025,,0,,FALSE,,,,
5962,3218,9,20,2,5/15/2025,,0,,FALSE,,,,
5963,3219,9,20,1.75,5/15/2025,,0,,FALSE,,,,
5964,1640,9,888,1.5,5/15/2025,金型写真撮影・SACT,0,,FALSE,,,,
5965,2276,9,53,3.75,5/15/2025,データ管理プログラム作成,0,,FALSE,,,,
5966,1640,21,50,0.75,5/16/2025,,0,,FALSE,,,,
5967,1640,9,50,1,5/16/2025,,0,,FALSE,,,,
5968,1640,9,888,0.5,5/16/2025,金型写真撮影・SACT,0,,FALSE,,,,
5969,3220,9,10,3,5/16/2025,,0,,FALSE,,,,
5970,3218,21,21,0.5,5/16/2025,,0,,FALSE,,,,
5971,3218,21,22,1.25,5/16/2025,,0,,FALSE,,,,
5972,3219,21,21,0.5,5/16/2025,,0,,FALSE,,,,
5973,3219,21,22,0.5,5/16/2025,,0,,FALSE,,,,
5974,2219,21,13,1,5/16/2025,プラグ調整,0,,FALSE,,,,
5975,3222,21,40,3.5,5/16/2025,,0,,FALSE,,,,
5977,2276,9,53,3.5,5/16/2025,,0,,FALSE,,,,
5978,1640,21,50,2.5,5/17/2025,,0,,FALSE,,,,
5979,3223,21,40,4.5,5/17/2025,,0,,FALSE,,,,
5980,3220,9,10,1.5,5/17/2025,,0,,FALSE,,,,
5981,2276,9,888,7.25,5/17/2025,金型管理提案書作成,0,,FALSE,,,,
5982,1640,21,50,1,5/19/2025,,0,,FALSE,,,,
5983,3220,21,11,2.5,5/19/2025,,0,,FALSE,,,,
5984,3220,21,12,3.5,5/19/2025,,0,,FALSE,,,,
5985,,9,10,3,5/19/2025,,0,,FALSE,,,,
5986,3225,9,888,1,5/19/2025,図面確認・検討,0,,FALSE,,,,
5987,1640,9,888,1,5/19/2025,梱包・5S,0,,FALSE,,,,
5988,3224,9,10,3,5/19/2025,,0,,FALSE,,,,
5989,2276,9,888,4.25,5/19/2025,提案書作成,0,,FALSE,,,,
5990,1640,21,50,1,5/20/2025,,0,,FALSE,,,,
5991,3221,21,23,1.5,5/20/2025,,0,,FALSE,,,,
5992,3226,21,11,2,5/20/2025,,0,,FALSE,,,,
5993,3225,9,20,1.5,5/20/2025,,0,,FALSE,,,,
5994,3226,9,10,2,5/20/2025,金型改造　R2,0,,FALSE,,,,
5995,1640,9,888,1.25,5/20/2025,金型写真撮影・SACT登録 NSM,0,,FALSE,,,,
5996,1640,21,888,2.5,5/20/2025,金型写真撮影・設備貸出書作成　JAE,0,,FALSE,,,,
5997,1640,9,888,1,5/20/2025,梱包・5S　「NSE-004金型返却」,0,,FALSE,,,,
5998,2276,9,53,2.5,5/20/2025,,0,,FALSE,,,,
5999,1640,9,50,0.5,5/21/2025,,0,,FALSE,,,,
6000,1640,9,51,0.5,5/21/2025,MRY-008 金型・プラグ、抜型、スタッキング,0,,FALSE,,,,
6001,3229,9,888,2.5,5/21/2025,プログラム,0,,FALSE,,,,
6002,3227,9,10,3,5/21/2025,,0,,FALSE,,,,
6003,3228,9,10,3.5,5/21/2025,,0,,FALSE,,,,
6004,1640,21,50,0.5,5/22/2025,,0,,FALSE,,,,
6005,3225,21,21,0.5,5/22/2025,,0,,FALSE,,,,
6006,3225,21,22,0.75,5/22/2025,,0,,FALSE,,,,
6007,,21,13,3,5/22/2025,,0,,FALSE,,,,
6008,3224,21,11,2.25,5/22/2025,,0,,FALSE,,,,
6009,3230,21,13,3,5/22/2025,,0,,FALSE,,,,
6010,1640,9,50,1,5/22/2025,梱包・5S [JAE-265],0,,FALSE,,,,
6011,1640,9,888,2,5/22/2025,金型写真撮影・設備貸出書製作,0,,FALSE,,,,
6012,3220,9,14,0.5,5/22/2025,彫刻追加工,0,,FALSE,,,,
6013,1640,9,40,1,5/22/2025,修理,0,,FALSE,,,,
6014,2276,9,53,4.75,5/22/2025,プログラム作成,0,,FALSE,,,,
6015,1640,9,50,1,5/23/2025,梱包、５S,0,,FALSE,,,,
6016,3224,9,12,2,5/23/2025,,0,,FALSE,,,,
6017,3236,9,20,3,5/23/2025,,0,,FALSE,,,,
6018,2276,9,888,4.25,5/23/2025,プログラム作成,0,,FALSE,,,,
6019,1640,9,50,0.75,5/26/2025,梱包・5S　SRI-001金型返却,0,,FALSE,,,,
6020,3236,9,21,1.25,5/26/2025,,0,,FALSE,,,,
6021,3236,9,22,0.75,5/26/2025,,0,,FALSE,,,,
6022,3236,9,20,2,5/26/2025,,0,,FALSE,,,,
6023,3237,9,10,2.5,5/26/2025,,0,,FALSE,,,,
6024,3238,9,10,2.75,5/26/2025,,0,,FALSE,,,,
6026,1640,21,50,0.5,5/27/2025,,0,,FALSE,,,,
6027,3236,21,21,1.5,5/27/2025,,0,,FALSE,,,,
6028,3236,21,22,1,5/27/2025,,0,,FALSE,,,,
6030,3227,21,11,3.5,5/27/2025,,0,,FALSE,,,,
6032,3231,21,13,0.5,5/27/2025,,0,,FALSE,,,,
6033,1640,9,50,1,5/27/2025,５S、梱包　[KDS-141]、金型確認,0,,FALSE,,,,
6035,3239,9,40,3.5,5/27/2025,,0,,FALSE,,,,
6036,3240,9,10,4,5/27/2025,,0,,FALSE,,,,
6037,3227,9,12,2.5,5/27/2025,,0,,FALSE,,,,
6038,1640,21,50,0.5,5/28/2025,,0,,FALSE,,,,
6039,3231,21,13,3.5,5/28/2025,,0,,FALSE,,,,
6040,3228,9,11,3,5/28/2025,,0,,FALSE,,,,
6041,3228,9,12,2.75,5/28/2025,,0,,FALSE,,,,
6042,3232,21,13,3,5/28/2025,,0,,FALSE,,,,
6043,3241,9,10,2.75,5/28/2025,,0,,FALSE,,,,
6044,3232,9,13,1,5/28/2025,,0,,FALSE,,,,
6045,1640,21,50,0.5,5/29/2025,,0,,FALSE,,,,
6046,3240,21,11,2,5/29/2025,,0,,FALSE,,,,
6047,3238,21,11,2.5,5/29/2025,,0,,FALSE,,,,
6048,1640,9,50,0.5,5/29/2025,,0,,FALSE,,,,
6049,3243,9,10,3.5,5/29/2025,,0,,FALSE,,,,
6050,3244,9,10,2,5/29/2025,,0,,FALSE,,,,
6051,2276,9,888,5.75,5/29/2025,金型・抜型検索アプリデータ更新,0,,FALSE,,,,
6052,1640,21,50,0.5,5/30/2025,,0,,FALSE,,,,
6053,3240,21,12,3,5/30/2025,,0,,FALSE,,,,
6054,3245,21,13,2,5/30/2025,,0,,FALSE,,,,
6055,3238,21,12,1.5,5/30/2025,,0,,FALSE,,,,
6056,1640,9,50,0.5,5/30/2025,,0,,FALSE,,,,
6057,3204,9,14,2.5,5/30/2025,改造,0,,FALSE,,,,
6058,3246,9,40,2.5,5/30/2025,,0,,FALSE,,,,
6059,3247,9,10,4.25,5/30/2025,加工・アンダースタック検討,0,,FALSE,,,,
6060,3243,9,10,1,5/30/2025,,0,,FALSE,,,,
6061,1640,9,42,1,5/30/2025,,0,,FALSE,,,,
6062,1640,21,50,0.5,5/31/2025,,0,,FALSE,,,,
6063,3243,21,11,4.5,5/31/2025,,0,,FALSE,,,,
6064,3237,9,10,2.5,5/31/2025,再加工,0,,FALSE,,,,
6065,3250,9,10,3,5/31/2025,,0,,FALSE,,,,
6066,3251,9,20,2,5/31/2025,改造,0,,FALSE,,,,
6067,3205,21,13,1,5/31/2025,プラグ調整・ネル貼り,0,,FALSE,,,,
6068,1640,9,888,0.5,5/31/2025,金型SACT登録 KSP-179,0,,FALSE,,,,
6069,1640,21,50,0.5,6/2/2025,,0,,FALSE,,,,
6070,1640,9,50,0.5,6/2/2025,,0,,FALSE,,,,
6071,3250,9,10,2.25,6/2/2025,,0,,FALSE,,,,
6073,3241,21,11,4,6/2/2025,,0,,FALSE,,,,
6074,3241,9,10,1.5,6/2/2025,,0,,FALSE,,,,
6075,3252,21,13,2.5,6/2/2025,,0,,FALSE,,,,
6076,3253,9,10,2.5,6/2/2025,,0,,FALSE,,,,
6077,3241,9,11,2,6/2/2025,,0,,FALSE,,,,
6079,3241,9,12,2,6/2/2025,,0,,FALSE,,,,
6080,1640,21,50,0.5,6/3/2025,,0,,FALSE,,,,
6081,3243,21,12,2.5,6/3/2025,,0,,FALSE,,,,
6082,,21,13,2.5,6/3/2025,,0,,FALSE,,,,
6083,3252,21,13,1,6/3/2025,,0,,FALSE,,,,
6085,3254,21,13,2.5,6/3/2025,,0,,FALSE,,,,
6086,3237,21,11,0.5,6/3/2025,,0,,FALSE,,,,
6087,1640,9,50,0.5,6/3/2025,,0,,FALSE,,,,
6088,3241,9,12,1,6/3/2025,,0,,FALSE,,,,
6089,3229,9,14,6.5,6/3/2025,,0,,FALSE,,,,
6090,3237,21,11,1.5,6/4/2025,,0,,FALSE,,,,
6091,3237,21,12,2.5,6/4/2025,,0,,FALSE,,,,
6092,3255,21,13,2.5,6/4/2025,,0,,FALSE,,,,
6093,1640,21,50,0.5,6/4/2025,,0,,FALSE,,,,
6094,1640,9,50,0.5,6/4/2025,,0,,FALSE,,,,
6095,1640,9,888,0.75,6/4/2025,金型写真撮影,0,,FALSE,,,,
6096,3229,9,14,6,6/4/2025,,0,,FALSE,,,,
6097,1640,9,888,0.5,6/4/2025,ベニヤ板の取引,0,,FALSE,,,,
6098,3247,9,11,2,6/4/2025,,0,,FALSE,,,,
6099,1640,21,50,0.5,6/5/2025,,0,,FALSE,,,,
6100,3253,21,11,2,6/5/2025,,0,,FALSE,,,,
6101,3253,21,12,2.5,6/5/2025,,0,,FALSE,,,,
6102,3261,21,13,2,6/5/2025,,0,,FALSE,,,,
6103,1640,9,50,0.5,6/5/2025,,0,,FALSE,,,,
6104,1640,9,42,1.5,6/5/2025,,0,,FALSE,,,,
6105,3229,9,14,3,6/5/2025,,0,,FALSE,,,,
6106,3174,9,14,3,6/5/2025,,0,,FALSE,,,,
6107,3250,21,11,1.5,6/6/2025,,0,,FALSE,,,,
6108,3250,21,12,1.75,6/6/2025,,0,,FALSE,,,,
6109,3264,21,13,2,6/6/2025,,0,,FALSE,,,,
6110,3247,21,12,1.5,6/6/2025,,0,,FALSE,,,,
6112,1640,21,50,0.25,6/6/2025,,0,,FALSE,,,,
6113,1640,9,50,1,6/6/2025,,0,,FALSE,,,,
6114,3257,9,10,3,6/6/2025,,0,,FALSE,,,,
6115,1640,9,42,3,6/6/2025,圧空ベース清掃・プラグ調整,0,,FALSE,,,,
6116,1640,9,888,1,6/6/2025,金型写真,0,,FALSE,,,,
6117,1640,21,50,1,6/9/2025,,0,,FALSE,,,,
6118,1640,9,50,1,6/9/2025,,0,,FALSE,,,,
6119,1640,9,51,2,6/9/2025,,0,,FALSE,,,,
6120,1640,9,888,2,6/9/2025,金型SACT登録,0,,FALSE,,,,
6121,3266,9,13,1.5,6/9/2025,プラグ調整,0,,FALSE,,,,
6122,3268,9,10,1.75,6/9/2025,,0,,FALSE,,,,
6123,3232,21,13,3,6/9/2025,プラグ調整,0,,FALSE,,,,
6124,3257,21,11,3,6/9/2025,,0,,FALSE,,,,
6125,3269,9,10,2.5,6/10/2025,,0,,FALSE,,,,
6126,1640,9,50,0.5,6/10/2025,,0,,FALSE,,,,
6127,1640,9,888,4.25,6/10/2025,,0,,FALSE,,,,
6130,3270,9,40,3,6/10/2025,,0,,FALSE,,,,
6131,1640,9,50,1,6/11/2025,,0,,FALSE,,,,
6132,3271,9,10,3,6/11/2025,,0,,FALSE,,,,
6133,3268,9,10,1.5,6/11/2025,,0,,FALSE,,,,
6134,3269,9,10,1,6/11/2025,,0,,FALSE,,,,
6135,1640,9,888,1.5,6/11/2025,フエンさんの試験対応,0,,FALSE,,,,
6136,1640,21,50,0.5,6/11/2025,,0,,FALSE,,,,
6137,3257,21,12,3,6/11/2025,,0,,FALSE,,,,
6138,3258,21,13,3.5,6/11/2025,,0,,FALSE,,,,
6139,1640,21,50,0.5,6/12/2025,,0,,FALSE,,,,
6140,1640,9,50,0.5,6/12/2025,,0,,FALSE,,,,
6141,1640,9,888,3.5,6/12/2025,金型写真撮影・SACT登録・梱包,0,,FALSE,,,,
6142,3271,21,11,2.5,6/12/2025,,0,,FALSE,,,,
6143,3271,21,13,3,6/12/2025,,0,,FALSE,Nhầm本型ネル貼り,,,
6144,3272,21,12,2.5,6/13/2025,,0,,FALSE,,,,
6146,3277,9,10,3,6/12/2025,,0,,FALSE,,,,
6147,3260,21,13,1,6/12/2025,,0,,FALSE,,,,
6148,2276,9,53,2.25,6/12/2025,,0,,FALSE,,,,
6149,1640,21,50,0.5,6/13/2025,,0,,FALSE,,,,
6150,1640,9,888,1.75,6/13/2025,5S・梱包・金型写真撮影,0,,FALSE,,,,
6151,3279,9,10,3,6/13/2025,,0,,FALSE,,,,
6152,3269,9,10,1.5,6/13/2025,彫刻・アンダースタック,0,,FALSE,,,,
6153,3269,21,11,4,6/13/2025,,0,,FALSE,,,,
6154,1640,9,888,1.5,6/13/2025,成形機用モーターシャフト交換,0,,FALSE,,,,
6155,1640,9,42,1.5,6/13/2025,,0,,FALSE,,,,
6156,1640,21,50,0.5,6/14/2025,,0,,FALSE,,,,
6157,1640,9,50,0.5,6/14/2025,,0,,FALSE,,,,
6158,3272,21,13,0.5,6/14/2025,,0,,FALSE,,,,
6159,3269,21,11,2.5,6/14/2025,,0,,FALSE,,,,
6160,3268,9,10,1.5,6/14/2025,彫刻・アンダースタック,0,,FALSE,,,,
6161,3268,21,11,3.5,6/14/2025,,0,,FALSE,,,,
6162,3282,9,20,2,6/14/2025,,0,,FALSE,,,,
6163,3279,9,10,0.5,6/14/2025,,0,,FALSE,,,,
6164,2276,9,888,3.5,6/14/2025,,0,,FALSE,,,,
6165,1640,21,50,0.5,6/16/2025,,0,,FALSE,,,,
6166,1640,9,50,1,6/16/2025,,0,,FALSE,,,,
6167,3269,9,12,3,6/16/2025,,0,,FALSE,,,,
6168,3274,21,13,2,6/16/2025,,0,,FALSE,,,,
6169,3268,21,11,3,6/16/2025,,0,,FALSE,,,,
6171,3268,21,12,1.5,6/16/2025,,0,,FALSE,,,,
6172,3268,9,12,2,6/16/2025,,0,,FALSE,,,,
6173,3274,9,13,1.5,6/16/2025,,0,,FALSE,,,,
6174,3284,9,10,3.5,6/16/2025,,0,,FALSE,,,,
6175,3285,9,10,3.25,6/16/2025,,0,,FALSE,,,,
6176,1640,9,888,1,6/16/2025,,0,,FALSE,,,,
6177,1640,21,50,0.5,6/17/2025,,0,,FALSE,,,,
6178,3279,21,11,3,6/17/2025,,0,,FALSE,,,,
6179,3273,21,13,3,6/17/2025,,0,,FALSE,,,,
6180,3269,21,12,0.5,6/17/2025,,0,,FALSE,,,,
6181,1640,21,50,0.5,6/18/2025,,0,,FALSE,,,,
6182,3282,21,21,0.5,6/18/2025,,0,,FALSE,,,,
6183,3282,21,22,0.5,6/18/2025,,0,,FALSE,,,,
6184,3278,21,13,2.5,6/18/2025,,0,,FALSE,,,,
6185,3279,21,12,3,6/18/2025,,0,,FALSE,,,,
6186,1640,9,888,3,6/18/2025,機械点検対応,0,,FALSE,,,,
6187,3286,9,10,2.75,6/18/2025,,0,,FALSE,,,,
6188,3287,9,10,3.5,6/18/2025,,0,,FALSE,,,,
6189,1640,9,50,0.5,6/19/2025,,0,,FALSE,,,,
6190,1640,9,888,1.5,6/19/2025,シャフトのタップ加工,0,,FALSE,,,,
6192,3277,9,10,0.5,6/19/2025,,0,,FALSE,,,,
6193,3277,9,11,2.5,6/19/2025,,0,,FALSE,,,,
6194,3277,9,12,2,6/19/2025,,0,,FALSE,,,,
6195,,21,13,2.5,6/20/2025,,0,,FALSE,,,,
6196,1640,21,50,0.25,6/20/2025,,0,,FALSE,,,,
6197,3286,21,11,2.5,6/20/2025,,0,,FALSE,,,,
6198,3285,21,11,1.25,6/20/2025,,0,,FALSE,,,,
6199,3298,21,40,3,6/20/2025,,0,,FALSE,,,,
6200,1640,9,42,0.5,6/20/2025,,0,,FALSE,,,,
6201,3285,9,10,1,6/20/2025,横溝加工,0,,FALSE,,,,
6202,3286,9,10,1.5,6/20/2025,,0,,FALSE,,,,
6203,3291,9,10,3,6/20/2025,,0,,FALSE,,,,
6204,3280,9,13,2.75,6/20/2025,,0,,FALSE,,,,
6205,3294,9,10,3,6/21/2025,,0,,FALSE,,,,
6206,3297,9,10,2.5,6/21/2025,,0,,FALSE,,,,
6208,3287,9,10,1.5,6/21/2025,彫刻・面取り,0,,FALSE,,,,
6209,1640,9,888,2,6/21/2025,プログラム,0,,FALSE,,,,
6210,3291,9,10,1.5,6/23/2025,,0,,FALSE,,,,
6211,3294,9,10,1.5,6/23/2025,,0,,FALSE,,,,
6212,3301,9,10,4,6/23/2025,,0,,FALSE,,,,
6213,1640,9,50,1,6/23/2025,,0,,FALSE,,,,
6214,3229,9,14,2,6/23/2025,,0,,FALSE,,,,
6215,3304,9,10,3.5,6/24/2025,,0,,FALSE,,,,
6216,3305,9,10,3.5,6/24/2025,,0,,FALSE,,,,
6217,3306,9,40,3,6/24/2025,,0,,FALSE,,,,
6218,1640,9,50,0.5,6/24/2025,,0,,FALSE,,,,
6219,3285,9,11,0.75,6/24/2025,,0,,FALSE,,,,
6220,1640,9,50,0.5,6/25/2025,,0,,FALSE,,,,
6221,3291,21,11,3,6/25/2025,,0,,FALSE,,,,
6222,3294,21,11,3,6/25/2025,,0,,FALSE,,,,
6223,3291,21,12,0.25,6/25/2025,,0,,FALSE,,,,
6225,3291,9,12,2.5,6/25/2025,,0,,FALSE,,,,
6227,3294,9,12,2.5,6/25/2025,,0,,FALSE,,,,
6229,3307,9,40,2.5,6/25/2025,,0,,FALSE,,,,
6230,3292,9,13,3,6/25/2025,,0,,FALSE,,,,
6231,3295,9,13,2.75,6/25/2025,,0,,FALSE,,,,
6232,3297,9,10,0.5,6/26/2025,彫刻アンダースタック・面取り,0,,FALSE,,,,
6233,3297,9,11,2.5,6/26/2025,,0,,FALSE,,,,
6234,3297,9,12,2.5,6/26/2025,,0,,FALSE,,,,
6235,3299,9,13,3.5,6/26/2025,,0,,FALSE,,,,
6236,3285,9,12,0.5,6/26/2025,,0,,FALSE,,,,
6238,3286,9,12,0.5,6/26/2025,,0,,FALSE,,,,
6239,3289,9,13,1.5,6/26/2025,,0,,FALSE,,,,
6240,3288,9,13,1.5,6/27/2025,,0,,FALSE,,,,
6241,1640,9,50,0.5,6/26/2025,梱包・5S,0,,FALSE,,,,
6242,3287,9,11,1.5,6/27/2025,,0,,FALSE,,,,
6243,3287,9,12,1.5,6/27/2025,,0,,FALSE,,,,
6244,3301,21,11,3,6/27/2025,,0,,FALSE,,,,
6245,3309,9,10,2.75,6/27/2025,,0,,FALSE,,,,
6246,3313,9,10,3,6/27/2025,,0,,FALSE,,,,
6247,1640,9,50,0.5,6/27/2025,,0,,FALSE,,,,
6248,3309,9,11,1.75,6/28/2025,,0,,FALSE,,,,
6249,3315,9,10,2,6/28/2025,,0,,FALSE,,,,
6250,3301,9,12,2.25,6/28/2025,,0,,FALSE,,,,
6251,3302,9,13,4,6/28/2025,,0,,FALSE,,,,
6252,1640,21,50,0.5,6/30/2025,,0,,FALSE,,,,
6253,3311,9,10,3,6/30/2025,,0,,FALSE,,,,
6254,3313,9,11,3,6/30/2025,,0,,FALSE,,,,
6255,3304,21,11,3.5,6/30/2025,,0,,FALSE,,,,
6256,3314,21,13,3,6/30/2025,,0,,FALSE,,,,
6257,3324,9,10,2,6/30/2025,再加工,0,,FALSE,,,,
6258,3315,9,11,1,6/30/2025,,0,,FALSE,,,,
6259,3315,9,12,1.25,6/30/2025,,0,,FALSE,,,,
6260,3325,9,20,1.5,6/30/2025,,0,,FALSE,,,,
6261,3326,9,20,1.5,6/30/2025,,0,,FALSE,,,,
6262,3313,9,12,2.5,7/1/2025,,0,,FALSE,,,,
6263,3311,21,11,3,7/1/2025,,0,,FALSE,,,,
6264,3311,21,12,3,7/1/2025,,0,,FALSE,,,,
6265,3312,21,13,1,7/1/2025,,0,,FALSE,,,,
6266,3312,9,13,2,7/1/2025,,0,,FALSE,,,,
6267,3330,9,20,1.5,7/1/2025,,0,,FALSE,,,,
6269,3311,9,14,0.5,7/1/2025,バック穴追加工,0,,FALSE,,,,
6271,3324,9,11,1.25,7/1/2025,,0,,FALSE,,,,
6272,3324,9,12,1,7/1/2025,,0,,FALSE,,,,
6273,3310,9,13,2.25,7/1/2025,,0,,FALSE,,,,
6274,1640,21,50,0.5,7/2/2025,,0,,FALSE,,,,
6275,3330,21,21,0.5,7/2/2025,,0,,FALSE,,,,
6276,3330,21,22,0.5,7/2/2025,,0,,FALSE,,,,
6277,3327,9,20,1.5,7/3/2025,,0,,FALSE,,,,
6278,3304,21,12,3,7/2/2025,,0,,FALSE,,,,
6279,3318,21,13,2.5,7/2/2025,,0,,FALSE,,,,
6280,3318,9,13,0.5,7/2/2025,,0,,FALSE,,,,
6281,3328,9,10,2.75,7/3/2025,,0,,FALSE,,,,
6282,3305,9,11,2.5,7/2/2025,,0,,FALSE,,,,
6283,3320,9,13,2.75,7/2/2025,,0,,FALSE,,,,
6284,3305,9,12,3,7/2/2025,,0,,FALSE,,,,
6285,1640,9,50,0.25,7/2/2025,梱包,0,,FALSE,,,,
6287,3327,21,21,0.5,7/3/2025,,0,,FALSE,,,,
6288,3327,21,22,0.5,7/3/2025,,0,,FALSE,,,,
6289,2232,9,54,1,7/3/2025,クーラーオイル交換　（２M),0,,FALSE,,,,
6290,1640,21,50,0.5,7/3/2025,,0,,FALSE,,,,
6291,3326,21,21,0.5,7/3/2025,,0,,FALSE,,,,
6292,3326,21,22,0.5,7/3/2025,,0,,FALSE,,,,
6293,3332,21,13,1,7/3/2025,,0,,FALSE,,,,
6294,1640,9,888,1.5,7/3/2025,金型写真・梱包,0,,FALSE,,,,
6295,3334,9,14,4,7/4/2025,,0,,FALSE,,,,
6296,3331,9,20,1.25,7/3/2025,,0,,FALSE,,,,
6297,3331,21,21,0.75,7/3/2025,,0,,FALSE,,,,
6298,3331,21,22,1,7/3/2025,,0,,FALSE,,,,
6299,3335,21,23,1.75,7/3/2025,,0,,FALSE,,,,
6300,3336,9,14,2,7/4/2025,金型改造　R2,0,,FALSE,,,,
6301,3337,9,14,2,7/4/2025,金型改造　R2,0,,FALSE,,,,
6302,1640,21,50,1,7/4/2025,,0,,FALSE,,,,
6303,3338,21,13,4,7/4/2025,,0,,FALSE,,,,
6304,3266,21,13,1,7/4/2025,,0,,FALSE,,,,
6305,1640,9,888,1.25,7/4/2025,金型写真・梱包,0,,FALSE,,,,
6306,1640,21,50,0.25,7/7/2025,,0,,FALSE,,,,
6307,3328,21,11,3.5,7/7/2025,,0,,FALSE,,,,
6308,3328,21,12,3.25,7/7/2025,,0,,FALSE,,,,
6309,3334,9,14,6,7/7/2025,金型・治具・サブプレート,0,,FALSE,,,,
6310,3339,9,42,3,7/7/2025,プラグ調整,0,,FALSE,,,,
6311,1640,9,42,0.75,7/7/2025,,0,,FALSE,,,,
6312,1640,21,50,1,7/8/2025,,0,,FALSE,,,,
6313,3266,9,42,3.5,7/8/2025,プラグ調整,0,,FALSE,,,,
6314,3266,21,13,4,7/8/2025,,0,,FALSE,,,,
6316,1640,9,42,1,7/8/2025,,0,,FALSE,,,,
6317,1640,9,51,0.75,7/8/2025,,0,,FALSE,,,,
6318,3313,9,888,3.25,7/8/2025,改造検討・プログラム,0,,FALSE,,,,
6319,3311,9,888,3.5,7/8/2025,改造検討・プログラム,0,,FALSE,,,,
6321,1640,21,888,2,7/8/2025,,0,,FALSE,,,,
6322,1640,21,50,1,7/9/2025,,0,,FALSE,,,,
6323,1640,21,888,2.5,7/9/2025,金型写真　（SMKシリーズ）,0,,FALSE,,,,
6324,3322,21,13,1.5,7/9/2025,,0,,FALSE,,,,
6325,1640,21,13,2,7/9/2025,,0,,FALSE,,,,
6326,3311,9,888,1.5,7/9/2025,加工準備,0,,FALSE,,,,
6327,3313,9,888,1.5,7/9/2025,加工準備,0,,FALSE,,,,
6328,1640,9,50,3,7/9/2025,梱包、５S,0,,FALSE,,,,
6329,1640,9,888,3.75,7/9/2025,室外機カバー作成,0,,FALSE,,,,
6330,1640,21,50,0.5,7/10/2025,,0,,FALSE,,,,
6331,1640,21,40,3,7/10/2025,銅板作成・スタッキング作成準備,0,,FALSE,,,,
6333,3311,21,11,0.5,7/10/2025,,0,,FALSE,,,,
6334,3313,21,11,0.5,7/10/2025,,0,,FALSE,,,,
6335,3313,21,12,0.5,7/10/2025,,0,,FALSE,,,,
6336,3311,21,12,0.5,7/10/2025,,0,,FALSE,,,,
6337,1640,21,888,1.5,7/10/2025,金型確認・写真撮影,0,,FALSE,,,,
6338,1640,9,50,3,7/10/2025,スタキング用木板の箱作成,0,,FALSE,,,,
6339,1640,9,888,4,7/10/2025,室外機カバー作成,0,,FALSE,,,,
6340,3313,9,14,1.5,7/10/2025,R4　改造,0,,FALSE,,,,
6341,3311,9,14,1.25,7/10/2025,R4　改造,0,,FALSE,,,,
6342,3342,9,15,1.5,7/11/2025,外形調整-0.5mm,0,,FALSE,,,,
6343,1640,21,50,2.5,7/11/2025,,0,,FALSE,,,,
6345,3298,21,40,1,7/11/2025,,0,,FALSE,,,,
6346,3344,21,40,3.5,7/11/2025,,0,,FALSE,,,,
6347,1640,9,51,0.5,7/11/2025,,0,,FALSE,,,,
6348,1640,9,888,4.5,7/11/2025,室外機カバー作成,0,,FALSE,,,,
6349,3341,9,10,3,7/11/2025,,0,,FALSE,,,,
6350,3343,9,14,2,7/12/2025,外周調整-0.5ｍｍ　（469ｘ346）,0,,FALSE,,,,
6351,1640,21,40,2,7/12/2025,スタッキング用木板作成,0,,FALSE,,,,
6352,1640,21,50,1,7/12/2025,,0,,FALSE,,,,
6353,1640,9,42,0.5,7/12/2025,,0,,FALSE,,,,
6354,1640,9,51,1,7/12/2025,梱包、５S,0,,FALSE,,,,
6355,3341,9,10,1.5,7/12/2025,,0,,FALSE,,,,
6356,3348,9,10,3,7/12/2025,,0,,FALSE,,,,
6357,1640,21,50,0.5,7/14/2025,,0,,FALSE,,,,
6358,3341,21,11,2.5,7/14/2025,,0,,FALSE,,,,
6359,3341,21,12,3,7/14/2025,,0,,FALSE,,,,
6360,3348,9,10,0.5,7/14/2025,,0,,FALSE,,,,
6361,3348,21,11,1,7/14/2025,,0,,FALSE,,,,
6362,3349,9,10,4,7/14/2025,,0,,FALSE,,,,
6363,1640,9,42,1,7/14/2025,,0,,FALSE,,,,
6364,1640,9,888,1.5,7/14/2025,金型返却対応,0,,FALSE,,,,
6365,1640,9,50,0.5,7/14/2025,,0,,FALSE,,,,
6366,1640,9,53,2,7/14/2025,,0,,FALSE,,,,
6367,1640,21,50,1,7/15/2025,,0,,FALSE,,,,
6368,3348,21,11,1.5,7/15/2025,,0,,FALSE,,,,
6369,3348,21,12,2.5,7/15/2025,,0,,FALSE,,,,
6370,1640,9,51,1,7/15/2025,梱包、５S,0,,FALSE,,,,
6371,3350,9,20,2,7/15/2025,,0,,FALSE,,,,
6372,3352,9,20,2,7/15/2025,,0,,FALSE,,,,
6373,1640,21,888,2,7/15/2025,Aタイプ　木板作成,0,,FALSE,,,,
6374,1640,9,42,1,7/15/2025,,0,,FALSE,,,,
6375,2276,9,888,3,7/15/2025,抜型確認・プログラム作成,0,,FALSE,,,,
6376,1640,21,50,0.5,7/16/2025,,0,,FALSE,,,,
6377,1640,9,50,0.5,7/16/2025,,0,,FALSE,,,,
6378,3349,21,11,3.5,7/16/2025,,0,,FALSE,,,,
6379,3349,21,12,3,7/16/2025,,0,,FALSE,,,,
6380,3354,9,10,3.5,7/16/2025,,0,,FALSE,,,,
6381,1640,9,55,1.5,7/16/2025,水冷ベース清掃,0,,FALSE,,,,
6382,1640,9,53,2.5,7/16/2025,プログラム作成,0,,FALSE,,,,
6383,1640,21,50,0.75,7/17/2025,,0,,FALSE,,,,
6384,,21,13,3,7/17/2025,,0,,FALSE,,,,
6385,3358,9,20,2.5,7/17/2025,,0,,FALSE,,,,
6386,3350,21,21,0.5,7/17/2025,,0,,FALSE,,,,
6387,3350,21,22,0.5,7/17/2025,,0,,FALSE,,,,
6388,3352,21,21,0.5,7/17/2025,,0,,FALSE,,,,
6389,3352,21,22,0.75,7/17/2025,,0,,FALSE,,,,
6390,3357,21,13,3.5,7/17/2025,,0,,FALSE,,,,
6391,3349,21,12,0.5,7/17/2025,,0,,FALSE,,,,
6392,1640,9,42,1.5,7/17/2025,圧空ベース,0,,FALSE,,,,
6393,1640,9,888,1.5,7/17/2025,粉砕機トラブル対応,0,,FALSE,,,,
6394,2276,9,53,3.75,7/17/2025,,0,,FALSE,,,,
6395,1640,21,50,1,7/18/2025,,0,,FALSE,,,,
6396,3358,21,21,0.75,7/18/2025,,0,,FALSE,,,,
6397,3358,21,22,1,7/18/2025,,0,,FALSE,,,,
6398,3354,9,10,1,7/18/2025,彫刻・面取り,0,,FALSE,,,,
6399,3360,9,10,4,7/18/2025,,0,,FALSE,,,,
6401,1640,21,40,4.25,7/18/2025,木板作成・銅板作成,0,,FALSE,,,,
6402,3364,9,888,2,7/18/2025,加工・梱包,0,,FALSE,,,,
6403,2276,9,53,3.75,7/18/2025,データ処理・更新,0,,FALSE,,,,
6404,1640,9,42,1,7/18/2025,,0,,FALSE,,,,
6405,3360,21,11,3,7/22/2025,,0,,FALSE,,,,
6406,3354,21,11,2.5,7/22/2025,,0,,FALSE,,,,
6407,3360,21,12,1.5,7/22/2025,,0,,FALSE,,,,
6408,1640,9,50,1.5,7/22/2025,,0,,FALSE,,,,
6411,2205,9,42,0.5,7/22/2025,圧空ベー穴追加工,0,,FALSE,,,,
6412,3363,9,23,0.5,7/22/2025,,0,,FALSE,,,,
6413,3365,9,10,2.5,7/22/2025,,0,,FALSE,,,,
6414,2276,9,888,4,7/22/2025,プログラム作成,0,,FALSE,,,,
6415,1640,21,50,0.5,7/23/2025,,0,,FALSE,,,,
6416,1640,9,50,1,7/23/2025,,0,,FALSE,,,,
6417,3354,21,11,0.5,7/23/2025,,0,,FALSE,,,,
6418,3354,21,12,3,7/23/2025,,0,,FALSE,,,,
6419,3355,21,13,3,7/23/2025,,0,,FALSE,,,,
6421,3365,9,10,1.5,7/23/2025,,0,,FALSE,,,,
6422,3366,9,10,4,7/23/2025,,0,,FALSE,,,,
6423,3355,9,13,0.5,7/23/2025,,0,,FALSE,,,,
6424,2276,9,888,2.5,7/23/2025,,0,,FALSE,,,,
6425,1640,21,50,1,7/24/2025,,0,,FALSE,,,,
6426,3360,21,12,1.25,7/24/2025,,0,,FALSE,,,,
6427,3361,21,13,3.5,7/24/2025,,0,,FALSE,,,,
6428,3372,9,10,4,7/24/2025,,0,,FALSE,,,,
6429,3373,9,10,2.5,7/24/2025,改造加工・梱包,0,,FALSE,,,,
6431,3365,21,11,1.25,7/24/2025,,0,,FALSE,,,,
6432,1640,9,50,1,7/24/2025,キリコ・廃油,0,,FALSE,,,,
6433,2276,9,888,1.75,7/24/2025,,0,,FALSE,,,,
6434,1640,21,50,0.5,7/25/2025,,0,,FALSE,,,,
6435,3365,21,11,2.5,7/25/2025,,0,,FALSE,,,,
6436,3370,21,13,3.5,7/25/2025,,0,,FALSE,,,,
6437,3365,9,14,1.5,7/25/2025,バック穴追加工,0,,FALSE,,,,
6438,3376,9,10,3,7/25/2025,,0,,FALSE,,,,
6439,3366,9,10,1.5,7/25/2025,表面・面取り,0,,FALSE,,,,
6440,3365,21,12,0.5,7/25/2025,,0,,FALSE,,,,
6441,1640,9,50,1,7/25/2025,梱包、５S,0,,FALSE,,,,
6442,2276,9,888,2.5,7/25/2025,プログラム,0,,FALSE,,,,
6443,1640,21,50,0.5,7/26/2025,,0,,FALSE,,,,
6444,3372,21,11,3.5,7/26/2025,,0,,FALSE,,,,
6445,3366,21,11,2,7/26/2025,,0,,FALSE,,,,
6446,3366,21,12,1,7/26/2025,,0,,FALSE,,,,
6447,3385,9,20,2,7/26/2025,,0,,FALSE,,,,
6448,3382,9,10,4,7/26/2025,,0,,FALSE,,,,
6449,1640,9,888,1,7/26/2025,BMI-003金型改造検討,0,,FALSE,,,,
6450,2276,9,888,2.75,7/26/2025,プログラム,0,,FALSE,,,,
6451,1640,21,50,0.5,7/28/2025,,0,,FALSE,,,,
6453,1640,21,888,2.25,7/28/2025,フエンさん病院同行,0,,FALSE,,,,
6454,3374,21,13,1.75,7/28/2025,,0,,FALSE,,,,
6455,3376,21,11,2.25,7/28/2025,,0,,FALSE,,,,
6457,1640,9,51,1.5,7/28/2025,梱包、５S,0,,FALSE,,,,
6458,3372,9,12,2.75,7/28/2025,,0,,FALSE,,,,
6459,3374,21,13,1.25,7/29/2025,,0,,FALSE,,,,
6460,3376,9,12,2.5,7/28/2025,,0,,FALSE,,,,
6461,3377,9,13,2.75,7/28/2025,,0,,FALSE,,,,
6462,1640,21,50,0.5,7/29/2025,,0,,FALSE,,,,
6463,3382,21,11,3,7/29/2025,,0,,FALSE,,,,
6464,3366,21,12,1,7/29/2025,,0,,FALSE,,,,
6465,3368,21,13,1.25,7/29/2025,,0,,FALSE,,,,
6466,1640,9,50,3,7/29/2025,配管水漏れ修理・廃油回収ト・5S,0,,FALSE,,,,
6467,3386,9,10,3,7/29/2025,,0,,FALSE,,,,
6468,3389,9,10,3,7/29/2025,,0,,FALSE,,,,
6469,3390,9,20,2,7/29/2025,,0,,FALSE,,,,
6470,3391,9,20,2,7/29/2025,,0,,FALSE,,,,
6472,1640,9,888,3,7/30/2025,冷却機の交換,0,,FALSE,,,,
6473,3392,9,10,3,7/30/2025,,0,,FALSE,,,,
6474,3393,9,10,3,7/30/2025,,0,,FALSE,,,,
6475,1640,9,50,0.75,7/30/2025,金型・抜き型確認,0,,FALSE,,,,
6476,3382,9,12,3,7/31/2025,,0,,FALSE,,,,
6477,3391,9,21,0.25,7/31/2025,,0,,FALSE,,,,
6478,3391,9,22,0.5,7/31/2025,,0,,FALSE,,,,
6479,3385,9,21,0.25,7/31/2025,,0,,FALSE,,,,
6480,3385,9,22,0.25,7/31/2025,,0,,FALSE,,,,
6481,3389,9,11,2.5,7/31/2025,,0,,FALSE,,,,
6482,3389,9,12,2.25,7/31/2025,,0,,FALSE,,,,
6483,3387,9,13,2,7/31/2025,,0,,FALSE,,,,
6484,3392,9,10,1.5,8/20/2025,,0,,FALSE,,,,
6485,3392,9,11,2.5,8/20/2025,,0,,FALSE,,,,
6486,3392,9,12,2,8/20/2025,,0,,FALSE,,,,
6487,3395,9,13,4,8/20/2025,,0,,FALSE,,,,
6489,3393,9,10,1,8/20/2025,,0,,FALSE,,,,
6490,1640,9,50,0.75,8/20/2025,梱包・5S (JAE-253金型返却),0,,FALSE,,,,
6491,1640,21,50,0.5,8/21/2025,,0,,FALSE,,,,
6492,3397,21,13,4,8/21/2025,,0,,FALSE,,,,
6493,3393,21,11,2.5,8/21/2025,,0,,FALSE,,,,
6494,1640,9,50,0.75,8/21/2025,キリコ回収,0,,FALSE,,,,
6495,3399,9,10,3,8/21/2025,金型改造,0,,FALSE,,,,
6496,3400,9,10,3,8/21/2025,,0,,FALSE,,,,
6497,3401,9,20,2,8/21/2025,,0,,FALSE,,,,
6498,3399,9,11,0.5,8/21/2025,,0,,FALSE,,,,
6499,3399,9,12,0.5,8/21/2025,,0,,FALSE,,,,
6500,1640,21,50,0.5,8/22/2025,,0,,FALSE,,,,
6501,1640,9,50,0.5,8/22/2025,,0,,FALSE,,,,
6503,3400,9,10,1.5,8/22/2025,,0,,FALSE,,,,
6504,3401,21,21,0.5,8/22/2025,,0,,FALSE,,,,
6505,3401,21,22,0.5,8/22/2025,,0,,FALSE,,,,
6506,,21,23,1,8/22/2025,,0,,FALSE,,,,
6507,3400,21,11,2.5,8/22/2025,,0,,FALSE,,,,
6508,3402,21,13,2.5,8/22/2025,,0,,FALSE,,,,
6509,3403,21,23,0.5,8/22/2025,,0,,FALSE,,,,
6510,3400,9,12,2,8/22/2025,,0,,FALSE,,,,
6511,3404,9,10,3,8/22/2025,,0,,FALSE,,,,
6512,3407,9,10,3,8/22/2025,,0,,FALSE,,,,
6513,3405,9,10,2.5,8/25/2025,,0,,FALSE,,,,
6514,1640,21,50,0.25,8/25/2025,,0,,FALSE,,,,
6515,3407,21,11,2.5,8/25/2025,,0,,FALSE,,,,
6516,,21,13,3,8/25/2025,,0,,FALSE,,,,
6517,3410,21,13,3,8/25/2025,,0,,FALSE,,,,
6518,3411,21,13,1.25,8/25/2025,,0,,FALSE,,,,
6519,1640,9,50,1.5,8/25/2025,クーラントタンク掃除,0,,FALSE,,,,
6520,3406,9,10,3,8/25/2025,,0,,FALSE,,,,
6522,3408,9,10,2.5,8/25/2025,,0,,FALSE,,,,
6523,3393,9,12,2.5,8/22/2025,,0,,FALSE,,,,
6524,3407,9,12,2.25,8/26/2025,,0,,FALSE,,,,
6526,3408,21,11,2,8/26/2025,,0,,FALSE,,,,
6527,3405,21,11,2,8/26/2025,,0,,FALSE,,,,
6528,3405,9,12,2,8/26/2025,,0,,FALSE,,,,
6529,3411,9,13,1,8/26/2025,,0,,FALSE,,,,
6530,3429,9,10,3,8/26/2025,,0,,FALSE,,,,
6531,3432,9,20,1.5,8/26/2025,,0,,FALSE,,,,
6532,1640,21,50,0.5,8/27/2025,,0,,FALSE,,,,
6533,3406,21,11,2,8/27/2025,,0,,FALSE,,,,
6534,3406,21,12,2,8/27/2025,,0,,FALSE,,,,
6535,3417,21,13,2.5,8/27/2025,,0,,FALSE,,,,
6536,3428,9,20,1.5,8/27/2025,,0,,FALSE,,,,
6537,3414,9,10,3,8/27/2025,,0,,FALSE,,,,
6538,3408,9,10,0.5,8/27/2025,,0,,FALSE,,,,
6539,3429,9,10,0.5,8/27/2025,,0,,FALSE,,,,
6540,3433,9,40,1,8/27/2025,,0,,FALSE,,,,
6542,1640,9,888,2,8/27/2025,5S・粉砕用改善部分の修理,0,,FALSE,,,,
6544,3432,9,11,0.5,8/27/2025,,0,,FALSE,,,,
6545,3432,9,12,0.5,8/27/2025,,0,,FALSE,,,,
6546,1640,21,50,0.5,8/28/2025,,0,,FALSE,,,,
6547,3408,21,12,2.5,8/28/2025,,0,,FALSE,,,,
6548,3415,21,13,3,8/28/2025,,0,,FALSE,,,,
6549,1640,9,50,0.5,8/28/2025,,0,,FALSE,,,,
6550,1640,9,888,5,8/28/2025,エアバルブの開閉状態を表示する表示灯の製作,0,,FALSE,,,,
6551,3428,9,21,0.5,8/28/2025,,0,,FALSE,,,,
6552,3428,9,22,0.5,8/28/2025,,0,,FALSE,,,,
6553,3434,9,888,2.75,8/28/2025,図面確認・プログラム,0,,FALSE,,,,
6554,1640,21,50,0.5,8/29/2025,,0,,FALSE,,,,
6555,3414,21,11,2.5,8/29/2025,,0,,FALSE,,,,
6556,3426,21,13,2.5,8/29/2025,,0,,FALSE,,,,
6557,,21,23,1.5,8/29/2025,,0,,FALSE,,,,
6558,3435,21,23,1.5,8/29/2025,,0,,FALSE,,,,
6559,3413,9,10,2.75,8/29/2025,,0,,FALSE,,,,
6560,1640,9,888,6,8/29/2025,エアバルブの開閉状態表示灯の製作が完了いたしました。,0,,FALSE,,,,
6561,3414,9,10,0.5,8/29/2025,,0,,FALSE,,,,
6562,1640,9,41,0.5,8/29/2025,MMT-013,0,,FALSE,,,,
6563,1640,21,50,0.5,8/30/2025,,0,,FALSE,,,,
6564,3414,21,12,2.5,8/30/2025,,0,,FALSE,,,,
6565,3429,21,11,2.5,8/30/2025,,0,,FALSE,,,,
6566,3430,21,13,1.5,8/30/2025,,0,,FALSE,,,,
6567,3412,9,10,3,8/30/2025,,0,,FALSE,,,,
6568,3409,9,10,3,8/30/2025,,0,,FALSE,,,,
6569,3413,9,10,0.5,8/30/2025,,0,,FALSE,,,,
6570,3434,9,888,1.5,8/30/2025,プログラム,0,,FALSE,,,,
6571,1640,9,50,0.25,8/30/2025,,0,,FALSE,,,,
6572,1640,21,50,0.5,9/1/2025,,0,,FALSE,,,,
6573,3426,9,13,1,9/1/2025,,0,,FALSE,,,,
6574,3429,21,12,2.5,9/1/2025,,0,,FALSE,,,,
6575,3430,21,13,1,9/1/2025,,0,,FALSE,,,,
6577,3413,9,11,2.5,9/1/2025,,0,,FALSE,,,,
6578,3413,9,12,2.5,9/1/2025,,0,,FALSE,,,,
6579,3409,9,11,1,9/1/2025,,0,,FALSE,,,,
6580,1640,9,50,1,9/1/2025,梱包、５S,0,,FALSE,,,,
6581,2518,21,13,1.5,9/1/2025,,0,,FALSE,,,,
6582,1640,21,50,0.5,9/2/2025,,0,,FALSE,,,,
6583,3412,21,11,3.5,9/2/2025,,0,,FALSE,,,,
6584,3424,21,13,3,9/2/2025,,0,,FALSE,,,,
6585,3436,9,40,3,9/2/2025,,0,,FALSE,,,,
6586,3437,9,10,3,9/2/2025,,0,,FALSE,,,,
6587,3434,9,700,3,9/2/2025,,0,,FALSE,,,,
6588,1640,9,50,0.25,9/2/2025,,0,,FALSE,,,,
6589,1640,21,50,0.25,9/3/2025,,0,,FALSE,,,,
6590,3394,21,13,2.5,9/3/2025,,0,,FALSE,,,,
6591,3409,21,11,2.5,9/3/2025,,0,,FALSE,,,,
6592,3412,21,12,1.75,9/3/2025,,0,,FALSE,,,,
6593,1640,9,51,1.5,9/3/2025,梱包・5S,0,,FALSE,,,,
6594,3438,9,10,3,9/3/2025,,0,,FALSE,,,,
6595,2205,9,40,0.5,9/3/2025,スタキング修理,0,,FALSE,,,,
6596,3409,9,10,0.5,9/3/2025,,0,,FALSE,,,,
6597,3434,9,700,3.75,9/3/2025,,0,,FALSE,,,,
6598,1640,21,50,0.25,9/4/2025,,0,,FALSE,,,,
6599,3422,21,13,2.5,9/4/2025,,0,,FALSE,,,,
6600,3412,21,12,1.5,9/4/2025,,0,,FALSE,,,,
6601,3409,21,12,2.75,9/4/2025,,0,,FALSE,,,,
6602,1640,9,50,0.75,9/4/2025,,0,,FALSE,,,,
6603,1640,9,888,3,9/4/2025,室外機周りのフレームの解体,0,,FALSE,,,,
6604,3441,9,10,3,9/4/2025,,0,,FALSE,,,,
6605,3438,9,10,1,9/4/2025,,0,,FALSE,,,,
6606,3437,9,10,0.5,9/4/2025,,0,,FALSE,,,,
6608,1640,9,42,1,9/4/2025,スタッキング修理,0,,FALSE,,,,
6609,1640,21,50,0.5,9/5/2025,,0,,FALSE,,,,
6610,3420,21,13,2.5,9/5/2025,,0,,FALSE,,,,
6612,3437,21,11,2,9/5/2025,,0,,FALSE,,,,
6613,3437,21,12,2,9/5/2025,,0,,FALSE,,,,
6614,1640,9,50,0.5,9/5/2025,,0,,FALSE,,,,
6615,3444,9,10,3,9/5/2025,,0,,FALSE,,,,
6616,3447,9,10,3,9/5/2025,,0,,FALSE,,,,
6617,3434,9,10,2.25,9/5/2025,,0,,FALSE,,,,
6618,3441,9,10,0.5,9/5/2025,,0,,FALSE,,,,
6619,1640,21,50,0.25,9/8/2025,,0,,FALSE,,,,
6620,3441,21,11,2,9/8/2025,,0,,FALSE,,,,
6621,3441,21,12,2,9/8/2025,,0,,FALSE,,,,
6622,3447,21,11,2.75,9/8/2025,,0,,FALSE,,,,
6623,1640,9,50,0.5,9/8/2025,,0,,FALSE,,,,
6624,3434,9,700,4,9/8/2025,加工・穴あけ・組立,0,,FALSE,,,,
6625,3459,9,20,1.5,9/8/2025,,0,,FALSE,,,,
6626,3461,9,20,1.5,9/8/2025,,0,,FALSE,,,,
6627,3444,9,10,0.75,9/8/2025,,0,,FALSE,,,,
6628,3447,9,10,1,9/8/2025,,0,,FALSE,,,,
6629,1640,21,50,0.5,9/9/2025,,0,,FALSE,,,,
6630,3438,21,11,2.25,9/9/2025,,0,,FALSE,,,,
6631,3438,21,12,2.5,9/9/2025,,0,,FALSE,,,,
6632,3439,21,13,1.75,9/9/2025,,0,,FALSE,,,,
6633,3453,9,10,3,9/9/2025,,0,,FALSE,,,,
6634,3456,9,10,3,9/9/2025,,0,,FALSE,,,,
6635,1640,9,51,1,9/9/2025,梱包、５S　（0-720992-4）,0,,FALSE,,,,
6636,3462,9,20,1,9/9/2025,,0,,FALSE,,,,
6637,3439,9,13,0.75,9/9/2025,,0,,FALSE,,,,
6638,1640,9,42,0.5,9/9/2025,,0,,FALSE,,,,
6639,1640,21,50,0.5,9/10/2025,,0,,FALSE,,,,
6640,3444,21,11,2.5,9/10/2025,,0,,FALSE,,,,
6641,3444,21,12,2,9/10/2025,,0,,FALSE,,,,
6642,3445,21,13,2,9/10/2025,,0,,FALSE,,,,
6644,3453,9,10,1.5,9/10/2025,,0,,FALSE,,,,
6645,3456,9,10,1.5,9/10/2025,,0,,FALSE,,,,
6646,1640,9,888,2,9/10/2025,金型写真,0,,FALSE,,,,
6649,3464,9,42,0.5,9/10/2025,タップ追加工,0,,FALSE,,,,
6650,3462,9,20,1,9/10/2025,,0,,FALSE,,,,
6651,2276,9,53,2.5,9/10/2025,,0,,FALSE,,,,
6652,1640,9,50,0.5,9/11/2025,,0,,FALSE,,,,
6653,1640,9,888,1.5,9/11/2025,金型写真,0,,FALSE,,,,
6654,3465,9,20,2,9/11/2025,,0,,FALSE,,,,
6655,3438,9,10,1.5,9/11/2025,外周調整　469ｘ346,0,,FALSE,,,,
6656,3466,9,10,1.5,9/11/2025,外周調整　469ｘ346,0,,FALSE,,,,
6657,3459,21,21,0.5,9/11/2025,,0,,FALSE,,,,
6658,3459,21,22,0.5,9/11/2025,,0,,FALSE,,,,
6659,3461,21,21,0.5,9/11/2025,,0,,FALSE,,,,
6660,3461,21,22,0.5,9/11/2025,,0,,FALSE,,,,
6661,3456,21,11,2,9/11/2025,,0,,FALSE,,,,
6662,1640,9,55,1,9/11/2025,TIH-025 KOG-001,0,,FALSE,,,,
6663,2276,9,53,1,9/11/2025,,0,,FALSE,,,,
6664,2276,21,50,0.5,9/12/2025,,0,,FALSE,,,,
6665,3462,21,21,0.5,9/12/2025,,0,,FALSE,,,,
6666,3462,21,22,0.5,9/12/2025,,0,,FALSE,,,,
6667,3447,21,12,2.5,9/12/2025,,0,,FALSE,,,,
6668,3448,21,13,2.75,9/12/2025,,0,,FALSE,,,,
6669,1640,9,50,1,9/12/2025,,0,,FALSE,,,,
6670,1640,9,888,4,9/12/2025,金型確認・備貸出書作成,0,,FALSE,,,,
6671,3448,9,13,0.5,9/12/2025,,0,,FALSE,,,,
6672,3467,9,10,3.5,9/12/2025,,0,,FALSE,,,,
6673,1640,21,50,0.25,9/16/2025,,0,,FALSE,,,,
6674,1640,21,50,0.5,9/16/2025,,0,,FALSE,,,,
6675,3468,21,13,3.5,9/16/2025,,0,,FALSE,,,,
6676,3470,21,23,1.25,9/16/2025,,0,,FALSE,,,,
6677,3463,21,23,1.5,9/16/2025,,0,,FALSE,,,,
6678,1640,9,54,2,9/16/2025,エアー漏れ対応・ホース交換,0,,FALSE,,,,
6679,1640,9,888,3,9/16/2025,設備貸出書作成,0,,FALSE,,,,
6680,3471,9,42,3,9/16/2025,金型修理・ミガキ・水冷タップ追加工,0,,FALSE,,,,
6681,1640,9,54,1,9/16/2025,ミガキ用グラインダーベアリング交換,0,,FALSE,,,,
6682,1640,21,50,0.5,9/17/2025,,0,,FALSE,,,,
6683,3465,21,21,0.5,9/17/2025,,0,,FALSE,,,,
6684,3465,21,22,0.5,9/17/2025,,0,,FALSE,,,,
6685,3472,21,23,1.5,9/17/2025,,0,,FALSE,,,,
6686,3467,21,11,2.5,9/17/2025,,0,,FALSE,,,,
6687,3467,21,12,1.5,9/17/2025,,0,,FALSE,,,,
6688,1640,9,50,3,9/17/2025,CMX800V　廃油,0,,FALSE,,,,
6689,3474,9,10,2.5,9/17/2025,改造,0,,FALSE,,,,
6690,1640,9,888,2,9/17/2025,室外機フレーム取付,0,,FALSE,,,,
6691,2276,9,53,1.75,9/17/2025,金型確認　（DIC),0,,FALSE,,,,
6692,1640,21,50,0.25,9/18/2025,,0,,FALSE,,,,
6693,3453,21,11,2.75,9/18/2025,,0,,FALSE,,,,
6694,3453,21,12,2.5,9/18/2025,,0,,FALSE,,,,
6695,3467,21,12,1.5,9/18/2025,,0,,FALSE,,,,
6696,1640,9,50,1,9/18/2025,,0,,FALSE,,,,
6697,1640,9,888,2,9/18/2025,金型確認,0,,FALSE,,,,
6698,1640,9,53,5,9/18/2025,データ処理・プログラム,0,,FALSE,,,,
6699,1640,21,50,0.75,9/19/2025,,0,,FALSE,,,,
6700,3454,21,13,3.5,9/19/2025,,0,,FALSE,,,,
6701,3456,21,12,2.75,9/19/2025,,0,,FALSE,,,,
6702,3475,9,42,1,9/19/2025,プラグ修理,0,,FALSE,,,,
6703,1640,9,53,6.75,9/19/2025,データ処理・更新,0,,FALSE,,,,
6704,1640,9,51,1,9/19/2025,梱包・5S,0,,FALSE,,,,
6705,1640,9,888,0.75,9/19/2025,金型写真撮影,0,,FALSE,,,,
6706,1640,21,50,0.5,9/20/2025,,0,,FALSE,,,,
6707,3457,21,13,4,9/20/2025,,0,,FALSE,,,,
6708,3454,21,13,0.5,9/20/2025,,0,,FALSE,,,,
6709,3473,9,10,3.5,9/20/2025,,0,,FALSE,,,,
6710,1640,9,53,5,9/20/2025,プログラム,0,,FALSE,,,,
6711,1640,21,40,2,9/20/2025,銅板作成,0,,FALSE,,,,
6712,1640,21,50,0.5,9/22/2025,,0,,FALSE,,,,
6713,3473,21,11,2.5,9/22/2025,,0,,FALSE,,,,
6714,3473,9,11,1.5,9/22/2025,,0,,FALSE,,,,
6715,3476,9,10,2.5,9/22/2025,,0,,FALSE,,,,
6716,3477,9,10,3,9/22/2025,,0,,FALSE,,,,
6717,1640,9,888,2,9/22/2025,是正報告書作成,0,,FALSE,,,,
6719,3476,9,10,1.75,9/23/2025,,0,,FALSE,,,,
6720,1640,21,50,1,9/24/2025,,0,,FALSE,,,,
6721,3477,21,11,3,9/24/2025,,0,,FALSE,,,,
6722,3473,21,12,3,9/24/2025,,0,,FALSE,,,,
6723,3478,9,10,4,9/24/2025,,0,,FALSE,,,,
6724,1640,9,50,0.5,9/24/2025,,0,,FALSE,,,,
6725,1640,9,53,5,9/24/2025,プログラム,0,,FALSE,,,,
6726,1640,21,50,0.5,9/25/2025,,0,,FALSE,,,,
6727,3477,21,12,2.75,9/25/2025,,0,,FALSE,,,,
6728,3480,21,13,3.75,9/25/2025,,0,,FALSE,,,,
6729,1640,9,50,1,9/25/2025,,0,,FALSE,,,,
6731,3476,9,10,2,9/25/2025,,0,,FALSE,,,,
6732,2276,9,888,6.5,9/25/2025,金型確認・プログラム,0,,FALSE,,,,
6733,1640,21,50,0.25,9/26/2025,,0,,FALSE,,,,
6734,3476,21,11,3.5,9/26/2025,,0,,FALSE,,,,
6735,3476,21,12,3.25,9/26/2025,,0,,FALSE,,,,
6736,1640,9,50,0.5,9/26/2025,,0,,FALSE,,,,
6737,3476,9,11,1,9/26/2025,,0,,FALSE,,,,
6738,3476,9,12,1,9/26/2025,,0,,FALSE,,,,
6739,3479,9,13,3.5,9/26/2025,,0,,FALSE,,,,
6740,2276,9,888,3.5,9/26/2025,金型確認・写真撮影・データ処理,0,,FALSE,,,,
6741,1640,9,50,0.5,9/29/2025,,0,,FALSE,,,,
6742,1640,9,53,1.5,9/29/2025,金型確認・棚卸し　KDS-086,0,,FALSE,,,,
6743,3481,9,10,3,9/29/2025,,0,,FALSE,,,,
6744,3483,9,42,1.5,9/29/2025,プラグ修理,0,,FALSE,,,,
6745,1640,9,700,2.25,9/29/2025,530ｘ515圧空ベース外周調整　（560ｘ545）,0,,FALSE,,,,
6746,1640,9,888,1.5,9/29/2025,金型写真撮影,0,,FALSE,,,,
6747,1640,21,50,1,9/30/2025,,0,,FALSE,,,,
6748,1640,9,50,1,9/30/2025,梱包・5S,0,,FALSE,,,,
6749,3489,21,13,2.5,9/30/2025,,0,,FALSE,,,,
6751,1640,21,40,3.5,9/30/2025,銅板・木板作成,0,,FALSE,,,,
6752,3485,9,10,2.75,9/30/2025,,0,,FALSE,,,,
6753,3487,9,10,3.5,9/30/2025,,0,,FALSE,,,,
6754,1640,9,888,0.75,9/30/2025,金型確認・写真撮影　SMK-222,0,,FALSE,,,,
6755,3485,9,10,1.5,10/1/2025,,0,,FALSE,,,,
6756,1640,9,888,3,10/1/2025,金型確認・写真撮影,0,,FALSE,,,,
6757,1640,9,53,4,10/1/2025,データ処理・プログラム,0,,FALSE,,,,
6758,1640,21,50,0.5,10/2/2025,,0,,FALSE,,,,
6759,3481,21,11,2,10/2/2025,,0,,FALSE,,,,
6760,3487,21,11,3,10/2/2025,,0,,FALSE,,,,
6761,3488,21,13,1.5,10/2/2025,,0,,FALSE,,,,
6762,1640,9,50,0.5,10/2/2025,,0,,FALSE,,,,
6763,3484,9,10,2,10/2/2025,改造　片側-0.3,0,,FALSE,,,,
6764,3490,9,10,3,10/2/2025,,0,,FALSE,,,,
6765,1640,9,888,1.5,10/2/2025,コンプレッサー点検,0,,FALSE,,,,
6766,2276,9,888,3.75,10/2/2025,プログラム・データ処理,0,,FALSE,,,,
6767,3491,9,10,2,10/3/2025,金型改造,0,,FALSE,,,,
6768,3492,9,10,3,10/3/2025,,0,,FALSE,,,,
6769,3494,9,10,3,10/3/2025,,0,,FALSE,,,,
6770,1640,21,50,0.5,10/3/2025,,0,,FALSE,,,,
6771,3485,21,11,0.5,10/3/2025,,0,,FALSE,,,,
6772,3488,21,13,2,10/3/2025,,0,,FALSE,,,,
6773,3485,9,11,1.75,10/3/2025,,0,,FALSE,,,,
6774,1640,21,50,0.5,10/6/2025,,0,,FALSE,,,,
6775,3485,21,12,2.25,10/6/2025,,0,,FALSE,,,,
6776,3486,21,13,3,10/6/2025,,0,,FALSE,,,,
6778,3487,21,12,1.25,10/6/2025,,0,,FALSE,,,,
6779,3487,9,12,1,10/6/2025,,0,,FALSE,,,,
6780,3499,9,10,3.5,10/6/2025,,0,,FALSE,,,,
6781,3478,9,10,1.5,10/6/2025,,0,,FALSE,,,,
6782,1640,9,40,3,10/6/2025,,0,,FALSE,,,,
6783,1640,9,50,1,10/6/2025,5S・金型確認,0,,FALSE,,,,
6784,3481,9,12,2,10/7/2025,,0,,FALSE,,,,
6785,3499,9,10,2.5,10/7/2025,工具折れた対応,0,,FALSE,,,,
6786,1640,21,50,0.5,10/7/2025,,0,,FALSE,,,,
6787,3492,21,11,2.5,10/7/2025,,0,,FALSE,,,,
6788,3494,21,11,2.5,10/7/2025,,0,,FALSE,,,,
6789,3493,21,13,1.5,10/7/2025,,0,,FALSE,,,,
6790,1640,9,51,0.75,10/7/2025,,0,,FALSE,,,,
6791,1640,9,888,2,10/7/2025,JAE-341金型改造の検討,0,,FALSE,,,,
6792,1640,9,53,2.75,10/7/2025,プログラム,0,,FALSE,,,,
6793,1640,21,50,0.5,10/8/2025,,0,,FALSE,,,,
6794,3492,21,12,2,10/8/2025,,0,,FALSE,,,,
6795,3493,21,13,2,10/8/2025,,0,,FALSE,,,,
6796,3494,21,12,2.5,10/8/2025,,0,,FALSE,,,,
6797,3506,9,10,3,10/8/2025,,0,,FALSE,,,,
6798,3500,9,10,3.5,10/8/2025,,0,,FALSE,,,,
6799,3499,9,10,2,10/8/2025,,0,,FALSE,,,,
6800,1640,9,50,1,10/8/2025,キリコを外に出し、回収対応,0,,FALSE,,,,
6801,1640,9,53,1.5,10/8/2025,プログラム,0,,FALSE,,,,
6802,1640,21,50,0.5,10/9/2025,,0,,FALSE,,,,
6803,3495,21,13,2.5,10/9/2025,,0,,FALSE,,,,
6804,3478,21,11,3,10/9/2025,,0,,FALSE,,,,
6805,3499,21,11,1,10/9/2025,,0,,FALSE,,,,
6806,3507,9,10,3.5,10/9/2025,,0,,FALSE,,,,
6807,3508,9,10,3,10/9/2025,,0,,FALSE,,,,
6808,3499,9,11,1.5,10/9/2025,,0,,FALSE,,,,
6809,1640,9,54,0.5,10/9/2025,粉砕機,0,,FALSE,,,,
6810,1640,9,50,0.5,10/9/2025,,0,,FALSE,,,,
6811,3509,9,41,0.5,10/9/2025,,0,,FALSE,,,,
6812,2276,9,888,0.75,10/9/2025,,0,,FALSE,,,,
6813,1640,21,50,0.5,10/10/2025,,0,,FALSE,,,,
6814,3500,21,11,2.5,10/10/2025,,0,,FALSE,,,,
6815,3500,21,12,2.5,10/10/2025,,0,,FALSE,,,,
6816,3478,21,12,1.5,10/10/2025,,0,,FALSE,,,,
6817,1640,9,888,2,10/10/2025,金型写真撮影・確認,0,,FALSE,,,,
6818,3478,9,12,2,10/10/2025,,0,,FALSE,,,,
6819,3508,9,10,1.5,10/10/2025,,0,,FALSE,,,,
6820,1640,9,50,1,10/10/2025,,0,,FALSE,,,,
6822,2276,9,53,2.25,10/10/2025,データ処理・プログラム,0,,FALSE,,,,
6823,1640,21,50,0.25,10/14/2025,,0,,FALSE,,,,
6824,3506,21,11,2.5,10/14/2025,,0,,FALSE,,,,
6825,3508,21,11,2.5,10/14/2025,,0,,FALSE,,,,
6826,3503,21,13,1.75,10/14/2025,,0,,FALSE,,,,
6827,1640,9,50,1.25,10/14/2025,,0,,FALSE,,,,
6829,3499,9,12,3,10/14/2025,,0,,FALSE,,,,
6830,3515,9,10,3,10/15/2025,,0,,FALSE,,,,
6831,3517,9,10,4,10/14/2025,,0,,FALSE,,,,
6832,3501,9,13,2.5,10/14/2025,,0,,FALSE,,,,
6833,1640,21,50,0.5,10/15/2025,,0,,FALSE,,,,
6834,3502,21,13,2.75,10/15/2025,,0,,FALSE,,,,
6835,3503,21,13,0.5,10/15/2025,,0,,FALSE,,,,
6836,3506,21,12,2,10/15/2025,,0,,FALSE,,,,
6837,3508,21,12,1.25,10/15/2025,,0,,FALSE,,,,
6838,3517,9,10,2,10/15/2025,アンダースタック・スロット,0,,FALSE,,,,
6839,2276,9,53,3,10/15/2025,金型写真・梱包,0,,FALSE,,,,
6840,1640,9,50,2,10/15/2025,5S・その他,0,,FALSE,,,,
6841,1640,21,50,0.5,10/16/2025,,0,,FALSE,,,,
6842,3513,21,13,2.25,10/16/2025,,0,,FALSE,,,,
6843,3508,21,12,1.25,10/16/2025,,0,,FALSE,,,,
6844,3511,21,13,3,10/16/2025,,0,,FALSE,,,,
6845,3520,9,10,3,10/16/2025,,0,,FALSE,,,,
6846,3521,9,20,2,10/16/2025,,0,,FALSE,,,,
6847,3515,9,10,2,10/16/2025,アンダースタック・スロット,0,,FALSE,,,,
6848,1640,9,50,1,10/16/2025,梱包、５S,0,,FALSE,,,,
6849,2276,9,888,2.75,10/16/2025,プログラム・データ処理,0,,FALSE,,,,
6850,1640,21,50,0.25,10/17/2025,,0,,FALSE,,,,
6851,3507,21,11,3.5,10/17/2025,,0,,FALSE,,,,
6852,3517,21,11,1.5,10/17/2025,,0,,FALSE,,,,
6853,3515,21,13,1.75,10/17/2025,,0,,FALSE,,,,
6854,3524,9,20,2,10/17/2025,,0,,FALSE,,,,
6855,3520,9,10,2,10/17/2025,彫刻・面取り,0,,FALSE,,,,
6856,3522,9,10,4,10/17/2025,,0,,FALSE,,,,
6859,3526,9,55,1.5,10/17/2025,穴あけ・洗浄,0,,FALSE,,,,
6860,3517,9,11,1,10/17/2025,バック穴追加工,0,,FALSE,,,,
6861,1640,9,50,1,10/17/2025,,0,,FALSE,,,,
6862,1640,21,50,0.5,10/18/2025,,0,,FALSE,,,,
6863,3515,21,11,2,10/18/2025,,0,,FALSE,,,,
6864,3515,21,12,1.75,10/18/2025,,0,,FALSE,,,,
6865,3517,21,12,2,10/18/2025,,0,,FALSE,,,,
6866,3521,21,21,0.75,10/18/2025,,0,,FALSE,,,,
6867,3523,9,10,3.5,10/18/2025,,0,,FALSE,,,,
6868,3527,9,10,4,10/18/2025,,0,,FALSE,,,,
6871,3482,9,13,2,10/18/2025,,0,,FALSE,,,,
6872,1640,9,50,1,10/18/2025,,0,,FALSE,,,,
6873,3523,9,10,0.75,10/18/2025,エラー対応,0,,FALSE,,,,
6874,3518,21,13,2.25,10/20/2025,,0,,FALSE,,,,
6875,3516,21,13,2.25,10/20/2025,,0,,FALSE,,,,
6876,1640,21,50,0.5,10/20/2025,,0,,FALSE,,,,
6877,3482,21,13,1.5,10/20/2025,,0,,FALSE,,,,
6878,3520,9,11,2.5,10/20/2025,,0,,FALSE,,,,
6879,3520,9,12,2.5,10/20/2025,,0,,FALSE,,,,
6881,3521,21,22,0.5,10/21/2025,,0,,FALSE,,,,
6882,3524,9,21,0.75,10/20/2025,,0,,FALSE,,,,
6883,3524,9,22,0.5,10/20/2025,,0,,FALSE,,,,
6884,3530,9,10,2.75,10/20/2025,,0,,FALSE,,,,
6885,1640,9,50,0.5,10/20/2025,,0,,FALSE,,,,
6886,1640,21,50,0.5,10/21/2025,,0,,FALSE,,,,
6887,3523,21,11,3,10/21/2025,,0,,FALSE,,,,
6888,3523,21,12,1.75,10/21/2025,,0,,FALSE,,,,
6889,3507,21,12,1.25,10/21/2025,,0,,FALSE,,,,
6890,3530,9,10,2,10/21/2025,,0,,FALSE,,,,
6891,3490,9,11,3,10/21/2025,,0,,FALSE,,,,
6892,3490,9,12,2.75,10/21/2025,,0,,FALSE,,,,
6893,3497,21,13,3.5,10/22/2025,,0,,FALSE,,,,
6894,3519,9,13,0.5,10/21/2025,木板作成・穴あけ,0,,FALSE,,,,
6895,1640,9,53,2.25,10/21/2025,プログラム・データ処理,0,,FALSE,,,,
6897,3522,9,10,1.5,10/22/2025,,0,,FALSE,,,,
6898,3519,9,700,3.5,10/22/2025,MC材料で加工・仕上げ,0,,FALSE,,,,
6900,3527,21,11,3,10/22/2025,,0,,FALSE,,,,
6901,1640,21,50,0.5,10/22/2025,,0,,FALSE,,,,
6902,3540,9,10,3.5,10/22/2025,,0,,FALSE,,,,
6903,2276,9,888,2.25,10/22/2025,プログラム・5S,0,,FALSE,,,,
6904,1640,21,50,0.25,10/23/2025,,0,,FALSE,,,,
6905,3522,21,11,3.5,10/23/2025,,0,,FALSE,,,,
6906,3535,21,13,3.25,10/23/2025,,0,,FALSE,,,,
6908,3522,9,12,3,10/23/2025,,0,,FALSE,,,,
6909,3533,9,13,3.5,10/23/2025,,0,,FALSE,,,,
6910,3527,21,12,3,10/24/2025,,0,,FALSE,,,,
6911,3528,21,23,1,10/24/2025,,0,,FALSE,,,,
6912,3529,21,23,1,10/24/2025,,0,,FALSE,,,,
6913,3538,9,10,3.5,10/23/2025,,0,,FALSE,,,,
6914,1640,9,888,1.75,10/23/2025,金型・抜型確認・写真撮影,0,,FALSE,,,,
6915,3530,21,11,2,10/24/2025,,0,,FALSE,,,,
6916,3542,9,10,3,10/24/2025,,0,,FALSE,,,,
6917,3548,9,10,3,10/24/2025,改造・仕上げ,0,,FALSE,,,,
6918,3519,9,888,0.5,10/24/2025,プラグ調整,0,,FALSE,,,,
6919,1640,9,55,0.5,10/24/2025,,0,,FALSE,,,,
6920,3525,9,40,2.75,10/24/2025,,0,,FALSE,,,,
6921,1640,9,888,2.25,10/24/2025,プラグ穴あけ・金型写真・5S,0,,FALSE,,,,
6922,1640,21,50,0.5,10/27/2025,,0,,FALSE,,,,
6923,3540,21,11,3,10/27/2025,,0,,FALSE,,,,
6924,3542,21,11,1,10/28/2025,,0,,FALSE,,,,
6925,3532,21,13,3.5,10/27/2025,,0,,FALSE,,,,
6926,1640,9,50,1,10/27/2025,,0,,FALSE,,,,
6927,3540,9,10,2,10/27/2025,,0,,FALSE,,,,
6928,3530,9,12,2,10/27/2025,,0,,FALSE,,,,
6929,3542,9,12,1.5,10/27/2025,,0,,FALSE,,,,
6930,3550,9,10,2,10/27/2025,改造２,0,,FALSE,,,,
6931,3551,9,10,3,10/27/2025,,0,,FALSE,,,,
6932,1640,21,50,0.25,10/28/2025,,0,,FALSE,,,,
6933,3538,21,11,3.5,10/28/2025,,0,,FALSE,,,,
6934,3539,21,13,2.25,10/28/2025,,0,,FALSE,,,,
6936,1640,9,50,1,10/28/2025,,0,,FALSE,,,,
6937,1640,9,888,2,10/28/2025,設備貸出書・金型写真,0,,FALSE,,,,
6938,3540,9,12,3,10/28/2025,,0,,FALSE,,,,
6940,3538,9,12,3,10/28/2025,,0,,FALSE,,,,
6941,3523,9,12,1,10/28/2025,,0,,FALSE,,,,
6942,3536,9,13,2.5,10/28/2025,,0,,FALSE,,,,
6943,3543,21,13,1.5,10/29/2025,,0,,FALSE,,,,
6944,1640,21,50,0.5,10/29/2025,,0,,FALSE,,,,
6945,3541,21,13,3.5,10/29/2025,,0,,FALSE,,,,
6946,3531,21,13,1.5,10/29/2025,,0,,FALSE,,,,
6947,3553,9,40,3,10/29/2025,,0,,FALSE,,,,
6948,1640,9,888,3,10/29/2025,金型確認・写真,0,,FALSE,,,,
6949,3540,9,10,1,10/29/2025,彫刻調整,0,,FALSE,,,,
6950,3538,9,10,1,10/29/2025,彫刻調整,0,,FALSE,,,,
6951,3555,9,10,3,10/29/2025,,0,,FALSE,,,,
6952,3556,9,10,3,10/30/2025,,0,,FALSE,,,,
6953,3557,9,10,3,10/30/2025,,0,,FALSE,,,,
6954,1640,9,53,2.5,10/30/2025,金型確認・写真撮影,0,,FALSE,,,,
6955,1640,9,50,0.5,10/30/2025,,0,,FALSE,,,,
6956,1640,9,40,1.25,10/30/2025,スタッキング修理,0,,FALSE,,,,
6957,3563,9,13,2.25,10/31/2025,,0,,FALSE,,,,
6958,3551,9,11,2.5,10/31/2025,,0,,FALSE,,,,
6959,3551,9,12,2,10/31/2025,,0,,FALSE,,,,
6960,3564,9,40,3,11/4/2025,,0,,FALSE,,,,
6961,1640,21,50,0.5,11/4/2025,,0,,FALSE,,,,
6962,3556,9,10,1.5,11/4/2025,,0,,FALSE,,,,
6963,3556,21,11,1.75,11/4/2025,,0,,FALSE,,,,
6964,3557,9,10,1,11/4/2025,,0,,FALSE,,,,
6965,3555,9,10,1,11/4/2025,,0,,FALSE,,,,
6966,3555,21,11,3,11/4/2025,,0,,FALSE,,,,
6967,3552,21,13,1.5,11/4/2025,,0,,FALSE,,,,
6968,3552,9,13,1,11/4/2025,,0,,FALSE,,,,
6970,1640,9,50,0.25,11/4/2025,,0,,FALSE,,,,
6971,1640,9,40,1.25,11/4/2025,,0,,FALSE,,,,
6972,3555,9,12,3,11/5/2025,,0,,FALSE,,,,
6973,3563,21,13,1.5,11/5/2025,,0,,FALSE,,,,
6974,3556,21,11,1,11/5/2025,,0,,FALSE,,,,
6975,3557,21,11,3,11/5/2025,,0,,FALSE,,,,
6976,3558,21,13,1,11/5/2025,,0,,FALSE,,,,
6977,1640,21,50,0.25,11/5/2025,,0,,FALSE,,,,
6978,3565,9,20,1.5,11/5/2025,,0,,FALSE,,,,
6979,3566,9,32,1.5,11/5/2025,,0,,FALSE,,,,
6980,1640,9,51,0.25,11/5/2025,,0,,FALSE,,,,
6981,3555,9,10,0.75,11/5/2025,バック穴追加工,0,,FALSE,,,,
6982,1640,9,888,1.5,11/5/2025,トレイ寸法確認・金型写真撮影,0,,FALSE,,,,
6983,2276,9,53,1.5,11/5/2025,,0,,FALSE,,,,
6984,1640,9,40,0.5,11/6/2025,,0,,FALSE,,,,
6986,1640,21,50,0.5,11/6/2025,,0,,FALSE,,,,
6987,3556,21,12,2.5,11/6/2025,,0,,FALSE,,,,
6988,3557,21,12,2,11/6/2025,,0,,FALSE,,,,
6989,3558,21,13,1.75,11/6/2025,,0,,FALSE,,,,
6990,3565,21,21,0.25,11/6/2025,,0,,FALSE,,,,
6991,3552,9,56,1.5,11/6/2025,,0,,FALSE,,,,
6992,1640,9,53,8,11/6/2025,金型写真・プログラム・データ処理,0,,FALSE,,,,
6993,1640,21,50,0.5,11/7/2025,,0,,FALSE,,,,
6994,3552,21,13,1.5,11/7/2025,プラグ調整,0,,FALSE,,,,
6995,3565,21,22,0.5,11/7/2025,,0,,FALSE,,,,
6996,3567,21,23,0.75,11/7/2025,,0,,FALSE,,,,
6997,3566,21,21,0.5,11/7/2025,,0,,FALSE,,,,
6998,3566,21,22,0.5,11/7/2025,,0,,FALSE,,,,
6999,3560,21,13,2.75,11/7/2025,,0,,FALSE,,,,
7000,1640,9,50,0.5,11/7/2025,,0,,FALSE,,,,
7001,1640,9,888,2,11/7/2025,金型確認・写真撮影,0,,FALSE,,,,
7002,3569,9,10,3,11/7/2025,,0,,FALSE,,,,
7003,2276,9,53,4.75,11/7/2025,プログラム,0,,FALSE,,,,
7004,3569,9,10,1.5,11/8/2025,,0,,FALSE,,,,
7005,1640,9,50,0.5,11/8/2025,,0,,FALSE,,,,
7006,2276,9,888,2,11/8/2025,プログラム,0,,FALSE,,,,
7007,1640,9,50,0.5,11/10/2025,,0,,FALSE,,,,
7008,1640,9,888,5,11/10/2025,貸与設備棚卸調査・金型確認,0,,FALSE,,,,
7009,3569,9,11,2.5,11/10/2025,,0,,FALSE,,,,
7010,3571,9,10,3.5,11/10/2025,,0,,FALSE,,,,
7011,3569,9,12,1.5,11/11/2025,,0,,FALSE,,,,
7012,3570,9,13,2,11/11/2025,,0,,FALSE,,,,
7014,3572,9,10,3,11/11/2025,,0,,FALSE,,,,
7015,3570,9,42,0.25,11/11/2025,穴あけ,0,,FALSE,,,,
7016,2276,9,53,4.5,11/11/2025,金型確認・データ処理,0,,FALSE,,,,
7017,3572,9,10,0.5,11/12/2025,,0,,FALSE,,,,
7018,3572,9,11,2,11/12/2025,,0,,FALSE,,,,
7019,3572,9,12,2.5,11/12/2025,,0,,FALSE,,,,
7020,3568,9,23,1.5,11/12/2025,,0,,FALSE,,,,
7022,3576,9,40,3,11/12/2025,,0,,FALSE,,,,
7023,1640,9,888,1.5,11/12/2025,金型写真・5S,0,,FALSE,,,,
7024,1640,21,50,0.5,11/13/2025,,0,,FALSE,,,,
7025,3571,21,11,3.5,11/13/2025,,0,,FALSE,,,,
7027,1640,9,53,2,11/13/2025,,0,,FALSE,,,,
7028,3578,9,20,1.5,11/13/2025,,0,,FALSE,,,,
7029,3579,9,10,3,11/13/2025,,0,,FALSE,,,,
7030,3580,9,10,2,11/13/2025,改造,0,,FALSE,,,,
7031,2276,9,53,2.5,11/13/2025,データ処理,0,,FALSE,,,,
7032,1640,21,50,0.25,11/14/2025,,0,,FALSE,,,,
7033,3579,21,11,2,11/14/2025,,0,,FALSE,,,,
7034,3579,21,12,1.75,11/14/2025,,0,,FALSE,,,,
7035,3583,21,13,3,11/14/2025,,0,,FALSE,,,,
7037,3571,9,22,1.5,11/14/2025,,0,,FALSE,,,,
7038,3585,9,10,3,11/14/2025,,0,,FALSE,,,,
7039,3586,9,10,3,11/14/2025,,0,,FALSE,,,,
7040,3578,9,20,1.25,11/14/2025,,0,,FALSE,,,,
7044,3581,9,23,0.5,11/14/2025,穴あけ,0,,FALSE,,,,
7045,1640,9,50,1,11/14/2025,,0,,FALSE,,,,
7046,3572,9,42,0.5,11/14/2025,バック穴追加工,0,,FALSE,,,,
7047,3586,9,10,1.5,11/15/2025,,0,,FALSE,,,,
7048,3585,9,10,1,11/15/2025,,0,,FALSE,,,,
7049,1640,21,50,0.5,11/17/2025,,0,,FALSE,,,,
7050,3585,21,11,1.5,11/17/2025,,0,,FALSE,,,,
7051,3585,21,12,2,11/17/2025,,0,,FALSE,,,,
7053,3589,21,13,1.5,11/17/2025,,0,,FALSE,,,,
7054,3590,21,13,1.5,11/17/2025,,0,,FALSE,,,,
7055,1640,9,888,2,11/17/2025,5S・成形用コンプレッサー切り替え,0,,FALSE,,,,
7056,1640,9,888,2,11/17/2025,金型清掃・梱包 （MTM-187R4、MTM-185R3),0,,FALSE,,,,
7057,3591,9,10,3,11/17/2025,,0,,FALSE,,,,
7058,2276,9,53,3,11/17/2025,データ処理・プログラム,0,,FALSE,,,,
7060,1640,21,50,0.5,11/18/2025,,0,,FALSE,,,,
7061,3578,21,21,0.5,11/18/2025,,0,,FALSE,,,,
7062,3578,21,22,0.5,11/18/2025,,0,,FALSE,,,,
7063,3587,21,23,1.25,11/18/2025,,0,,FALSE,,,,
7065,3586,21,11,2,11/18/2025,,0,,FALSE,,,,
7066,1640,21,40,2.25,11/18/2025,銅板作成,0,,FALSE,,,,
7067,3593,9,20,1.5,11/18/2025,,0,,FALSE,,,,
7068,3594,9,20,1.5,11/18/2025,,0,,FALSE,,,,
7069,1640,9,51,0.5,11/18/2025,,0,,FALSE,,,,
7070,1640,9,888,0.5,11/18/2025,金型写真,0,,FALSE,,,,
7071,2276,9,888,6,11/18/2025,データ処理・プログラム,0,,FALSE,,,,
7072,1640,21,50,0.25,11/19/2025,,0,,FALSE,,,,
7073,3591,21,11,2.5,11/19/2025,,0,,FALSE,,,,
7074,3594,21,21,0.5,11/19/2025,,0,,FALSE,,,,
7075,3593,21,21,0.75,11/19/2025,,0,,FALSE,,,,
7076,1640,9,50,2.5,11/19/2025,5S・金型写真・梱包,0,,FALSE,,,,
7077,1640,9,888,5.5,11/19/2025,コンプレッサー問題の対応,0,,FALSE,,,,
7078,3595,9,20,2,11/19/2025,,0,,FALSE,,,,
7079,2276,9,53,3,11/19/2025,データ処理・プログラム,0,,FALSE,,,,
7080,1640,21,50,0.5,11/20/2025,,0,,FALSE,,,,
7081,3594,21,22,0.5,11/20/2025,,0,,FALSE,,,,
7083,,21,23,0.75,11/20/2025,,0,,FALSE,,,,
7084,3593,21,22,0.5,11/20/2025,,0,,FALSE,,,,
7085,,21,23,0.75,11/20/2025,,0,,FALSE,,,,
7086,3604,21,23,0.75,11/20/2025,,0,,FALSE,,,,
7087,3603,21,23,0.75,11/20/2025,,0,,FALSE,,,,
7088,3591,21,12,3,11/20/2025,,0,,FALSE,,,,
7089,3588,21,13,1,11/20/2025,,0,,FALSE,,,,
7090,1640,9,50,1,11/20/2025,5S・梱包,0,,FALSE,,,,
7091,1640,9,888,1,11/20/2025,エア漏れの点検,0,,FALSE,,,,
7092,3600,9,10,3.5,11/20/2025,,0,,FALSE,,,,
7093,3605,9,10,2.5,11/20/2025,,0,,FALSE,,,,
7094,3606,9,10,2.5,11/20/2025,,0,,FALSE,,,,
7095,3595,21,21,0.5,11/21/2025,,0,,FALSE,,,,
7096,3595,21,22,0.5,11/21/2025,,0,,FALSE,,,,
7097,3607,21,23,1,11/21/2025,,0,,FALSE,,,,
7098,3586,21,12,1.75,11/21/2025,,0,,FALSE,,,,
7099,3597,21,13,2,11/21/2025,,0,,FALSE,,,,
7101,1640,21,50,0.5,11/21/2025,,0,,FALSE,,,,
7102,3601,21,13,0.75,11/21/2025,,0,,FALSE,,,,
7103,1640,9,888,5,11/21/2025,金型確認,0,,FALSE,,,,
7104,1640,9,50,1,11/21/2025,,0,,FALSE,,,,
7105,2276,9,53,3,11/21/2025,データ処理・プログラム,0,,FALSE,,,,
7106,1640,9,50,0.5,11/25/2025,,0,,FALSE,,,,
7107,1640,9,888,1.5,11/25/2025,金型棚卸対応,0,,FALSE,,,,
7108,3600,9,11,3,11/25/2025,,0,,FALSE,,,,
7109,3601,9,13,3,11/26/2025,,0,,FALSE,,,,
7110,3592,9,13,3,11/25/2025,,0,,FALSE,,,,
7111,1640,9,50,1,11/26/2025,,0,,FALSE,,,,
7112,3600,9,12,2.5,11/26/2025,,0,,FALSE,,,,
7113,3605,9,10,3.25,11/26/2025,加工ミス直し・ミガキ,0,,FALSE,,,,
7115,3606,9,10,1,11/26/2025,加工・ミガキ,0,,FALSE,,,,
7116,3608,9,10,3,11/27/2025,,0,,FALSE,,,,
7118,3611,9,20,2,11/27/2025,,0,,FALSE,,,,
7119,1640,9,888,1.5,11/27/2025,金型確認,0,,FALSE,,,,
7120,2276,9,53,2,11/27/2025,金型廃棄対応　（OTAX),0,,FALSE,,,,
7121,3612,9,10,3,11/28/2025,金型改造,0,,FALSE,,,,
7122,3613,9,14,3,11/28/2025,,0,,FALSE,,,,
7123,3614,9,10,3,11/28/2025,,0,,FALSE,,,,
7124,3615,9,10,3,11/28/2025,改造,0,,FALSE,,,,
7125,3610,9,10,2.5,11/28/2025,,0,,FALSE,,,,
7126,1640,21,50,0.5,12/1/2025,,0,,FALSE,,,,
7127,3608,21,11,3,12/1/2025,,0,,FALSE,,,,
7128,3610,21,11,3,12/1/2025,,0,,FALSE,,,,
7129,3611,21,21,0.5,12/1/2025,,0,,FALSE,,,,
7130,3610,9,10,1,12/1/2025,,0,,FALSE,,,,
7131,3614,9,12,1.5,12/1/2025,,0,,FALSE,,,,
7132,3611,9,22,0.5,12/1/2025,,0,,FALSE,,,,
7133,3626,21,23,0.5,12/3/2025,,0,,FALSE,,,,
7134,3623,9,10,3,12/1/2025,,0,,FALSE,,,,
7135,1640,9,53,2,12/1/2025,金型廃棄対応,0,,FALSE,,,,
7136,3627,9,20,1.5,12/1/2025,,0,,FALSE,,,,
7137,3615,21,11,1,12/2/2025,,0,,FALSE,,,,
7138,3615,21,12,2,12/2/2025,,0,,FALSE,,,,
7139,3614,21,11,0.5,12/2/2025,,0,,FALSE,,,,
7140,3609,21,13,3,12/2/2025,,0,,FALSE,,,,
7141,1640,21,50,0.5,12/2/2025,,0,,FALSE,,,,
7142,3617,9,10,3,12/2/2025,,0,,FALSE,,,,
7143,3629,9,10,3.5,12/2/2025,,0,,FALSE,,,,
7145,3608,9,10,0.5,12/2/2025,バック穴追加工,0,,FALSE,,,,
7146,3608,9,12,2,12/2/2025,,0,,FALSE,,,,
7147,1640,9,42,0.5,12/2/2025,,0,,FALSE,,,,
7148,1640,9,40,0.75,12/2/2025,,0,,FALSE,,,,
7149,1640,9,888,0.75,12/2/2025,梱包、５S,0,,FALSE,,,,
7150,1640,21,50,0.5,12/3/2025,,0,,FALSE,,,,
7151,3621,21,13,4,12/3/2025,,0,,FALSE,,,,
7152,3608,21,12,0.5,12/3/2025,,0,,FALSE,,,,
7153,3610,21,12,1.5,12/3/2025,,0,,FALSE,,,,
7154,3630,9,10,3.5,12/3/2025,,0,,FALSE,,,,
7155,3627,9,21,0.5,12/3/2025,,0,,FALSE,,,,
7156,3627,9,22,0.5,12/3/2025,,0,,FALSE,,,,
7157,2276,9,53,5,12/3/2025,,0,,FALSE,,,,
7158,1640,9,50,1.5,12/3/2025,梱包、５S,0,,FALSE,,,,
7159,1640,21,50,0.5,12/4/2025,,0,,FALSE,,,,
7160,3618,21,13,3.5,12/4/2025,,0,,FALSE,,,,
7161,3617,21,11,3,12/4/2025,,0,,FALSE,,,,
7162,3617,9,12,2.5,12/4/2025,,0,,FALSE,,,,
7163,3610,9,12,1.5,12/4/2025,,0,,FALSE,,,,
7164,3631,9,10,2,12/4/2025,,0,,FALSE,,,,
7165,1640,9,42,1,12/4/2025,ADY-076,0,,FALSE,,,,
7166,1640,9,53,3,12/4/2025,,0,,FALSE,,,,
7167,1640,21,50,0.5,12/5/2025,,0,,FALSE,,,,
7168,3630,21,11,3.5,12/5/2025,,0,,FALSE,,,,
7169,3629,21,11,3,12/5/2025,,0,,FALSE,,,,
7170,3632,9,10,3.5,12/5/2025,,0,,FALSE,,,,
7171,3623,9,10,2,12/5/2025,,0,,FALSE,,,,
7172,3631,9,10,2,12/5/2025,,0,,FALSE,,,,
7173,2276,9,53,3.5,12/5/2025,,0,,FALSE,,,,
7174,1640,21,50,0.5,12/8/2025,,0,,FALSE,,,,
7175,3633,21,13,4.5,12/8/2025,,0,,FALSE,,,,
7176,3623,21,11,2,12/8/2025,,0,,FALSE,,,,
7177,3629,9,12,2.5,12/8/2025,,0,,FALSE,,,,
7178,3630,9,12,2.5,12/8/2025,,0,,FALSE,,,,
7179,3634,9,13,2.75,12/8/2025,,0,,FALSE,,,,
7180,1640,9,41,2,12/8/2025,,0,,FALSE,,,,
7181,1640,9,51,1,12/8/2025,,0,,FALSE,,,,
7182,3623,21,11,1,12/9/2025,,0,,FALSE,,,,
7183,3631,21,11,2.75,12/9/2025,,0,,FALSE,,,,
7184,3643,21,13,1.5,12/9/2025,,0,,FALSE,,,,
7185,3623,21,12,1.25,12/9/2025,,0,,FALSE,,,,
7186,1640,21,50,0.25,12/9/2025,,0,,FALSE,,,,
7187,3642,9,10,3,12/9/2025,,0,,FALSE,,,,
7188,3632,9,10,1.5,12/9/2025,,0,,FALSE,,,,
7189,1640,9,42,2,12/9/2025,,0,,FALSE,,,,
7190,1640,9,888,2.25,12/9/2025,金型写真・5S,0,,FALSE,,,,
7191,1640,21,50,0.5,12/10/2025,,0,,FALSE,,,,
7192,3644,21,13,2,12/10/2025,,0,,FALSE,,,,
7193,3623,21,12,2,12/10/2025,,0,,FALSE,,,,
7194,3624,21,13,2.5,12/10/2025,,0,,FALSE,,,,
7195,3624,21,13,1.5,12/11/2025,,0,,FALSE,,,,
7196,1640,9,50,0.5,12/10/2025,,0,,FALSE,,,,
7197,1640,9,42,1.25,12/10/2025,,0,,FALSE,,,,
7198,3645,9,10,3,12/10/2025,,0,,FALSE,,,,
7199,3646,9,20,2,12/10/2025,,0,,FALSE,,,,
7200,1640,9,53,5,12/10/2025,,0,,FALSE,,,,
7201,1640,21,50,0.5,12/11/2025,,0,,FALSE,,,,
7202,3632,21,11,3,12/11/2025,,0,,FALSE,,,,
7203,3640,21,13,2,12/11/2025,,0,,FALSE,,,,
7204,3647,9,10,3,12/11/2025,,0,,FALSE,,,,
7205,3646,9,20,2.5,12/11/2025,アンダー加工プログラム,0,,FALSE,,,,
7206,1640,9,53,3,12/11/2025,プログラム,0,,FALSE,,,,
7207,1640,9,50,2.5,12/11/2025,機械のキリコタンクのフィルター交換,0,,FALSE,,,,
7208,1640,21,50,0.5,12/12/2025,,0,,FALSE,,,,
7209,3642,21,11,1.5,12/12/2025,,0,,FALSE,,,,
7210,3640,21,13,2.25,12/12/2025,,0,,FALSE,,,,
7211,3631,21,12,2.75,12/12/2025,,0,,FALSE,,,,
7212,3632,9,12,2.75,12/12/2025,,0,,FALSE,,,,
7213,3648,9,10,3,12/12/2025,裏表20+4H,0,,FALSE,,,,
7214,1640,9,51,1,12/12/2025,梱包、５S,0,,FALSE,,,,
7215,2276,9,53,1.25,12/12/2025,,0,,FALSE,,,,
7216,3638,21,13,2.5,12/13/2025,,0,,FALSE,,,,
7217,1640,21,50,0.5,12/13/2025,,0,,FALSE,,,,
7218,1640,9,50,3,12/13/2025,,0,,FALSE,,,,
7219,2276,9,53,5,12/13/2025,,0,,FALSE,,,,
7220,3645,21,11,2,12/15/2025,,0,,FALSE,,,,
7221,3645,21,12,1.75,12/15/2025,,0,,FALSE,,,,
7222,3648,21,11,1.5,12/15/2025,,0,,FALSE,,,,
7223,3648,21,12,1.5,12/15/2025,,0,,FALSE,,,,
7224,1640,21,50,0.25,12/15/2025,,0,,FALSE,,,,
7225,3649,9,10,2.75,12/15/2025,,0,,FALSE,,,,
7226,1640,9,888,2,12/15/2025,金型確認・写真撮影,0,,FALSE,,,,
7227,1640,9,50,3,12/15/2025,キリコだし・5S,0,,FALSE,,,,
7228,2276,9,53,2.75,12/15/2025,データ処理・プログラム,0,,FALSE,,,,
7229,3642,21,12,1.5,12/16/2025,,0,,FALSE,,,,
7230,3648,21,11,0.5,12/16/2025,,0,,FALSE,,,,
7231,3648,21,12,1,12/16/2025,,0,,FALSE,,,,
7232,3646,21,21,0.5,12/16/2025,,0,,FALSE,,,,
7233,3646,21,22,0.5,12/16/2025,,0,,FALSE,,,,
7234,3654,21,23,1,12/16/2025,,0,,FALSE,,,,
7235,3647,21,11,2,12/16/2025,,0,,FALSE,,,,
7237,1640,9,50,1.5,12/16/2025,梱包・5S,0,,FALSE,,,,
7238,3647,9,12,2.5,12/16/2025,,0,,FALSE,,,,
7239,3649,9,10,1,12/16/2025,,0,,FALSE,,,,
7240,3655,9,10,3,12/16/2025,,0,,FALSE,,,,
7241,1640,9,53,2.5,12/16/2025,,0,,FALSE,,,,
7242,1640,21,50,0.5,12/17/2025,,0,,FALSE,,,,
7243,3649,21,11,2.5,12/17/2025,,0,,FALSE,,,,
7245,3660,21,13,3,12/17/2025,,0,,FALSE,,,,
7247,3656,21,13,1,12/17/2025,,0,,FALSE,,,,
7248,1640,9,50,1,12/17/2025,,0,,FALSE,,,,
7249,1640,9,42,1.5,12/17/2025,,0,,FALSE,,,,
7250,1640,9,40,2,12/17/2025,,0,,FALSE,,,,
7251,1640,9,53,5.75,12/17/2025,データ処理・プログラム,0,,FALSE,,,,
7252,1640,21,50,0.75,12/18/2025,,0,,FALSE,,,,
7253,3656,21,13,3,12/18/2025,,0,,FALSE,,,,
7254,3649,21,12,2.5,12/18/2025,,0,,FALSE,,,,
7256,3645,21,12,0.5,12/18/2025,,0,,FALSE,,,,
7257,1640,9,888,1,12/18/2025,金型確認,0,,FALSE,,,,
7258,1640,9,50,3,12/18/2025,,0,,FALSE,,,,
7259,2276,9,53,4,12/18/2025,データ処理・プログラム,0,,FALSE,,,,
7260,1640,21,50,0.5,12/19/2025,,0,,FALSE,,,,
7261,3655,9,10,1,12/19/2025,面取り・彫刻,0,,FALSE,,,,
7262,3655,21,11,3,12/19/2025,,0,,FALSE,,,,
7263,1640,21,40,3.5,12/19/2025,木板・銅板きり,0,,FALSE,,,,
7264,3664,9,20,2,12/19/2025,,0,,FALSE,,,,
7265,2276,9,53,7.75,12/19/2025,プログラム・報告,0,,FALSE,,,,
7266,2276,9,50,2,12/19/2025,,0,,FALSE,,,,
7267,1640,21,50,1,12/22/2025,,0,,FALSE,,,,
7268,3655,21,12,3,12/22/2025,,0,,FALSE,,,,
7269,3664,21,21,1,12/22/2025,,0,,FALSE,,,,
7270,3664,21,12,1,12/22/2025,,0,,FALSE,,,,
7271,3656,21,13,1,12/22/2025,,0,,FALSE,,,,
7272,2276,9,53,3,12/22/2025,,0,,FALSE,,,,
7273,3665,9,10,3.5,12/22/2025,,0,,FALSE,,,,
7274,1640,9,50,4,12/22/2025,,0,,FALSE,,,,
7275,1640,21,50,1.5,12/23/2025,,0,,FALSE,,,,
7276,3665,9,10,1,12/23/2025,,0,,FALSE,,,,
7277,1640,9,50,5,12/23/2025,,0,,FALSE,,,,
7279,2276,9,53,2,12/23/2025,金型確認・データ処理,0,,FALSE,,,,
7280,3668,9,10,3.5,12/24/2025,,0,,FALSE,,,,
7281,3670,9,20,2,12/24/2025,,0,,FALSE,,,,
7282,1640,9,50,1,12/24/2025,,0,,FALSE,,,,
7284,2276,9,53,3,12/24/2025,プログラム,0,,FALSE,,,,
7285,1640,21,50,1,12/25/2025,,0,,FALSE,,,,
7286,3665,21,11,2,12/25/2025,,0,,FALSE,,,,
7287,3665,21,12,2,12/25/2025,,0,,FALSE,,,,
7288,3670,21,21,1,12/25/2025,,0,,FALSE,,,,
7289,3670,21,22,1,12/25/2025,,0,,FALSE,,,,
7290,1640,9,50,3,12/25/2025,,0,,FALSE,,,,
7291,1640,9,888,1,12/25/2025,金型確認・写真,0,,FALSE,,,,
7292,1640,9,54,5.5,12/25/2025,粉砕機のメンテ・部品修理・掃除,0,,FALSE,,,,
7293,1640,21,50,2,12/26/2025,,0,,FALSE,,,,
7294,3668,21,11,2.5,12/26/2025,,0,,FALSE,,,,
7296,3669,21,13,2.5,12/26/2025,,0,,FALSE,,,,
7297,3668,9,10,2,12/26/2025,追加工,0,,FALSE,,,,
7298,1640,9,50,7,12/26/2025,,0,,FALSE,,,,
7301,3668,21,12,2.5,1/5/2026,,0,,FALSE,,,,
7302,3669,21,13,2,1/6/2026,,0,,FALSE,,,,
7303,3671,21,23,1,1/5/2026,,0,,FALSE,,,,
7305,1640,21,50,0.25,1/5/2026,,0,,FALSE,,,,
7306,3674,21,40,3.25,1/5/2026,,0,,FALSE,,,,
7307,3678,9,10,3,1/5/2026,,0,,FALSE,,,,
7308,3675,9,10,3,1/5/2026,,0,,FALSE,,,,
7309,2276,9,888,3.75,1/5/2026,金型廃棄・データ処理,0,,FALSE,,,,
7310,3666,21,13,2.5,1/6/2026,,0,,FALSE,,,,
7311,1640,21,50,0.5,1/6/2026,,0,,FALSE,,,,
7312,3692,21,41,2,1/6/2026,,0,,FALSE,,,,
7313,3690,9,10,3,1/6/2026,,0,,FALSE,,,,
7314,3678,9,10,1,1/6/2026,,0,,FALSE,,,,
7315,3693,9,888,3,1/6/2026,改造③検討,0,,FALSE,,,,
7316,1640,9,888,1,1/6/2026,金型返却対応　NGS003、004、009,0,,FALSE,,,,
7317,1640,9,53,2,1/6/2026,5S・データ処理,0,,FALSE,,,,
7318,1640,21,50,0.25,1/7/2026,,0,,FALSE,,,,
7319,3675,21,11,2,1/7/2026,,0,,FALSE,,,,
7320,3690,21,11,2,1/7/2026,,0,,FALSE,,,,
7321,3676,21,13,2.75,1/7/2026,,0,,FALSE,,,,
7322,3694,9,10,3,1/7/2026,,0,,FALSE,,,,
7323,3696,9,888,2,1/7/2026,検討,0,,FALSE,,,,
7324,3675,9,10,1,1/7/2026,,0,,FALSE,,,,
7325,3690,9,10,1,1/7/2026,面取り・アンダー,0,,FALSE,,,,
7326,1640,9,42,1,1/7/2026,,0,,FALSE,,,,
7327,2276,9,888,2,1/7/2026,データ処理,0,,FALSE,,,,
7328,3697,9,10,3,1/8/2026,改造③,0,,FALSE,,,,
7329,1640,21,50,0.5,1/8/2026,,0,,FALSE,,,,
7330,3675,21,12,2.5,1/8/2026,,0,,FALSE,,,,
7331,3676,21,13,0.5,1/8/2026,,0,,FALSE,,,,
7332,3690,21,12,2.5,1/9/2026,,0,,FALSE,,,,
7333,3678,21,11,2,1/8/2026,,0,,FALSE,,,,
7334,3678,21,12,1.5,1/8/2026,,0,,FALSE,,,,
7335,3678,21,12,1,1/9/2026,,0,,FALSE,,,,
7336,3698,9,10,3,1/8/2026,,0,,FALSE,,,,
7337,1640,9,51,0.5,1/8/2026,梱包・5S,0,,FALSE,,,,
7338,3700,9,10,3,1/8/2026,,0,,FALSE,,,,
7339,1640,9,888,1.25,1/8/2026,金型写真,0,,FALSE,,,,
7340,1640,21,50,0.5,1/9/2026,,0,,FALSE,,,,
7341,3691,21,13,3,1/9/2026,,0,,FALSE,,,,
7342,3704,9,20,2,1/9/2026,,0,,FALSE,,,,
7343,3706,9,41,1.5,1/9/2026,,0,,FALSE,,,,
7344,1640,9,888,1.25,1/9/2026,梱包、５S,0,,FALSE,,,,
7345,1640,9,53,2,1/9/2026,金型確認,0,,FALSE,,,,
7346,2205,9,54,3,1/9/2026,粉砕機：手袋混入対応・内部清掃,0,,FALSE,,,,
7347,1640,21,50,0.5,1/13/2026,,0,,FALSE,,,,
7348,3676,9,41,3,1/13/2026,,0,,FALSE,,,,
7349,3609,9,42,1,1/13/2026,,0,,FALSE,,,,
7350,3694,21,11,2.5,1/13/2026,,0,,FALSE,,,,
7351,3694,21,12,2,1/13/2026,,0,,FALSE,,,,
7352,3695,21,13,2,1/13/2026,,0,,FALSE,,,,
7354,3698,9,10,1,1/13/2026,,0,,FALSE,,,,
7355,2276,9,53,2,1/13/2026,,0,,FALSE,,,,
7356,3707,9,40,3.5,1/13/2026,,0,,FALSE,,,,
7357,1640,21,50,0.5,1/14/2026,,0,,FALSE,,,,
7358,3704,21,21,0.5,1/14/2026,,0,,FALSE,,,,
7359,3704,21,22,0.5,1/14/2026,,0,,FALSE,,,,
7360,3705,21,23,0.75,1/14/2026,,0,,FALSE,,,,
7361,3700,9,10,1,1/14/2026,,0,,FALSE,,,,
7362,3700,21,11,2,1/14/2026,,0,,FALSE,,,,
7363,3700,9,12,2.5,1/14/2026,,0,,FALSE,,,,
7364,3701,21,13,2.75,1/14/2026,,0,,FALSE,,,,
7365,3701,9,13,1,1/14/2026,,0,,FALSE,,,,
7366,3708,9,10,3,1/14/2026,,0,,FALSE,,,,
7367,2276,9,53,3.25,1/14/2026,,0,,FALSE,,,,
7368,1640,21,50,0.5,1/15/2026,,0,,FALSE,,,,
7369,3708,9,10,1,1/15/2026,,0,,FALSE,,,,
7370,3708,21,11,2.5,1/15/2026,,0,,FALSE,,,,
7371,3708,21,12,2.5,1/15/2026,,0,,FALSE,,,,
7372,3709,21,13,1.5,1/15/2026,,0,,FALSE,,,,
7373,3709,21,13,2,1/16/2026,,0,,FALSE,,,,
7374,3696,9,10,2,1/15/2026,,0,,FALSE,,,,
7375,2276,9,888,5.75,1/15/2026,棚卸・データ処理,0,,FALSE,,,,
7377,1640,9,50,2,1/15/2026,5S・梱包,0,,FALSE,,,,
7378,1640,21,50,0.5,1/16/2026,,0,,FALSE,,,,
7379,3698,21,11,2.5,1/16/2026,,0,,FALSE,,,,
7380,3698,21,12,2,1/16/2026,,0,,FALSE,,,,
7381,3710,9,20,2,1/16/2026,,0,,FALSE,,,,
7382,3696,9,10,1.5,1/16/2026,,0,,FALSE,,,,
7383,2276,9,53,6.75,1/16/2026,,0,,FALSE,,,,
7384,1640,9,50,1,1/16/2026,,0,,FALSE,,,,
7385,1640,21,50,0.5,1/17/2026,,0,,FALSE,,,,
7386,3699,21,13,2.5,1/17/2026,,0,,FALSE,,,,
7387,3699,9,13,1,1/17/2026,,0,,FALSE,,,,
7388,1640,9,888,2,1/17/2026,PP板作成　LMN-006,0,,FALSE,,,,
7389,3712,9,20,2,1/17/2026,,0,,FALSE,,,,
7390,3710,9,21,0.5,1/17/2026,,0,,FALSE,,,,
7391,2276,9,53,4.5,1/17/2026,データ処理,0,,FALSE,,,,
7392,1640,9,50,0.5,1/17/2026,粉砕機掃除・5S・梱包（JAE-368R1）,0,,FALSE,,,,
7393,1640,21,50,0.5,1/19/2026,,0,,FALSE,,,,
7394,3710,21,22,0.5,1/19/2026,,0,,FALSE,,,,
7395,3696,21,11,2,1/19/2026,,0,,FALSE,,,,
7396,3714,21,13,4,1/19/2026,,0,,FALSE,,,,
7397,1640,9,50,2,1/19/2026,,0,,FALSE,,,,
7398,3715,9,10,3,1/19/2026,,0,,FALSE,,,,
7399,1640,9,40,2,1/19/2026,,0,,FALSE,,,,
7400,2276,9,53,4,1/19/2026,プログラム,0,,FALSE,,,,
7401,1640,9,50,1,1/20/2026,,0,,FALSE,,,,
7402,3696,9,11,1.75,1/20/2026,,0,,FALSE,,,,
7403,3719,9,10,3,1/20/2026,,0,,FALSE,,,,
7404,3696,9,12,3,1/20/2026,,0,,FALSE,,,,
7405,1640,21,50,0.25,1/21/2026,,0,,FALSE,,,,
7406,3712,21,21,0.5,1/21/2026,,0,,FALSE,,,,
7407,3713,21,23,0.5,1/21/2026,,0,,FALSE,,,,
7408,3715,21,11,2.75,1/21/2026,,0,,FALSE,,,,
7409,3715,9,10,1.5,1/21/2026,,0,,FALSE,,,,
7411,1640,9,888,1.5,1/21/2026,金型写真・廃棄準備,0,,FALSE,,,,
7412,2276,9,53,5.75,1/21/2026,プログラム,0,,FALSE,,,,
7413,3721,9,40,2.5,1/21/2026,,0,,FALSE,,,,
7414,1640,21,50,0.5,1/22/2026,,0,,FALSE,,,,
7415,3715,21,11,1,1/22/2026,,0,,FALSE,,,,
7416,3715,21,12,3,1/22/2026,,0,,FALSE,,,,
7417,3720,21,13,2.5,1/22/2026,,0,,FALSE,,,,
7418,3722,9,42,1,1/22/2026,,0,,FALSE,,,,
7419,3712,9,12,0.5,1/22/2026,,0,,FALSE,,,,
7420,1640,9,888,0.5,1/22/2026,金型写真,0,,FALSE,,,,
7421,1640,9,53,4,1/22/2026,データ処理,0,,FALSE,,,,
7422,2276,9,888,5,1/22/2026,プログラム,0,,FALSE,,,,
7423,3719,9,10,1.5,1/23/2026,,0,,FALSE,,,,
7424,1640,21,50,0.5,1/23/2026,,0,,FALSE,,,,
7425,3719,21,11,3.5,1/23/2026,,0,,FALSE,,,,
7426,3720,21,13,1.5,1/23/2026,,0,,FALSE,,,,
7427,3711,21,23,1.5,1/23/2026,,0,,FALSE,,,,
7428,3723,9,20,2,1/23/2026,,0,,FALSE,,,,
7429,1640,9,888,1,1/23/2026,金型写真,0,,FALSE,,,,
7430,2276,9,53,6,1/23/2026,プログラム・データ処理,0,,FALSE,,,,
7432,3723,9,21,0.5,1/24/2026,,0,,FALSE,,,,
7433,3723,9,22,0.75,1/24/2026,,0,,FALSE,,,,
7434,3724,9,23,1,1/24/2026,,0,,FALSE,,,,
7435,3719,9,12,0.75,1/24/2026,,0,,FALSE,,,,
7437,1640,21,50,1,1/26/2026,梱包・5S,0,,FALSE,,,,
7438,3719,21,12,2,1/26/2026,,0,,FALSE,,,,
7439,3653,21,13,1.5,1/26/2026,,0,,FALSE,,,,
7440,3716,21,13,3,1/26/2026,,0,,FALSE,,,,
7441,1640,9,50,1,1/26/2026,,0,,FALSE,,,,
7442,3725,9,10,4,1/26/2026,,0,,FALSE,,,,
7443,3727,9,10,4,1/26/2026,,0,,FALSE,,,,
7444,1640,9,53,1,1/26/2026,金型写真,0,,FALSE,,,,
7445,1640,21,50,0.75,1/27/2026,,0,,FALSE,,,,
7446,3729,9,20,2,1/27/2026,,0,,FALSE,,,,
7447,3729,21,21,0.5,1/27/2026,,0,,FALSE,,,,
7448,3729,21,22,0.75,1/27/2026,,0,,FALSE,,,,
7449,3730,21,23,2,1/27/2026,,0,,FALSE,,,,
7450,3731,21,13,3,1/27/2026,,0,,FALSE,,,,
7451,3727,9,10,1.5,1/27/2026,,0,,FALSE,,,,
7452,3716,9,13,1,1/27/2026,,0,,FALSE,,,,
7453,1640,9,51,1,1/27/2026,,0,,FALSE,,,,
7454,3679,9,13,2.5,1/27/2026,,0,,FALSE,,,,
7455,1640,9,888,3,1/27/2026,データ処理,0,,FALSE,,,,
7456,1640,21,50,1,1/28/2026,,0,,FALSE,,,,
7457,3658,21,13,2,1/28/2026,,0,,FALSE,,,,
7458,3732,21,13,2,1/28/2026,,0,,FALSE,,,,
7459,1640,21,40,2,1/28/2026,,0,,FALSE,,,,
7460,3725,9,10,2,1/28/2026,,0,,FALSE,,,,
7461,3733,9,20,3,1/28/2026,,0,,FALSE,,,,
7462,1640,9,888,2,1/28/2026,梱包、５S,0,,FALSE,,,,
7463,1640,9,53,4.5,1/28/2026,プログラム・データ処理,0,,FALSE,,,,
7464,1640,21,50,1,1/29/2026,,0,,FALSE,,,,
7465,3733,21,21,2,1/29/2026,,0,,FALSE,,,,
7466,3733,21,22,2.5,1/29/2026,,0,,FALSE,,,,
7467,3731,21,13,1.5,1/29/2026,,0,,FALSE,,,,
7469,3735,9,11,2,1/29/2026,,0,,FALSE,,,,
7470,3736,9,10,4,1/29/2026,,0,,FALSE,,,,
7471,1640,9,50,1.25,1/29/2026,,0,,FALSE,,,,
7472,2276,9,888,4.5,1/29/2026,プログラム・データ処理,0,,FALSE,,,,
7473,1640,21,50,0.75,1/30/2026,,0,,FALSE,,,,
7474,3662,21,13,2.25,1/30/2026,,0,,FALSE,,,,
7475,3726,21,13,4,1/30/2026,,0,,FALSE,,,,
7476,3738,9,40,3,1/30/2026,,0,,FALSE,,,,
7477,3736,9,10,1.5,1/30/2026,,0,,FALSE,,,,
7478,1640,9,50,1,1/30/2026,梱包・5S,0,,FALSE,,,,
7479,2276,9,888,5.5,1/30/2026,プログラム・データ処理,0,,FALSE,,,,
7480,1640,21,50,0.25,2/2/2026,,0,,FALSE,,,,
7481,3725,21,11,2.5,2/2/2026,,0,,FALSE,,,,
7482,3728,21,13,2,2/2/2026,,0,,FALSE,,,,
7483,1640,21,888,2.25,2/2/2026,健康診断,0,,FALSE,,,,
7484,3727,9,10,1,2/2/2026,,0,,FALSE,,,,
7485,3727,9,11,3.5,2/2/2026,,0,,FALSE,,,,
7486,1640,9,51,3,2/2/2026,梱包、５S,0,,FALSE,,,,
7487,3725,9,11,2,2/2/2026,,0,,FALSE,,,,
7488,3725,9,10,0.75,2/2/2026,,0,,FALSE,,,,
7489,3734,21,23,2,2/3/2026,,0,,FALSE,,,,
7490,3725,21,11,2,2/3/2026,,0,,FALSE,,,,
7491,3728,21,13,2.75,2/3/2026,,0,,FALSE,,,,
7492,1640,21,50,0.25,2/3/2026,,0,,FALSE,,,,
7493,3739,9,10,3,2/3/2026,,0,,FALSE,,,,
7494,3727,9,12,3,2/3/2026,,0,,FALSE,,,,
7495,3725,9,12,2.75,2/3/2026,,0,,FALSE,,,,
7496,3726,9,13,0.75,2/3/2026,,0,,FALSE,,,,
7497,3741,9,20,2,2/3/2026,,0,,FALSE,,,,
7498,1640,9,50,0.5,2/3/2026,,0,,FALSE,,,,
7499,3746,9,10,3.5,2/4/2026,,0,,FALSE,,,,
7500,3748,9,10,4,2/4/2026,,0,,FALSE,,,,
7501,3741,21,21,0.5,2/4/2026,,0,,FALSE,,,,
7502,3741,21,22,0.5,2/4/2026,,0,,FALSE,,,,
7503,3736,21,11,3,2/4/2026,,0,,FALSE,,,,
7504,3727,21,11,0.5,2/4/2026,,0,,FALSE,,,,
7505,1640,21,50,0.5,2/4/2026,,0,,FALSE,,,,
7506,1640,9,50,1,2/4/2026,,0,,FALSE,,,,
7507,1640,9,888,1.75,2/4/2026,金型の写真,0,,FALSE,,,,
7508,3738,9,40,1,2/4/2026,,0,,FALSE,,,,
7509,3739,21,11,2.5,2/5/2026,,0,,FALSE,,,,
7510,3736,21,11,3,2/5/2026,,0,,FALSE,,,,
7511,3742,21,23,0.5,2/5/2026,,0,,FALSE,,,,
7512,1640,9,50,1,2/5/2026,,0,,FALSE,,,,
7513,3739,9,12,2.5,2/5/2026,,0,,FALSE,,,,
7514,3740,9,13,3.5,2/5/2026,,0,,FALSE,,,,
7515,3750,9,10,2,2/5/2026,,0,,FALSE,,,,
7516,1640,9,53,2,2/5/2026,プログラム,0,,FALSE,,,,
7517,1640,21,50,0.5,2/6/2026,,0,,FALSE,,,,
7518,3747,21,13,3.5,2/6/2026,,0,,FALSE,,,,
7519,3737,21,13,3,2/6/2026,,0,,FALSE,,,,
7520,3746,9,10,1,2/6/2026,,0,,FALSE,,,,
7521,3748,9,10,1,2/6/2026,,0,,FALSE,,,,
7522,1640,9,888,2.5,2/6/2026,PP板作成,0,,FALSE,,,,
7523,1640,9,54,2.5,2/6/2026,MILLAC機械メンテ・バッテリー交換,0,,FALSE,,,,
7524,3746,9,11,2,2/6/2026,,0,,FALSE,,,,
7525,2276,9,888,2.25,2/6/2026,プログラム,0,,FALSE,,,,
7526,3750,9,10,3,2/7/2026,,0,,FALSE,,,,
7527,3746,9,11,1,2/7/2026,,0,,FALSE,,,,
7528,3746,9,12,3,2/7/2026,,0,,FALSE,,,,
7529,3747,9,13,1.5,2/7/2026,,0,,FALSE,,,,
7530,1640,21,50,0.5,2/9/2026,,0,,FALSE,,,,
7531,3748,21,11,3.5,2/9/2026,,0,,FALSE,,,,
7532,3749,21,13,3,2/9/2026,,0,,FALSE,,,,
7533,3749,9,13,1.5,2/9/2026,,0,,FALSE,,,,
7534,3748,9,12,2.5,2/9/2026,,0,,FALSE,,,,
7535,3736,9,12,2.5,2/9/2026,,0,,FALSE,,,,
7536,3755,9,10,3,2/9/2026,,0,,FALSE,,,,
7537,1640,9,888,2.5,2/9/2026,プログラム・5S,0,,FALSE,,,,
7538,3750,21,11,3.5,2/10/2026,,0,,FALSE,,,,
7539,3751,21,13,3.25,2/10/2026,,0,,FALSE,,,,
7540,1640,21,50,0.25,2/10/2026,,0,,FALSE,,,,
7542,3757,9,20,2.5,2/10/2026,,0,,FALSE,,,,
7543,3759,9,10,4,2/10/2026,,0,,FALSE,,,,
7544,3750,9,12,3,2/10/2026,,0,,FALSE,,,,
7545,1640,9,50,0.5,2/10/2026,,0,,FALSE,,,,
7546,1640,9,53,2,2/10/2026,機械5080のバッテリー交換,0,,FALSE,,,,
7547,1640,21,50,0.5,2/12/2026,,0,,FALSE,,,,
7548,3755,9,10,0.5,2/12/2026,彫刻・面取り,0,,FALSE,,,,
7549,3755,21,11,2.75,2/12/2026,,0,,FALSE,,,,
7550,3756,21,13,2.5,2/12/2026,,0,,FALSE,,,,
7551,3751,21,13,0.5,2/12/2026,,0,,FALSE,,,,
7553,3757,21,21,0.75,2/12/2026,,0,,FALSE,,,,
7554,3761,9,20,2,2/12/2026,,0,,FALSE,,,,
7555,3755,9,12,2.5,2/12/2026,,0,,FALSE,,,,
7556,1640,9,50,1,2/12/2026,,0,,FALSE,,,,
7557,1640,9,51,0.5,2/12/2026,MTM-188金型・プラグ・抜型,0,,FALSE,,,,
7558,1640,9,888,5.25,2/12/2026,プログラム・「成形・検査 手順書」の追記,0,,FALSE,,,,
7559,1640,21,50,1,2/13/2026,,0,,FALSE,,,,
7560,3757,21,22,1,2/13/2026,,0,,FALSE,,,,
7561,3757,21,21,1,2/13/2026,,0,,FALSE,,,,
7562,3761,21,21,1,2/13/2026,,0,,FALSE,,,,
7563,3761,21,22,2,2/13/2026,,0,,FALSE,,,,
7564,1640,21,40,1,2/13/2026,銅板作成,0,,FALSE,,,,
7565,3759,9,10,6,2/13/2026,アンダースタックプログラム,0,,FALSE,,,,
7566,1640,9,50,1,2/13/2026,,0,,FALSE,,,,
7567,1640,9,41,1.5,2/13/2026,,0,,FALSE,,,,
7568,2276,9,888,3,2/13/2026,プログラム,0,,FALSE,,,,
7569,3763,9,20,3,2/14/2026,,0,,FALSE,,,,
7570,3759,9,11,2,2/14/2026,,0,,FALSE,,,,
7571,3759,9,12,2.75,2/14/2026,,0,,FALSE,,,,
7572,3760,9,13,2,2/14/2026,,0,,FALSE,,,,
7573,1640,9,50,0.5,2/14/2026,梱包・5S,0,,FALSE,,,,
7574,1640,21,50,0.5,2/16/2026,,0,,FALSE,,,,
7575,1640,21,40,3,2/16/2026,,0,,FALSE,,,,
7578,3761,21,21,1,2/16/2026,,0,,FALSE,,,,
7579,3760,21,13,1.5,2/16/2026,,0,,FALSE,,,,
7583,3757,21,22,0.5,2/16/2026,,0,,FALSE,,,,
7584,3761,21,22,0.5,2/16/2026,,0,,FALSE,,,,
7585,1640,21,50,0.5,2/17/2026,,0,,FALSE,,,,
7586,1640,9,50,0.5,2/18/2026,,0,,FALSE,,,,
7587,1640,9,54,4,2/18/2026,コンプレッサーのメンテナンス,0,,FALSE,,,,
7588,1640,9,888,2,2/18/2026,健康診断,0,,FALSE,,,,
7589,3765,9,10,5,2/18/2026,金型改造,0,,FALSE,,,,
7590,3766,21,13,3,2/19/2026,,0,,FALSE,,,,
7591,1640,21,50,0.5,2/19/2026,,0,,FALSE,,,,
7592,3763,21,21,0.75,2/19/2026,,0,,FALSE,,,,
7593,3763,21,22,1.5,2/19/2026,,0,,FALSE,,,,
7594,3767,9,20,2,2/19/2026,,0,,FALSE,,,,
7595,3767,21,21,0.5,2/19/2026,,0,,FALSE,,,,
7596,3767,21,22,0.75,2/19/2026,,0,,FALSE,,,,
7597,3769,9,10,4,2/19/2026,金型改造,0,,FALSE,,,,
7598,3770,9,10,3,2/19/2026,金型改造,0,,FALSE,,,,
7599,3765,9,12,1,2/19/2026,,0,,FALSE,,,,
7600,1640,9,888,1.5,2/19/2026,5S・金型写真,0,,FALSE,,,,
7601,1640,21,50,1,2/20/2026,,0,,FALSE,,,,
7602,3770,21,12,2.5,2/20/2026,,0,,FALSE,,,,
7603,3769,21,12,1.5,2/20/2026,,0,,FALSE,,,,
7604,3771,9,10,3,2/20/2026,,0,,FALSE,,,,
7605,3773,9,10,4,2/20/2026,,0,,FALSE,,,,
7606,1640,9,888,2,2/20/2026,金型写真,0,,FALSE,,,,
7607,1640,9,53,2,2/20/2026,プログラム,0,,FALSE,,,,
7608,1640,21,50,0.25,2/24/2026,,0,,FALSE,,,,
7609,3771,21,11,2,2/24/2026,,0,,FALSE,,,,
7610,3771,21,12,1,2/24/2026,,0,,FALSE,,,,
7611,3773,21,11,2.75,2/24/2026,,0,,FALSE,,,,
7612,3775,9,10,4,2/24/2026,,0,,FALSE,,,,
7613,1640,9,50,1.5,2/24/2026,,0,,FALSE,,,,
7614,3777,9,40,2.75,2/24/2026,,0,,FALSE,,,,
7615,1640,9,888,4,2/24/2026,7-912129-3 成形・検査 手順書の作成,0,,FALSE,,,,
7616,1640,21,50,0.5,2/25/2026,,0,,FALSE,,,,
7617,3771,21,12,1,2/25/2026,,0,,FALSE,,,,
7618,3773,21,11,0.5,2/25/2026,,0,,FALSE,,,,
7619,3774,21,13,4,2/25/2026,,0,,FALSE,,,,
7620,3778,9,10,3.5,2/25/2026,,0,,FALSE,,,,
7621,3780,9,10,3,2/25/2026,,0,,FALSE,,,,
7622,1640,9,51,1,2/25/2026,,0,,FALSE,,,,
7623,1640,9,50,2,2/25/2026,,0,,FALSE,,,,
7624,2276,9,888,2.25,2/25/2026,プログラム,0,,FALSE,,,,
7625,1640,21,50,0.5,2/26/2026,,0,,FALSE,,,,
7626,3773,21,12,3,2/26/2026,,0,,FALSE,,,,
7627,3772,21,13,1,2/26/2026,,0,,FALSE,,,,
7628,1640,21,888,2.5,2/26/2026,ハオさんの通院対応,0,,FALSE,,,,
7629,3772,9,13,1,2/26/2026,,0,,FALSE,,,,
7630,1640,9,51,0.5,2/26/2026,,0,,FALSE,,,,
7631,1640,9,50,1,2/26/2026,,0,,FALSE,,,,
7632,3786,9,10,2.5,2/26/2026,プログラム,0,,FALSE,,,,
7633,2276,9,53,6.5,2/26/2026,金型確認・プログラム,0,,FALSE,,,,
7634,1640,21,50,0.25,2/27/2026,,0,,FALSE,,,,
7635,3775,21,21,1.5,2/27/2026,,0,,FALSE,,,,
7636,3776,21,13,1.5,2/27/2026,,0,,FALSE,,,,
7638,3781,21,13,2.75,2/27/2026,,0,,FALSE,,,,
7639,3786,9,10,2,2/27/2026,,0,,FALSE,,,,
7640,1640,9,10,1,2/27/2026,,0,,FALSE,,,,
7641,1640,9,53,4,2/27/2026,データ処理,0,,FALSE,,,,
7642,1640,9,888,4.25,2/27/2026,コンプレッサートラブル対応,0,,FALSE,,,,
7643,1640,21,50,0.5,2/28/2026,,0,,FALSE,,,,
7644,3775,21,11,1,2/28/2026,,0,,FALSE,,,,
7645,3775,21,12,2,2/28/2026,,0,,FALSE,,,,
7646,3776,21,13,1,2/28/2026,,0,,FALSE,,,,
7647,3780,21,11,1.5,2/28/2026,,0,,FALSE,,,,
7649,3793,9,10,3,2/28/2026,,0,,FALSE,,,,
7650,3794,9,10,3,2/28/2026,,0,,FALSE,,,,
7651,3778,9,10,2,2/28/2026,アンダースタック・彫刻・面取り,0,,FALSE,,,,
7652,3795,9,20,3,2/28/2026,,0,,FALSE,,,,
7653,3778,9,11,3.5,3/1/2026,,0,,FALSE,,,,
7654,3778,9,12,2.25,3/1/2026,,0,,FALSE,,,,
7655,1640,21,50,0.5,3/2/2026,,0,,FALSE,,,,
7656,3779,21,13,4,3/2/2026,,0,,FALSE,,,,
7657,3795,21,11,1,3/2/2026,,0,,FALSE,,,,
7658,3795,21,12,0.5,3/2/2026,,0,,FALSE,,,,
7659,1640,9,888,4,3/2/2026,コンプレッサートラブル対応,0,,FALSE,,,,
7660,3790,9,10,3,3/2/2026,,0,,FALSE,,,,
7661,3786,9,11,3.5,3/2/2026,,0,,FALSE,,,,
7662,3786,9,12,1,3/2/2026,,0,,FALSE,,,,
7663,1640,9,50,0.5,3/2/2026,,0,,FALSE,,,,
7664,1640,21,50,0.5,3/3/2026,,0,,FALSE,,,,
7665,3790,21,11,2.5,3/3/2026,,0,,FALSE,,,,
7666,3790,21,12,2,3/3/2026,,0,,FALSE,,,,
7667,3795,21,12,1,3/3/2026,,0,,FALSE,,,,
7668,3786,9,12,2,3/3/2026,,0,,FALSE,,,,
7669,3797,9,20,2.5,3/3/2026,,0,,FALSE,,,,
7670,1640,9,888,3,3/3/2026,設備貸出書作成,0,,FALSE,,,,
7671,3778,9,11,0.5,3/3/2026,φ0.8,0,,FALSE,,,,
7672,3786,9,11,0.5,3/3/2026,Φ0.8,0,,FALSE,,,,
7673,1640,9,53,1.5,3/3/2026,プログラム,0,,FALSE,,,,
7674,1640,21,50,0.5,3/4/2026,,0,,FALSE,,,,
7675,3796,21,23,3,3/4/2026,,0,,FALSE,,,,
7676,3780,21,12,2,3/4/2026,,0,,FALSE,,,,
7677,3799,9,10,6,3/4/2026,,0,,FALSE,,,,
7678,3800,9,10,3,3/4/2026,,0,,FALSE,,,,
7679,1640,21,13,0.5,3/4/2026,,0,,FALSE,,,,
7680,1640,9,53,2,3/4/2026,金型写真・5S,0,,FALSE,,,,
7681,1640,21,50,0.5,3/5/2026,,0,,FALSE,,,,
7682,3797,21,21,1.5,3/5/2026,,0,,FALSE,,,,
7683,3800,21,11,2,3/5/2026,,0,,FALSE,,,,
7684,3798,21,23,2,3/5/2026,,0,,FALSE,,,,
7685,3799,9,10,2,3/5/2026,,0,,FALSE,,,,
7686,3803,9,20,2,3/5/2026,,0,,FALSE,,,,
7687,1640,9,888,2,3/5/2026,金型写真,0,,FALSE,,,,
7688,3805,9,10,3,3/5/2026,,0,,FALSE,,,,
7689,1640,9,53,2.5,3/5/2026,プログラム,0,,FALSE,,,,
7690,3800,9,12,1.5,3/6/2026,,0,,FALSE,,,,
7691,3801,9,13,2.5,3/6/2026,,0,,FALSE,,,,
7692,3765,9,12,1.75,3/6/2026,バリ取り・ミガキ,0,,FALSE,,,,
7693,3769,9,12,1.25,3/6/2026,バリ取り・ミガキ,0,,FALSE,,,,
7694,3770,9,12,1,3/6/2026,バリ取り・ミガキ,0,,FALSE,,,,
7696,3808,9,12,0.5,3/6/2026,,0,,FALSE,,,,
7697,3809,9,42,2,3/6/2026,プラグ直し,0,,FALSE,,,,
7698,1640,9,50,0.5,3/6/2026,,0,,FALSE,,,,
7699,1640,21,50,0.5,3/9/2026,,0,,FALSE,,,,
7700,3797,21,22,1,3/9/2026,,0,,FALSE,,,,
7701,3803,21,21,1.5,3/9/2026,,0,,FALSE,,,,
7702,3803,21,22,1.5,3/9/2026,,0,,FALSE,,,,
7703,3805,9,10,1.5,3/9/2026,,0,,FALSE,,,,
7704,3805,21,11,1.5,3/9/2026,,0,,FALSE,,,,
7705,3802,9,14,4,3/9/2026,,0,,FALSE,,,,
7706,3810,9,20,2.5,3/9/2026,,0,,FALSE,,,,
7707,3812,9,20,2.5,3/9/2026,,0,,FALSE,,,,
7708,1640,9,888,1,3/9/2026,梱包・5S,0,,FALSE,,,,
7709,1640,21,50,0.5,3/10/2026,,0,,FALSE,,,,
7710,3812,21,21,0.5,3/10/2026,,0,,FALSE,,,,
7711,3812,21,22,0.5,3/10/2026,,0,,FALSE,,,,
7712,3810,21,21,0.5,3/10/2026,,0,,FALSE,,,,
7713,3810,21,22,0.5,3/10/2026,,0,,FALSE,,,,
7714,3805,21,11,2,3/10/2026,,0,,FALSE,,,,
7715,3805,21,12,1.5,3/10/2026,,0,,FALSE,,,,
7716,3814,9,20,2,3/10/2026,,0,,FALSE,,,,
7717,3818,9,20,2,3/10/2026,,0,,FALSE,,,,
7718,3820,9,20,2,3/10/2026,,0,,FALSE,,,,
7719,3802,9,14,4,3/10/2026,,0,,FALSE,,,,
7720,1640,9,888,1.5,3/10/2026,,0,,FALSE,,,,
7723,1640,21,50,0.5,3/11/2026,,0,,FALSE,,,,
7724,3814,21,21,0.5,3/11/2026,,0,,FALSE,,,,
7725,3814,21,22,0.5,3/11/2026,,0,,FALSE,,,,
7728,3818,21,21,0.5,3/11/2026,,0,,FALSE,,,,
7729,3818,21,22,0.5,3/11/2026,,0,,FALSE,,,,
7730,3819,21,23,1,3/11/2026,,0,,FALSE,,,,
7731,3811,21,23,1,3/11/2026,,0,,FALSE,,,,
7733,3805,21,12,1.5,3/11/2026,,0,,FALSE,,,,
7734,3822,9,20,1.75,3/11/2026,,0,,FALSE,,,,
7735,3824,9,20,2,3/11/2026,,0,,FALSE,,,,
7736,3826,9,10,3,3/11/2026,R8　改造　（テーパー4ｘ10）,0,,FALSE,,,,
7737,1640,9,888,3,3/11/2026,面会,0,,FALSE,,,,
7738,3826,9,12,0.5,3/11/2026,バリ取り・ミガキ,0,,FALSE,,,,
7739,1640,9,50,1,3/11/2026,,0,,FALSE,,,,
7740,3827,9,10,3,3/12/2026,,0,,FALSE,,,,
7741,3829,9,20,2,3/12/2026,,0,,FALSE,,,,
7742,3831,9,20,2,3/12/2026,,0,,FALSE,,,,
7743,1640,9,888,1.5,3/12/2026,金型写真・5S,0,,FALSE,,,,
7744,1640,9,888,1.5,3/12/2026,マグネット付きのれんの直し,0,,FALSE,,,,
7745,1640,21,50,0.5,3/13/2026,,0,,FALSE,,,,
7746,3816,21,21,0.5,3/13/2026,,0,,FALSE,,,,
7747,3816,21,22,0.5,3/13/2026,,0,,FALSE,,,,
7748,3822,21,21,0.5,3/13/2026,,0,,FALSE,,,,
7749,3822,21,22,0.75,3/13/2026,,0,,FALSE,,,,
7750,3829,21,21,0.5,3/13/2026,,0,,FALSE,,,,
7751,3829,21,22,0.5,3/13/2026,,0,,FALSE,,,,
7752,3831,21,21,0.5,3/13/2026,,0,,FALSE,,,,
7753,3831,21,22,0.75,3/13/2026,,0,,FALSE,,,,
7754,3824,21,21,0.5,3/13/2026,,0,,FALSE,,,,
7755,3824,21,22,0.5,3/13/2026,,0,,FALSE,,,,
7756,3833,9,10,3.25,3/13/2026,,0,,FALSE,,,,
7757,3835,9,10,3,3/13/2026,,0,,FALSE,,,,
7758,1640,9,51,1,3/13/2026,梱包、５S,0,,FALSE,,,,
7759,1640,9,888,0.5,3/13/2026,金型写真,0,,FALSE,,,,
7760,1640,9,53,3.5,3/13/2026,プログラム,0,,FALSE,,,,
7761,1640,21,50,0.5,3/14/2026,,0,,FALSE,,,,
7762,3827,21,11,2,3/14/2026,,0,,FALSE,,,,
7763,3827,21,13,3.5,3/14/2026,,0,,FALSE,,,,
7764,1640,9,50,1,3/14/2026,,0,,FALSE,,,,
7765,3827,9,10,0.5,3/14/2026,,0,,FALSE,,,,
7766,3835,9,10,0.5,3/14/2026,,0,,FALSE,,,,
7767,3837,9,10,3.5,3/14/2026,,0,,FALSE,,,,
7768,1640,9,53,4.5,3/14/2026,プログラム,0,,FALSE,,,,
7770,3806,9,13,0.75,3/15/2026,,0,,FALSE,,,,
7771,1640,21,50,0.5,3/16/2026,,0,,FALSE,,,,
7772,3827,21,11,1,3/16/2026,,0,,FALSE,,,,
7773,3827,21,12,2,3/16/2026,,0,,FALSE,,,,
7774,3830,21,23,0.75,3/16/2026,,0,,FALSE,,,,
7775,3832,21,23,0.75,3/16/2026,,0,,FALSE,,,,
7776,3806,21,13,1,3/16/2026,,0,,FALSE,,,,
7778,3839,9,10,3,3/16/2026,,0,,FALSE,,,,
7779,3841,9,10,3,3/16/2026,,0,,FALSE,,,,
7780,1640,9,40,1.5,3/16/2026,,0,,FALSE,,,,
7781,3843,9,11,1.5,3/16/2026,穴あけφ0.8,0,,FALSE,,,,
7782,1640,9,53,2,3/16/2026,,0,,FALSE,,,,
7783,3806,21,13,0.5,3/17/2026,,0,,FALSE,,,,
7784,3823,9,23,1.5,3/17/2026,,0,,FALSE,,,,
7785,3849,9,10,3,3/17/2026,,0,,FALSE,,,,
7786,3839,9,10,0.5,3/17/2026,,0,,FALSE,,,,
7787,1640,9,40,3,3/17/2026,,0,,FALSE,,,,
7788,1640,9,53,3,3/17/2026,プログラム,0,,FALSE,,,,
7789,1640,21,50,0.5,3/18/2026,,0,,FALSE,,,,
7790,3833,21,11,3,3/18/2026,,0,,FALSE,,,,
7791,3833,21,12,2,3/18/2026,,0,,FALSE,,,,
7792,3772,21,13,1.5,3/18/2026,再作成,0,,FALSE,,,,
7793,3849,9,10,0.5,3/18/2026,,0,,FALSE,,,,
7794,1640,9,888,3,3/18/2026,金型廃棄準備,0,,FALSE,,,,
7795,1640,9,888,1.5,3/18/2026,新入社員入社準備として、新部屋用備品を準備,0,,FALSE,,,,
7796,3817,9,23,0.75,3/18/2026,,0,,FALSE,,,,
7797,2276,9,888,5.25,3/18/2026,プログラム・データ処理,0,,FALSE,,,,
7798,3835,21,11,1.75,3/19/2026,,0,,FALSE,,,,
7799,3835,21,12,1.5,3/19/2026,,0,,FALSE,,,,
7800,3837,21,11,1.75,3/19/2026,,0,,FALSE,,,,
7802,3836,21,13,1.5,3/19/2026,,0,,FALSE,,,,
7803,1640,21,50,0.5,3/19/2026,,0,,FALSE,,,,
7804,1640,9,50,1,3/19/2026,,0,,FALSE,,,,
7805,3859,9,14,4,3/19/2026,,0,,FALSE,,,,
7806,1640,9,888,2,3/19/2026,新入社員入社対応,0,,FALSE,,,,
7807,2276,9,53,5,3/19/2026,プログラム・データ処理,0,,FALSE,,,,
7808,1640,21,50,0.25,3/23/2026,,0,,FALSE,,,,
7809,3841,21,11,2,3/23/2026,,0,,FALSE,,,,
7811,3849,21,11,1.75,3/23/2026,,0,,FALSE,,,,
7812,3849,21,12,2,3/23/2026,,0,,FALSE,,,,
7813,1640,9,50,2,3/23/2026,エア漏れ対応,0,,FALSE,,,,
7815,1640,9,888,2,3/23/2026,金型廃棄対応,0,,FALSE,,,,
7817,3841,9,10,2,3/23/2026,バック穴追加工・面取り,0,,FALSE,,,,
7818,3859,9,14,2,3/23/2026,,0,,FALSE,,,,
7819,1640,9,888,0.75,3/23/2026,粉砕機詰まりの対応,0,,FALSE,,,,
7820,3841,9,12,1.5,3/23/2026,,0,,FALSE,,,,
7821,2276,9,53,1.75,3/23/2026,,0,,FALSE,,,,
7822,1640,21,50,0.5,3/24/2026,,0,,FALSE,,,,
7823,3837,21,12,1.75,3/24/2026,,0,,FALSE,,,,
7824,3838,21,13,2,3/24/2026,,0,,FALSE,,,,
7826,3840,21,13,1.75,3/24/2026,,0,,FALSE,,,,
7827,1640,9,50,2,3/24/2026,キリコだし,0,,FALSE,,,,
7828,3839,9,11,2,3/24/2026,,0,,FALSE,,,,
7829,3839,9,12,1.75,3/24/2026,,0,,FALSE,,,,
7830,1640,9,888,1,3/24/2026,金型・抜型確認,0,,FALSE,,,,
7831,3860,9,20,1.75,3/24/2026,,0,,FALSE,,,,
7832,3861,9,10,3.5,3/24/2026,,0,,FALSE,,,,
7833,1640,9,51,1.5,3/25/2026,梱包・5S,0,,FALSE,,,,
7834,3863,9,10,3.5,3/25/2026,,0,,FALSE,,,,
7835,3865,9,10,3.5,3/25/2026,,0,,FALSE,,,,
7836,2276,9,53,4,3/25/2026,データ処理,0,,FALSE,,,,
7837,1640,21,50,0.5,3/26/2026,,0,,FALSE,,,,
7838,3860,21,21,1.5,3/26/2026,,0,,FALSE,,,,
7839,3860,21,22,1.5,3/26/2026,,0,,FALSE,,,,
7840,1640,21,40,1.5,3/26/2026,CHG-004,0,,FALSE,,,,
7843,3840,21,13,1,3/26/2026,,0,,FALSE,,,,
7844,3865,9,10,1,3/27/2026,,0,,FALSE,,,,
7845,1640,9,42,0.5,3/27/2026,,0,,FALSE,,,,
7846,1640,9,50,1.5,3/27/2026,,0,,FALSE,,,,
7847,2276,9,888,4,3/27/2026,金型写真・データ処理,0,,FALSE,,,,
7848,1640,21,50,0.5,3/27/2026,,0,,FALSE,,,,
7849,3867,21,40,3.5,3/27/2026,,0,,FALSE,,,,
7850,3850,21,13,2,3/27/2026,,0,,FALSE,,,,
7851,1640,9,54,2.5,3/28/2026,チップコンベアー停止の対応,0,,FALSE,,,,
7853,3863,9,10,0.5,3/28/2026,,0,,FALSE,,,,
7854,3865,9,10,1.5,3/28/2026,,0,,FALSE,,,,
7855,3868,9,10,3,3/28/2026,,0,,FALSE,,,,
7856,1640,9,888,3,3/28/2026,エア漏れ対応,0,,FALSE,,,,
7857,1640,21,50,0.5,3/30/2026,,0,,FALSE,,,,
7858,3865,21,11,3.5,3/30/2026,,0,,FALSE,,,,
7859,3863,21,11,2.5,3/30/2026,,0,,FALSE,,,,
7860,1640,9,50,1,3/30/2026,,0,,FALSE,,,,
7861,3870,9,20,2.5,3/30/2026,,0,,FALSE,,,,
7862,3872,9,10,3.5,3/30/2026,,0,,FALSE,,,,
7864,2276,9,53,5,3/30/2026,プログラム・データ処理,0,,FALSE,,,,
7865,1640,21,50,0.5,3/31/2026,,0,,FALSE,,,,
7866,3861,21,11,4,3/31/2026,,0,,FALSE,,,,
7868,1640,21,888,1.5,3/31/2026,ハオさんの通院対応,0,,FALSE,,,,
7869,3874,9,14,3.5,3/31/2026,,0,,FALSE,,,,
7870,3875,9,14,3,3/31/2026,,0,,FALSE,,,,
7871,3872,9,10,1,3/31/2026,,0,,FALSE,,,,
7872,1640,9,888,2,3/31/2026,スタッキング・治具,0,,FALSE,,,,
7874,2276,9,888,2,3/31/2026,プログラム・データ処理,0,,FALSE,,,,
7875,1640,21,50,0.25,4/1/2026,,0,,FALSE,,,,
7876,3872,21,11,1.5,4/1/2026,,0,,FALSE,,,,
7877,3873,21,13,1.5,4/1/2026,,0,,FALSE,,,,
7878,3865,21,12,2.5,4/1/2026,,0,,FALSE,,,,
7879,1640,9,50,1.5,4/1/2026,,0,,FALSE,,,,
7880,3876,9,14,3.5,4/1/2026,,0,,FALSE,,,,
7881,3872,9,11,0.5,4/1/2026,,0,,FALSE,,,,
7882,3872,9,12,2,4/1/2026,,0,,FALSE,,,,
7883,3873,9,13,0.5,4/1/2026,,0,,FALSE,,,,
7884,2276,9,888,1.5,4/1/2026,金型確認,0,,FALSE,,,,
7885,2276,9,888,1.5,4/1/2026,出荷対応,0,,FALSE,,,,
7886,1640,9,42,0.5,4/1/2026,,0,,FALSE,,,,
7887,1640,21,50,0.25,4/2/2026,,0,,FALSE,,,,
7888,3863,21,12,1.75,4/2/2026,,0,,FALSE,,,,
7889,3864,21,13,2,4/2/2026,,0,,FALSE,,,,
7890,3868,21,11,2,4/2/2026,,0,,FALSE,,,,
7891,3868,21,12,2,4/3/2026,,0,,FALSE,,,,
7892,3876,9,14,3,4/2/2026,,0,,FALSE,,,,
7893,1640,9,50,1.25,4/2/2026,,0,,FALSE,,,,
7894,3882,9,10,3.5,4/2/2026,,0,,FALSE,,,,
7895,3884,9,20,2,4/3/2026,,0,,FALSE,,,,
7896,1640,9,42,2,4/2/2026,,0,,FALSE,,,,
7897,3884,21,21,1.5,4/3/2026,,0,,FALSE,,,,
7898,3884,21,22,1.5,4/3/2026,,0,,FALSE,,,,
7899,3871,21,23,0.5,4/3/2026,,0,,FALSE,,,,
7900,1640,21,50,0.5,4/3/2026,,0,,FALSE,,,,
7901,3870,9,20,1,4/6/2026,,0,,FALSE,,,,
7902,3875,9,14,2.5,4/3/2026,,0,,FALSE,,,,
7903,3874,9,14,2,4/3/2026,,0,,FALSE,,,,
7904,1640,9,888,0.5,4/3/2026,面版作成,0,,FALSE,,,,
7905,1640,9,888,1.5,4/3/2026,出荷対応,0,,FALSE,,,,
7906,1640,9,50,0.5,4/3/2026,,0,,FALSE,,,,
7907,3885,9,40,2.5,4/3/2026,,0,,FALSE,,,,
7908,1640,21,50,0.5,4/6/2026,,0,,FALSE,,,,
7909,3861,21,11,1,4/6/2026,,0,,FALSE,,,,
7910,3870,21,21,1,4/6/2026,,0,,FALSE,,,,
7911,3886,9,20,2,4/6/2026,,0,,FALSE,,,,
7912,3886,21,21,1,4/6/2026,,0,,FALSE,,,,
7913,3861,21,12,2.5,4/6/2026,,0,,FALSE,,,,
7914,3882,9,10,2,4/6/2026,,0,,FALSE,,,,
7915,1640,9,50,1,4/6/2026,梱包、５S,0,,FALSE,,,,
7916,1640,9,888,5,4/6/2026,ヴィエットさんの奥さんの空港出迎え対応,0,,FALSE,,,,
7917,2276,9,888,1,4/6/2026,データ処理,0,,FALSE,,,,
7918,1640,21,50,0.5,4/7/2026,,0,,FALSE,,,,
7919,3870,21,22,0.75,4/7/2026,,0,,FALSE,,,,
7920,3886,21,22,1,4/7/2026,,0,,FALSE,,,,
7921,3882,21,11,3,4/7/2026,,0,,FALSE,,,,
7923,1640,21,40,1.25,4/7/2026,銅板作成,0,,FALSE,,,,
7924,1640,9,50,1,4/7/2026,,0,,FALSE,,,,
7925,3888,9,20,2.5,4/7/2026,,0,,FALSE,,,,
7926,1640,9,888,1.5,4/7/2026,金型確認・写真撮影,0,,FALSE,,,,
7927,1640,9,53,7,4/7/2026,,0,,FALSE,,,,
7928,1640,21,50,0.5,4/8/2026,,0,,FALSE,,,,
7929,3882,21,12,3,4/8/2026,,0,,FALSE,,,,
7930,3888,21,21,0.5,4/8/2026,,0,,FALSE,,,,
7931,3888,21,22,0.5,4/8/2026,,0,,FALSE,,,,
7932,3871,21,23,0.5,4/8/2026,,0,,FALSE,,,,
7933,3889,21,40,1,4/8/2026,,0,,FALSE,,,,
7935,1640,9,50,1,4/8/2026,,0,,FALSE,,,,
7936,3890,9,20,2.5,4/8/2026,,0,,FALSE,,,,
7937,1640,9,53,2,4/8/2026,金型確認・写真撮影,0,,FALSE,,,,
7938,1640,9,888,5,4/8/2026,データ処理・プログラム,0,,FALSE,,,,
7939,1640,21,50,0.5,4/9/2026,,0,,FALSE,,,,
7940,3889,21,40,2.5,4/9/2026,,0,,FALSE,,,,
7941,3890,21,21,0.5,4/9/2026,,0,,FALSE,,,,
7942,3890,21,22,0.5,4/9/2026,,0,,FALSE,,,,
7943,3887,21,23,2,4/9/2026,,0,,FALSE,,,,
7944,1640,9,50,1.5,4/9/2026,,0,,FALSE,,,,
7945,3870,9,20,2,4/9/2026,穴、彫刻追加工,0,,FALSE,,,,
7946,1640,9,888,1,4/9/2026,出荷手配,0,,FALSE,,,,
7947,1640,9,53,7,4/9/2026,プログラム・データ処理,0,,FALSE,,,,
7948,1640,9,50,2.25,4/10/2026,5S・梱包,0,,FALSE,,,,
7949,1640,9,888,2,4/10/2026,金型確認・写真撮影,0,,FALSE,,,,
7950,1640,9,53,7,4/10/2026,プログラム・データ処理,0,,FALSE,,,,
7951,1640,21,50,0.5,4/13/2026,,0,,FALSE,,,,
7953,1640,21,52,2.5,4/13/2026,,0,,FALSE,,,,
7955,3893,21,40,3,4/13/2026,,0,,FALSE,,,,
7956,1640,9,54,5.5,4/13/2026,粉砕機のメンテ・粉砕,0,,FALSE,,,,
7957,3894,9,20,2.5,4/13/2026,,0,,FALSE,,,,
7958,3896,9,10,3.25,4/13/2026,,0,,FALSE,,,,
7959,1640,21,50,0.5,4/14/2026,,0,,FALSE,,,,
7960,1640,21,40,3,4/14/2026,銅板作成,0,,FALSE,,,,
7961,1640,21,52,2.5,4/14/2026,,0,,FALSE,,,,
7962,1640,9,50,1.5,4/14/2026,,0,,FALSE,,,,
7963,1640,9,52,3,4/14/2026,,0,,FALSE,,,,
7964,3898,9,10,3.5,4/14/2026,,0,,FALSE,,,,
7965,1640,21,50,0.5,4/15/2026,,0,,FALSE,,,,
7966,3896,21,11,2.5,4/15/2026,,0,,FALSE,,,,
7967,3894,21,22,0.5,4/15/2026,,0,,FALSE,,,,
7968,3894,21,21,0.5,4/15/2026,,0,,FALSE,,,,
7969,1640,21,40,2,4/15/2026,ZA タイプ,0,,FALSE,,,,
7970,1640,9,50,2,4/15/2026,粉砕機周りの掃除を実施,0,,FALSE,,,,
7971,1640,9,52,2,4/15/2026,,0,,FALSE,,,,
7972,3902,9,10,3,4/15/2026,,0,,FALSE,,,,
7973,3896,9,10,1,4/15/2026,彫刻・面取り,0,,FALSE,,,,
7974,1640,9,40,1.5,4/15/2026,スタッキング直し,0,,FALSE,,,,
7975,1640,21,50,0.5,4/16/2026,,0,,FALSE,,,,
7976,3896,21,12,2,4/16/2026,,0,,FALSE,,,,
7977,3898,21,11,3,4/16/2026,,0,,FALSE,,,,
7978,1640,21,40,0.5,4/16/2026,銅板作成,0,,FALSE,,,,
7979,1640,9,50,2,4/16/2026,,0,,FALSE,,,,
7980,1640,9,52,7,4/16/2026,,0,,FALSE,,,,
7981,1640,9,888,2,4/16/2026,出荷対応,0,,FALSE,,,,
7982,1640,21,50,0.5,4/17/2026,,0,,FALSE,,,,
7983,3898,21,11,1,4/17/2026,,0,,FALSE,,,,
7984,3896,21,12,1,4/17/2026,,0,,FALSE,,,,
7985,3891,21,13,1,4/17/2026,,0,,FALSE,,,,
7986,3902,21,11,2.5,4/17/2026,,0,,FALSE,,,,
7987,1640,9,50,1,4/17/2026,,0,,FALSE,,,,
7988,1640,9,52,5,4/17/2026,,0,,FALSE,,,,
7989,3907,9,10,3.25,4/17/2026,,0,,FALSE,,,,
7990,3909,9,20,2.5,4/17/2026,,0,,FALSE,,,,
7991,1640,21,50,0.5,4/20/2026,,0,,FALSE,,,,
7992,3909,21,21,1,4/20/2026,,0,,FALSE,,,,
7993,3902,21,12,1.5,4/20/2026,,0,,FALSE,,,,
7994,3907,21,11,3.5,4/20/2026,,0,,FALSE,,,,
7995,3911,9,10,2.5,4/20/2026,,0,,FALSE,,,,
7996,3913,9,10,2.5,4/20/2026,,0,,FALSE,,,,
7997,3905,9,20,2,4/20/2026,,0,,FALSE,,,,
7998,3915,9,14,3,4/20/2026,,0,,FALSE,,,,
7999,1640,9,50,1,4/20/2026,金型写真・5S,0,,FALSE,,,,
8000,1640,21,50,0.5,4/21/2026,,0,,FALSE,,,,
8001,3905,21,21,0.5,4/21/2026,,0,,FALSE,,,,
8002,3905,21,22,0.5,4/21/2026,,0,,FALSE,,,,
8003,3907,21,11,0.5,4/21/2026,,0,,FALSE,,,,
8005,3898,21,12,2.75,4/21/2026,,0,,FALSE,,,,
8006,3909,21,22,1.25,4/21/2026,,0,,FALSE,,,,
8007,1640,9,50,1.5,4/21/2026,金型写真・5S,0,,FALSE,,,,
8008,3913,9,10,1,4/21/2026,,0,,FALSE,,,,
8009,3911,9,10,1,4/21/2026,,0,,FALSE,,,,
8010,3898,9,14,1.5,4/21/2026,バック穴追加工,0,,FALSE,,,,
8011,1640,9,53,3.5,4/21/2026,データ処理・プログラム,0,,FALSE,,,,
8012,1640,9,52,3,4/21/2026,,0,,FALSE,,,,
8013,1640,21,50,0.5,4/22/2026,,0,,FALSE,,,,
8014,3907,21,12,2.75,4/22/2026,,0,,FALSE,,,,
8015,3897,21,13,3,4/22/2026,,0,,FALSE,,,,
8016,1640,9,50,3,4/22/2026,廃棄回収対応,0,,FALSE,,,,
8017,3913,9,10,1.5,4/22/2026,面取り・彫刻,0,,FALSE,,,,
8018,3911,9,10,1.5,4/22/2026,面取り・彫刻,0,,FALSE,,,,
8019,1640,9,888,0.5,4/22/2026,金型写真・梱包,0,,FALSE,,,,
8020,1640,9,53,5.75,4/22/2026,データ処理・プログラム,0,,FALSE,,,,
8021,1640,9,50,0.5,4/23/2026,,0,,FALSE,,,,
8022,1640,9,888,1.5,4/23/2026,2025年度の棚卸表に記載のないものの記入,0,,FALSE,,,,
8024,3916,9,40,2,4/23/2026,,0,,FALSE,,,,
8025,1640,21,50,0.5,4/24/2026,,0,,FALSE,,,,
8026,3899,21,13,3.5,4/24/2026,,0,,FALSE,,,,
8027,3895,21,23,0.5,4/24/2026,,0,,FALSE,,,,
8028,3913,21,11,1.5,4/24/2026,,0,,FALSE,,,,
8029,1640,9,50,0.75,4/24/2026,,0,,FALSE,,,,
8030,1640,9,42,1,4/24/2026,,0,,FALSE,,,,
8031,3917,9,10,3,4/24/2026,,0,,FALSE,,,,
8032,3921,9,10,3.5,4/24/2026,金型改造R2,0,,FALSE,,,,
8033,2276,9,888,2.5,4/24/2026,プログラム・データ処理,0,,FALSE,,,,
8035,3911,21,11,2.5,4/25/2026,,0,,FALSE,,,,
8036,3910,21,23,0.5,4/25/2026,,0,,FALSE,,,,
8037,1640,9,50,0.5,4/25/2026,,0,,FALSE,,,,
8038,3907,9,10,2.5,4/25/2026,加工条件や工具不良により金型主面の表面粗度が悪く、磨き作業が困難なため、主面を再加工した。,0,,FALSE,,,,
8039,3919,9,10,3.5,4/25/2026,,0,,FALSE,,,,
8040,3922,9,40,2.5,4/25/2026,,0,,FALSE,,,,
8041,1640,9,888,0.75,4/25/2026,データ処理,0,,FALSE,,,,
8042,3931,9,10,2,4/27/2026,金型改造　R1,0,,FALSE,,,,
8043,3932,9,10,2,4/27/2026,改造R1,0,,FALSE,,,,
8044,3921,9,12,1.5,4/27/2026,改造,0,,FALSE,,,,
8045,3906,9,23,0.5,4/27/2026,,0,,FALSE,,,,
8046,3917,9,10,1,4/27/2026,彫刻・面取り,0,,FALSE,,,,
8047,3907,9,12,0.75,4/27/2026,,0,,FALSE,,,,
8048,3933,9,55,0.5,4/27/2026,,0,,FALSE,,,,
8049,1640,9,53,3.75,4/27/2026,データ処理・プログラム,0,,FALSE,,,,
8050,1640,21,50,0.5,4/28/2026,,0,,FALSE,,,,
8051,3912,21,13,2.5,4/28/2026,,0,,FALSE,,,,
8052,3917,21,11,3,4/28/2026,,0,,FALSE,,,,
8053,3919,21,11,1,4/28/2026,,0,,FALSE,,,,
8054,1640,9,50,0.5,4/28/2026,,0,,FALSE,,,,
8055,3928,9,10,3,4/28/2026,,0,,FALSE,,,,
8056,3934,9,10,3,4/28/2026,,0,,FALSE,,,,
8058,1640,9,54,0.5,4/28/2026,6号機の部品取替,0,,FALSE,,,,
8059,3911,9,12,2.5,4/28/2026,,0,,FALSE,,,,
8060,2276,9,888,2.5,4/28/2026,データ処理・プログラム,0,,FALSE,,,,
8061,1640,21,50,0.5,4/30/2026,,0,,FALSE,,,,
8062,3919,21,11,2.5,4/30/2026,,0,,FALSE,,,,
8063,3908,21,13,3,4/30/2026,,0,,FALSE,,,,
8064,3937,9,10,4,4/30/2026,,0,,FALSE,,,,
8065,3938,9,10,1,4/30/2026,,0,,FALSE,,,,
8066,3913,9,11,1.25,4/30/2026,,0,,FALSE,,,,
8067,3913,9,12,2.75,4/30/2026,,0,,FALSE,,,,
8068,1640,9,888,1.5,4/30/2026,梱包・5S,0,,FALSE,,,,
8069,1640,21,50,0.5,5/1/2026,,0,,FALSE,,,,
8070,3928,21,11,2.5,5/1/2026,,0,,FALSE,,,,
8071,3919,21,12,3,5/1/2026,,0,,FALSE,,,,
8072,1640,9,50,0.75,5/1/2026,,0,,FALSE,,,,
8073,3938,9,10,3,5/1/2026,,0,,FALSE,,,,
8075,3912,9,13,1,5/1/2026,,0,,FALSE,,,,
8076,3914,9,13,3,5/1/2026,,0,,FALSE,,,,
8077,1640,9,40,2,5/1/2026,スタッキング修理,0,,FALSE,,,,
8078,2276,9,888,1,5/1/2026,データ処理,0,,FALSE,,,,
8079,3944,9,10,5,5/2/2026,,0,,FALSE,,,,
8080,3934,9,10,0.5,5/2/2026,,0,,FALSE,,,,
8081,3946,9,20,2,5/2/2026,,0,,FALSE,,,,
8082,1640,9,53,1,5/2/2026,SACT 対応,0,,FALSE,,,,
8083,1640,9,50,3,5/2/2026,5S・その他,0,,FALSE,,,,
8084,1640,21,50,0.25,5/7/2026,,0,,FALSE,,,,
8085,3937,21,11,2,5/7/2026,,0,,FALSE,,,,
8087,3934,21,11,1.5,5/7/2026,,0,,FALSE,,,,
8088,3948,9,10,3.5,5/7/2026,,0,,FALSE,,,,
8089,3950,9,10,3.5,5/7/2026,,0,,FALSE,,,,
8090,3944,9,10,1,5/7/2026,,0,,FALSE,,,,
8092,1640,9,50,1,5/7/2026,,0,,FALSE,,,,
8093,1640,9,53,2.75,5/7/2026,SACT 対応 (MMT、SMK）,0,,FALSE,,,,
8094,2379,9,42,0.75,5/8/2026,,0,,FALSE,,,,
8095,3928,21,12,1.5,5/8/2026,,0,,FALSE,,,,
8096,3938,21,11,2,5/8/2026,,0,,FALSE,,,,
8097,3938,21,12,1.5,5/8/2026,,0,,FALSE,,,,
8099,3920,21,13,1,5/8/2026,,0,,FALSE,,,,
8100,1640,21,50,0.25,5/8/2026,,0,,FALSE,,,,
8101,1640,9,43,1.5,5/8/2026,,0,,FALSE,,,,
8102,2276,9,888,1.5,5/8/2026,SACT対応,0,,FALSE,,,,
8103,3644,9,13,2,5/8/2026,,0,,FALSE,,,,
8104,2276,9,888,6.5,5/8/2026,プログラム・データ処理,0,,FALSE,,,,
8105,1640,21,50,0.5,5/9/2026,,0,,FALSE,,,,
8106,3920,21,13,2.5,5/9/2026,,0,,FALSE,,,,
8107,3918,21,13,3,5/9/2026,,0,,FALSE,,,,
8108,3952,9,14,4,5/9/2026,,0,,FALSE,,,,
8109,3950,9,10,1,5/11/2026,彫刻・面取り,0,,FALSE,,,,
8110,3948,9,10,1,5/9/2026,彫刻・面取り,0,,FALSE,,,,
8111,3937,9,12,0.5,5/9/2026,,0,,FALSE,,,,
8112,1640,9,888,2.75,5/9/2026,プログラム・5S,0,,FALSE,,,,
8113,3953,9,10,3,5/11/2026,,0,,FALSE,,,,
8114,3955,9,10,3.5,5/11/2026,,0,,FALSE,,,,
8115,1640,9,50,1.5,5/11/2026,,0,,FALSE,,,,
8116,3950,21,11,3,5/11/2026,,0,,FALSE,,,,
8117,3934,21,11,1,5/11/2026,,0,,FALSE,,,,
8118,1640,21,50,0.25,5/11/2026,,0,,FALSE,,,,
8119,3957,21,40,2.75,5/11/2026,,0,,FALSE,,,,
8120,3944,9,10,1.5,5/12/2026,,0,,FALSE,,,,
8121,1640,9,42,2,5/12/2026,,0,,FALSE,,,,
8122,1640,9,50,1.5,5/12/2026,キリコ回収対応,0,,FALSE,,,,
8123,2276,9,888,0.75,5/12/2026,,0,,FALSE,,,,
8124,1640,21,50,0.25,5/13/2026,,0,,FALSE,,,,
8125,3928,21,12,0.5,5/12/2026,,0,,FALSE,,,,
8126,3929,21,13,3,5/13/2026,,0,,FALSE,,,,
8127,1640,21,50,0.5,5/12/2026,,0,,FALSE,,,,
8129,3883,21,13,1.75,5/13/2026,,0,,FALSE,,,,
8130,3934,21,12,2.5,5/12/2026,,0,,FALSE,,,,
8131,3948,21,11,2,5/12/2026,,0,,FALSE,,,,
8132,3948,21,11,1.25,5/13/2026,,0,,FALSE,,,,
8133,3946,21,21,0.5,5/12/2026,,0,,FALSE,,,,
8134,3946,21,22,0.5,5/12/2026,,0,,FALSE,,,,
8135,1640,9,50,1,5/13/2026,,0,,FALSE,,,,
8137,1640,9,42,1,5/13/2026,,0,,FALSE,,,,
8138,1640,9,51,0.5,5/13/2026,,0,,FALSE,,,,
8139,3959,9,10,3,5/13/2026,,0,,FALSE,,,,
8140,3953,9,10,1.5,5/13/2026,彫刻・面取り・アンダースタック（φ9.5ｘ7）,0,,FALSE,,,,
8141,1640,9,888,3.25,5/13/2026,データ処理,0,,FALSE,,,,
8142,1640,21,50,0.25,5/14/2026,,0,,FALSE,,,,
8143,3948,21,12,2,5/14/2026,,0,,FALSE,,,,
8144,3950,21,12,2,5/14/2026,,0,,FALSE,,,,
8145,3953,21,11,1.75,5/14/2026,,0,,FALSE,,,,
8146,1640,9,50,0.5,5/14/2026,,0,,FALSE,,,,
8147,1640,9,42,0.75,5/14/2026,,0,,FALSE,,,,
8148,3947,9,23,0.5,5/14/2026,,0,,FALSE,,,,
8149,3965,9,10,3,5/14/2026,,0,,FALSE,,,,
8150,3949,9,13,5,5/14/2026,,0,,FALSE,,,,
8151,3951,9,13,1.25,5/14/2026,,0,,FALSE,,,,
8152,1640,21,50,0.25,5/15/2026,,0,,FALSE,,,,
8153,3959,21,11,2,5/15/2026,,0,,FALSE,,,,
8154,3953,21,11,1.25,5/15/2026,,0,,FALSE,,,,
8156,3951,21,13,3,5/15/2026,,0,,FALSE,,,,
8157,1640,9,50,0.5,5/15/2026,,0,,FALSE,,,,
8158,1640,9,40,2,5/15/2026,タイプA,0,,FALSE,,,,
8159,1640,9,51,0.5,5/15/2026,,0,,FALSE,,,,
8160,3978,9,14,3,5/15/2026,,0,,FALSE,,,,
8161,3975,9,10,3,5/15/2026,,0,,FALSE,,,,
8162,1640,9,42,1,5/15/2026,,0,,FALSE,,,,
8163,3965,9,10,1,5/16/2026,,0,,FALSE,,,,
8164,3975,9,10,1,5/16/2026,,0,,FALSE,,,,
8165,1640,21,50,0.5,5/18/2026,,0,,FALSE,,,,
8166,3955,21,11,1.5,5/18/2026,,0,,FALSE,,,,
8167,3944,21,11,1.5,5/18/2026,,0,,FALSE,,,,
8168,3944,21,12,1.5,5/18/2026,,0,,FALSE,,,,
8169,3959,21,11,1,5/18/2026,,0,,FALSE,,,,
8170,3979,9,40,1.5,5/18/2026,,0,,FALSE,,,,
8171,3965,21,11,0.5,5/18/2026,,0,,FALSE,,,,
8172,3972,9,10,3,5/18/2026,,0,,FALSE,,,,
8173,3980,9,10,3,5/18/2026,,0,,FALSE,,,,
8174,3944,9,12,1,5/18/2026,,0,,FALSE,,,,
8175,3978,9,888,1,5/18/2026,金型改造,0,,FALSE,,,,
8176,1640,9,50,1.5,5/18/2026,キリコ回収対応,0,,FALSE,,,,
8177,3944,9,55,1,5/19/2026,,0,,FALSE,,,,
8178,3945,21,13,2.5,5/19/2026,,0,,FALSE,,,,
8179,3945,9,13,0.5,5/19/2026,,0,,FALSE,,,,
8180,3955,9,12,2,5/19/2026,,0,,FALSE,,,,
8181,3955,9,55,0.5,5/19/2026,,0,,FALSE,,,,
8182,3956,9,13,0.5,5/19/2026,木板作成,0,,FALSE,,,,
8183,3956,21,13,2,5/19/2026,,0,,FALSE,,,,
8184,3953,21,12,2,5/19/2026,,0,,FALSE,,,,
8185,3954,9,13,3,5/19/2026,,0,,FALSE,,,,
8187,3935,9,13,3,5/19/2026,,0,,FALSE,,,,
8188,1640,9,50,0.5,5/19/2026,,0,,FALSE,,,,
8189,1640,21,50,0.25,5/20/2026,,0,,FALSE,,,,
8190,3959,21,12,1.5,5/20/2026,,0,,FALSE,,,,
8191,3960,21,13,1.5,5/20/2026,,0,,FALSE,,,,
8192,3975,21,11,2,5/20/2026,,0,,FALSE,,,,
8193,3965,21,11,1.5,5/20/2026,,0,,FALSE,,,,
8194,1640,9,50,2,5/20/2026,5S（コンプレッサオイル交換）・梱包,0,,FALSE,,,,
8195,3969,9,10,4,5/20/2026,,0,,FALSE,,,,
8196,3980,9,10,0.75,5/20/2026,,0,,FALSE,,,,
8197,3972,9,10,1,5/20/2026,,0,,FALSE,,,,
8198,3959,9,12,0.5,5/20/2026,,0,,FALSE,,,,
8199,3960,9,13,1.25,5/20/2026,,0,,FALSE,,,,
8200,3935,9,41,1,5/20/2026,,0,,FALSE,,,,
8201,1640,9,42,0.75,5/20/2026,,0,,FALSE,,,,
8202,1640,21,50,0.5,5/21/2026,,0,,FALSE,,,,
8203,3965,21,12,2.5,5/21/2026,,0,,FALSE,,,,
8204,3966,21,13,2.75,5/21/2026,,0,,FALSE,,,,
8205,3973,21,13,1.25,5/21/2026,,0,,FALSE,,,,
8206,3975,9,12,1.75,5/22/2026,,0,,FALSE,,,,
8207,3976,9,13,3,5/21/2026,,0,,FALSE,,,,
8208,3972,9,11,2.5,5/21/2026,,0,,FALSE,,,,
8209,3972,9,12,2.5,5/21/2026,,0,,FALSE,,,,
8210,3983,9,10,2.75,5/21/2026,,0,,FALSE,,,,
8211,1640,9,50,0.5,5/21/2026,,0,,FALSE,,,,
8212,3973,9,13,1.75,5/22/2026,,0,,FALSE,,,,
8213,1640,21,50,0.25,5/22/2026,,0,,FALSE,,,,
8214,3969,21,11,2,5/22/2026,,0,,FALSE,,,,
8215,3980,21,11,2,5/22/2026,,0,,FALSE,,,,
8216,3980,9,12,1.5,5/22/2026,,0,,FALSE,,,,
8217,3981,21,13,2,5/22/2026,,0,,FALSE,,,,
8218,3903,21,13,0.75,5/22/2026,,0,,FALSE,,,,
8219,1640,9,50,1,5/22/2026,,0,,FALSE,,,,
8220,3969,9,10,0.5,5/22/2026,アンダースタック・彫刻・面取り,0,,FALSE,,,,
8221,3983,9,10,1,5/23/2026,アンダースタック・彫刻・面取り,0,,FALSE,,,,
8222,3986,9,10,3,5/22/2026,,0,,FALSE,,,,
8223,1640,9,888,1.5,5/22/2026,SACT登録・金型写真撮影,0,,FALSE,,,,
8224,1640,9,51,0.5,5/22/2026,,0,,FALSE,,,,
8225,3991,9,20,2.5,5/23/2026,,0,,FALSE,,,,
8226,3993,9,10,2,5/23/2026,,0,,FALSE,,,,
8227,3969,9,12,2,5/23/2026,,0,,FALSE,,,,
8228,3970,9,13,2.5,5/23/2026,,0,,FALSE,,,,
8229,3986,21,11,2.5,5/25/2026,,0,,FALSE,,,,
8230,3986,9,12,2,5/25/2026,,0,,FALSE,,,,
8231,3987,21,13,3,5/25/2026,,0,,FALSE,,,,
8232,1640,21,50,0.5,5/25/2026,,0,,FALSE,,,,
8233,3983,21,11,0.5,5/25/2026,,0,,FALSE,,,,
8234,1640,9,51,0.5,5/25/2026,,0,,FALSE,,,,
8235,3993,9,10,1.5,5/25/2026,,0,,FALSE,,,,
8236,3995,9,10,3,5/25/2026,,0,,FALSE,,,,
8237,3983,9,11,1.5,5/25/2026,,0,,FALSE,,,,
8238,3983,9,12,1.5,5/25/2026,,0,,FALSE,,,,
8239,3984,9,13,2,5/25/2026,,0,,FALSE,,,,
8240,1640,9,50,0.5,5/26/2026,,0,,FALSE,,,,
8241,3993,21,11,2,5/26/2026,,0,,FALSE,,,,
8242,3994,21,13,2,5/26/2026,,0,,FALSE,,,,
8243,3991,21,21,0.5,5/26/2026,,0,,FALSE,,,,
8244,3991,9,22,0.5,5/26/2026,,0,,FALSE,,,,
8245,3991,21,22,0.5,5/26/2026,,0,,FALSE,,,,
8246,3995,21,12,2,5/26/2026,,0,,FALSE,,,,
8247,3995,9,10,1,5/26/2026,,0,,FALSE,,,,
8248,3945,9,42,3,5/26/2026,プラグ調整,0,,FALSE,,,,
8249,4011,9,20,2,5/26/2026,,0,,FALSE,,,,
8250,1640,9,43,2.25,5/26/2026,,0,,FALSE,,,,
8251,1640,9,888,2,5/26/2026,,0,,FALSE,,,,
8252,4011,9,21,0.25,5/26/2026,,0,,FALSE,,,,
8253,1640,21,50,0.5,5/27/2026,,0,,FALSE,,,,
8254,3993,21,12,2,5/27/2026,,0,,FALSE,,,,
8255,3994,21,13,0.5,5/27/2026,,0,,FALSE,,,,
8256,3995,21,11,2,5/27/2026,,0,,FALSE,,,,
8258,3992,21,13,1.5,5/27/2026,,0,,FALSE,,,,
8259,4011,9,22,0.25,5/27/2026,,0,,FALSE,,,,
8260,1640,9,50,0.5,5/27/2026,,0,,FALSE,,,,
8261,3998,9,10,3,5/27/2026,,0,,FALSE,,,,
8262,4001,9,10,3,5/27/2026,,0,,FALSE,,,,
8263,4015,9,10,2,5/27/2026,,0,,FALSE,,,,
8264,1640,9,888,0.25,5/27/2026,金型写真撮影,0,,FALSE,,,,
8265,1640,21,50,0.5,5/28/2026,,0,,FALSE,,,,
8266,3996,21,13,3.5,5/28/2026,,0,,FALSE,,,,
8267,4012,21,23,1,5/28/2026,,0,,FALSE,,,,
8268,4004,9,10,3,5/28/2026,,0,,FALSE,,,,
8269,3998,9,10,0.75,5/28/2026,,0,,FALSE,,,,
8270,4001,9,10,0.5,5/28/2026,,0,,FALSE,,,,
8272,4013,9,20,2,5/28/2026,,0,,FALSE,,,,
8274,4014,21,23,1,5/28/2026,,0,,FALSE,,,,
8275,1640,9,51,0.5,5/28/2026,　,0,,FALSE,,,,
8276,3995,9,42,1,5/28/2026,バック穴追加工,0,,FALSE,,,,
8277,3990,21,13,1,5/28/2026,,0,,FALSE,,,,
8278,1640,9,40,3,5/28/2026,Z-060-2,0,,FALSE,,,,
8279,1640,21,50,0.25,5/29/2026,,0,,FALSE,,,,
8280,3998,21,11,1,5/29/2026,,0,,FALSE,,,,
8281,4001,21,11,1.5,5/29/2026,,0,,FALSE,,,,
8282,4004,21,11,1,5/29/2026,,0,,FALSE,,,,
8284,4016,21,13,2,5/29/2026,,0,,FALSE,,,,
8285,4013,21,21,0.5,5/29/2026,,0,,FALSE,,,,
8286,4013,21,22,0.5,5/29/2026,,0,,FALSE,,,,
8288,1640,9,50,1,5/29/2026,,0,,FALSE,,,,
8289,1640,9,888,0.5,5/29/2026,金型写真撮影,0,,FALSE,,,,
8290,4008,9,10,3.5,5/29/2026,,0,,FALSE,,,,
8291,4018,9,10,0.5,5/29/2026,,0,,FALSE,,,,
8292,4004,9,10,0.5,5/29/2026,,0,,FALSE,,,,
8293,1640,9,40,3,5/29/2026,,0,,FALSE,,,,
8294,1640,9,42,2.25,5/29/2026,Aタイプ　水冷ベース　外周削り,0,,FALSE,,,,
8295,1640,9,888,7.75,5/31/2026,コンプレッサの排熱処理について検討および製作を行った。,0,,FALSE,,,,
8296,1640,21,50,0.25,6/1/2026,,0,,FALSE,,,,
8297,3998,21,12,1,6/1/2026,,0,,FALSE,,,,
8298,3999,21,13,1.5,6/1/2026,,0,,FALSE,,,,
8299,4004,21,11,1,6/1/2026,,0,,FALSE,,,,
8300,4004,9,12,1,6/1/2026,,0,,FALSE,,,,
8301,4005,21,13,1,6/1/2026,,0,,FALSE,,,,
8302,4018,21,11,2.25,6/1/2026,,0,,FALSE,,,,
8303,1640,9,50,1,6/1/2026,,0,,FALSE,,,,
8304,1640,9,43,2,6/1/2026,,0,,FALSE,,,,
8305,4018,9,10,3,6/1/2026,,0,,FALSE,,,,
8306,4020,9,10,1.75,6/2/2026,,0,,FALSE,,,,
8307,4015,9,10,1,6/1/2026,,0,,FALSE,,,,
8308,3998,9,12,0.5,6/1/2026,,0,,FALSE,,,,
8309,4004,9,12,0.5,6/1/2026,,0,,FALSE,,,,
8310,1640,9,40,1,6/1/2026,,0,,FALSE,,,,
8311,1640,21,50,0.5,6/2/2026,,0,,FALSE,,,,
8312,4008,21,11,3,6/2/2026,,0,,FALSE,,,,
8313,4002,21,13,2,6/2/2026,,0,,FALSE,,,,
8314,4001,21,11,0.5,6/2/2026,,0,,FALSE,,,,
8315,4022,9,10,3.5,6/2/2026,,0,,FALSE,,,,
8316,1640,9,50,0.5,6/2/2026,,0,,FALSE,,,,
8317,1640,9,888,5.25,6/2/2026,MDS金型の彫刻検討・試作,0,,FALSE,,,,
8318,4024,9,10,3,6/3/2026,,0,,FALSE,,,,
8319,4005,9,13,1.25,6/3/2026,,0,,FALSE,,,,
8320,4004,9,888,0.5,6/3/2026,バック穴追加工,0,,FALSE,,,,
8321,4020,9,10,1.5,6/3/2026,,0,,FALSE,,,,
8322,4026,9,10,4.5,6/3/2026,プログラム・機械設定 (MILLAC468V),0,,FALSE,,,,
8323,1640,9,50,1,6/3/2026,金型写真・5S,0,,FALSE,,,,
8324,1640,21,50,0.5,6/4/2026,,0,,FALSE,,,,
8325,4020,21,11,2.5,6/4/2026,,0,,FALSE,,,,
8326,4022,21,11,2.5,6/4/2026,,0,,FALSE,,,,
8327,4018,21,11,1,6/4/2026,,0,,FALSE,,,,
8328,4030,9,10,3,6/4/2026,,0,,FALSE,,,,
8329,4026,9,10,2.5,6/4/2026,,0,,FALSE,,,,
8330,1640,9,888,2.5,6/4/2026,整形機械部品修理,0,,FALSE,,,,
8331,1640,9,888,3,6/4/2026,MDS金型の彫刻検討,0,,FALSE,,,,
8332,1640,21,50,0.5,6/5/2026,,0,,FALSE,,,,
8334,4021,21,13,3.5,6/5/2026,,0,,FALSE,,,,
8335,4008,21,12,2.5,6/5/2026,,0,,FALSE,,,,
8338,4024,9,10,1,6/5/2026,,0,,FALSE,,,,
8339,1640,9,888,2.5,6/5/2026,MDS金型の彫刻検討,0,,FALSE,,,,
8340,1640,9,42,1,6/5/2026,,0,,FALSE,,,,
8341,1640,9,888,0.5,6/5/2026,梱包・5S・金型廃棄対応,0,,FALSE,,,,
8342,4020,9,10,5,6/5/2026,表プログラムミス対応,0,,FALSE,,,,
8343,1640,9,888,2.25,6/5/2026,MDS彫刻改造方法の検討,0,,FALSE,,,,
8344,1640,9,14,10,6/6/2026,MDS彫刻改造・SMK-230表プログラムミス対応,0,,FALSE,,,,
8345,1640,9,50,0.25,6/7/2026,,0,,FALSE,,,,
8346,4030,9,10,0.5,6/7/2026,,0,,FALSE,,,,
8347,4020,9,11,1,6/7/2026,,0,,FALSE,,,,
8348,4020,9,12,2,6/7/2026,,0,,FALSE,,,,
8349,4032,9,10,2.5,6/7/2026,,0,,FALSE,,,,
8350,1640,21,50,0.25,6/8/2026,,0,,FALSE,,,,
8351,4024,21,11,2,6/8/2026,,0,,FALSE,,,,
8352,4024,9,12,2,6/8/2026,,0,,FALSE,,,,
8353,4025,21,13,2,6/8/2026,,0,,FALSE,,,,
8354,4009,21,13,2.25,6/8/2026,,0,,FALSE,,,,
8355,1640,9,50,1,6/8/2026,,0,,FALSE,,,,
8356,4037,9,10,3,6/8/2026,,0,,FALSE,,,,
8357,4032,9,10,1,6/8/2026,,0,,FALSE,,,,
8358,3944,9,10,2.25,6/8/2026,金型改造,0,,FALSE,,,,
8359,4044,9,40,2.5,6/9/2026,,0,,FALSE,,,,
8360,4022,21,12,2.5,6/9/2026,,0,,FALSE,,,,
8362,4028,9,20,1.5,6/9/2026,,0,,FALSE,,,,
8363,4028,21,21,0.5,6/9/2026,,0,,FALSE,,,,
8364,4028,21,22,0.5,6/9/2026,,0,,FALSE,,,,
8365,1640,21,50,0.5,6/9/2026,,0,,FALSE,,,,
8366,4023,21,13,2.75,6/9/2026,,0,,FALSE,,,,
8367,1640,9,50,1,6/9/2026,,0,,FALSE,,,,
8368,4023,9,13,0.5,6/9/2026,,0,,FALSE,,,,
8369,4040,9,10,3.5,6/9/2026,,0,,FALSE,,,,
8370,4037,9,10,0.5,6/10/2026,,0,,FALSE,,,,
8371,3944,9,10,2.25,6/9/2026,,0,,FALSE,,,,
8372,1640,21,50,0.25,6/10/2026,,0,,FALSE,,,,
8373,4030,21,11,2,6/10/2026,,0,,FALSE,,,,
8374,4030,21,12,1.5,6/10/2026,,0,,FALSE,,,,
8376,4037,21,11,1.75,6/10/2026,,0,,FALSE,,,,
8377,4037,21,12,1.5,6/10/2026,,0,,FALSE,,,,
8378,4047,9,10,3.5,6/10/2026,,0,,FALSE,,,,
8379,3944,9,10,5.25,6/10/2026,金型改造(サイズ変更）,0,,FALSE,,,,
8380,1640,9,50,1,6/10/2026,,0,,FALSE,,,,
8381,1640,21,50,0.25,6/11/2026,5S・梱包,0,,FALSE,,,,
8382,4040,21,11,2,6/11/2026,,0,,FALSE,,,,
8383,3989,21,11,2.25,6/11/2026,,0,,FALSE,,,,
8384,4032,21,11,1.5,6/11/2026,,0,,FALSE,,,,
8386,1640,9,50,0.5,6/11/2026,,0,,FALSE,,,,
8387,4069,9,40,2,6/11/2026,,0,,FALSE,,,,
8388,4026,9,10,1,6/11/2026,,0,,FALSE,,,,
8389,4019,9,13,2.75,6/11/2026,,0,,FALSE,,,,
8390,4018,9,12,2,6/11/2026,,0,,FALSE,,,,
8391,4050,9,10,1.75,6/11/2026,,0,,FALSE,,,,
8392,1640,21,50,0.25,6/12/2026,,0,,FALSE,,,,
8393,4026,21,11,3,6/12/2026,,0,,FALSE,,,,
8394,4050,21,11,2,6/12/2026,,0,,FALSE,,,,
8395,4051,21,13,1.75,6/12/2026,,0,,FALSE,,,,
8396,1640,9,50,0.5,6/12/2026,,0,,FALSE,,,,
8397,1640,9,42,0.5,6/12/2026,,0,,FALSE,,,,
8399,4050,9,10,1.25,6/12/2026,,0,,FALSE,,,,
8400,4050,9,12,2,6/12/2026,,0,,FALSE,,,,
8401,4051,9,13,0.5,6/12/2026,,0,,FALSE,,,,
8402,4026,9,12,2.5,6/12/2026,,0,,FALSE,,,,
8403,4059,9,10,3,6/12/2026,,0,,FALSE,,,,
8404,4056,9,10,1,6/12/2026,,0,,FALSE,,,,
8405,4068,9,10,3,6/13/2026,改造,0,,FALSE,,,,
8406,2205,9,42,0.5,6/12/2026,銅板作成,0,,FALSE,,,,
8407,1640,21,50,0.5,6/13/2026,,0,,FALSE,,,,
8408,4047,9,10,1,6/13/2026,,0,,FALSE,,,,
8409,4047,21,11,3.5,6/13/2026,,0,,FALSE,,,,
8411,4032,21,12,2,6/13/2026,,0,,FALSE,,,,
8412,4057,21,13,2.5,6/15/2026,,0,,FALSE,,,,
8413,4059,21,11,1,6/13/2026,,0,,FALSE,,,,
8414,4059,9,12,1,6/13/2026,,0,,FALSE,,,,
8415,4060,9,13,0.5,6/13/2026,,0,,FALSE,,,,
8416,4056,9,10,2.75,6/13/2026,,0,,FALSE,,,,
8417,4062,9,10,3,6/13/2026,,0,,FALSE,,,,
8418,1640,21,50,0.5,6/15/2026,,0,,FALSE,,,,
8419,4047,9,12,2.5,6/15/2026,,0,,FALSE,,,,
8420,4048,21,13,3,6/15/2026,,0,,FALSE,,,,
8421,4040,21,12,1,6/15/2026,,0,,FALSE,,,,
8422,4059,9,12,1,6/15/2026,,0,,FALSE,,,,
8424,4040,9,12,1,6/15/2026,,0,,FALSE,,,,
8425,4037,9,12,0.5,6/15/2026,,0,,FALSE,,,,
8426,4030,9,12,0.5,6/15/2026,,0,,FALSE,,,,
8427,4056,9,11,1.75,6/15/2026,,0,,FALSE,,,,
8428,4062,9,11,1.5,6/15/2026,,0,,FALSE,,,,
8429,4053,9,10,2.25,6/15/2026,,0,,FALSE,,,,
8430,1640,9,51,0.75,6/15/2026,,0,,FALSE,,,,
8431,4065,9,10,3,6/16/2026,,0,,FALSE,,,,
8432,4066,9,13,2,6/17/2026,,0,,FALSE,,,,
8433,4053,9,10,0.5,6/16/2026,,0,,FALSE,,,,
8434,4053,9,11,1.5,6/16/2026,,0,,FALSE,,,,
8435,4062,9,12,1.75,6/17/2026,,0,,FALSE,,,,
8436,3862,9,13,1.5,6/16/2026,,0,,FALSE,,,,
8437,3845,9,13,1.5,6/16/2026,,0,,FALSE,,,,
8438,3834,9,13,1.5,6/16/2026,,0,,FALSE,,,,
8439,1640,9,51,1.25,6/16/2026,梱包、５S,0,,FALSE,,,,
8440,1640,21,,0.5,6/17/2026,,0,,FALSE,,,,
8441,4054,21,13,2,6/17/2026,,0,,FALSE,,,,
8442,4063,21,13,2,6/17/2026,,0,,FALSE,,,,
8444,4053,9,12,1,6/17/2026,,0,,FALSE,,,,
8445,4070,9,10,2.5,6/17/2026,,0,,FALSE,,,,
8446,4065,9,11,1.5,6/17/2026,,0,,FALSE,,,,
8447,4065,9,12,1.25,6/17/2026,,0,,FALSE,,,,
8448,3771,9,10,3,6/17/2026,金型の修理,0,,FALSE,,,,
8449,1640,21,50,0.25,6/18/2026,,0,,FALSE,,,,
8450,4070,21,11,1.5,6/18/2026,,0,,FALSE,,,,
8451,4070,9,12,1.25,6/18/2026,,0,,FALSE,,,,
8452,4071,21,13,1.5,6/18/2026,,0,,FALSE,,,,
8453,4072,9,10,2.75,6/18/2026,,0,,FALSE,,,,
8454,4074,9,10,2.5,6/18/2026,,0,,FALSE,,,,
8457,4072,21,12,1.5,6/18/2026,,0,,FALSE,,,,
8458,3771,9,10,3,6/18/2026,金型の修理,0,,FALSE,,,,
8459,4082,9,10,3,6/19/2026,,0,,FALSE,,,,
8460,4074,9,11,0.75,6/19/2026,,0,,FALSE,,,,
8461,4074,9,12,1,6/19/2026,,0,,FALSE,,,,
8462,4076,9,10,2.5,6/19/2026,,0,,FALSE,,,,
8463,3955,9,10,4.75,6/19/2026,彫刻改造,0,,FALSE,,,,
8464,4072,9,11,0.75,6/20/2026,,0,,FALSE,,,,
8465,4073,9,13,1.5,6/20/2026,,0,,FALSE,,,,
8466,4075,9,13,1.5,6/20/2026,,0,,FALSE,,,,
8467,4078,9,10,2.5,6/20/2026,,0,,FALSE,,,,
8468,3955,9,10,2.25,6/20/2026,彫刻改造,0,,FALSE,,,,
8469,1640,21,50,0.25,6/22/2026,,0,,FALSE,,,,
8470,4076,21,11,0.75,6/22/2026,,0,,FALSE,,,,
8471,4076,9,12,0.75,6/22/2026,,0,,FALSE,,,,
8472,4078,21,11,0.75,6/22/2026,,0,,FALSE,,,,
8473,4078,21,12,0.75,6/22/2026,,0,,FALSE,,,,
8474,4080,9,10,2,6/22/2026,,0,,FALSE,,,,
8475,4079,21,13,2,6/22/2026,,0,,FALSE,,,,
8476,4077,21,13,2,6/22/2026,,0,,FALSE,,,,
8477,3975,9,10,10,6/22/2026,彫刻改造,0,,FALSE,,,,
8478,1640,21,50,0.25,6/23/2026,,0,,FALSE,,,,
8479,4091,21,11,1,6/23/2026,,0,,FALSE,,,,
8480,4080,21,11,0.75,6/23/2026,,0,,FALSE,,,,
8481,4080,21,12,0.75,6/23/2026,,0,,FALSE,,,,
8482,4081,21,13,1.5,6/23/2026,,0,,FALSE,,,,
8483,4097,21,21,0.5,6/24/2026,,0,,FALSE,,,,
8484,4091,9,10,2,6/23/2026,,0,,FALSE,,,,
8485,4097,21,22,0.75,6/24/2026,,0,,FALSE,,,,
8486,4097,9,20,1.5,6/23/2026,,0,,FALSE,,,,
8487,3989,21,12,1,6/23/2026,,0,,FALSE,,,,
8488,3989,9,10,7.5,6/23/2026,彫刻改造,0,,FALSE,,,,
8489,4015,21,11,0.75,6/23/2026,,0,,FALSE,,,,
8490,4015,21,12,1,6/23/2026,,0,,FALSE,,,,
8491,1640,9,51,0.5,6/23/2026,,0,,FALSE,,,,
8492,1640,21,50,0.25,6/24/2026,,0,,FALSE,,,,
8493,4094,21,11,1,6/24/2026,,0,,FALSE,,,,
8494,4094,21,12,1,6/24/2026,,0,,FALSE,,,,
8495,4095,21,13,1.5,6/24/2026,,0,,FALSE,,,,
8496,4091,9,12,1,6/24/2026,,0,,FALSE,,,,
8497,4092,21,13,1,6/24/2026,,0,,FALSE,,,,
8498,4098,9,23,0.5,6/24/2026,,0,,FALSE,,,,
8499,4099,9,10,7,6/24/2026,改造,0,,FALSE,,,,
8500,1640,9,14,3.5,6/24/2026,金型・圧空ベース外周削り,0,,FALSE,,,,
8501,4082,9,10,0.5,6/25/2026,,0,,FALSE,,,,
8502,1640,21,50,0.25,6/25/2026,,0,,FALSE,,,,
8503,4082,21,11,2.75,6/25/2026,,0,,FALSE,,,,
8504,4083,21,13,2.5,6/25/2026,,0,,FALSE,,,,
8505,4100,21,13,1,6/25/2026,,0,,FALSE,,,,
8506,4101,9,10,3,6/25/2026,,0,,FALSE,,,,
8507,4082,9,12,2,6/25/2026,,0,,FALSE,,,,
8508,4083,9,13,0.5,6/25/2026,,0,,FALSE,,,,
8509,4103,9,14,4,6/25/2026,,0,,FALSE,,,,
8510,1640,9,888,1,6/25/2026,,0,,FALSE,,,,
8511,1640,21,50,0.5,6/26/2026,,0,,FALSE,,,,
8512,4101,21,11,2.5,6/26/2026,,0,,FALSE,,,,
8513,4104,9,10,5.75,6/26/2026,金型改造・サブ板作成・サブプレート改造,0,,FALSE,,,,
8514,,9,40,3.5,6/26/2026,,0,,FALSE,,,,
8515,1640,21,13,4,6/26/2026,2個プラグ,0,,FALSE,,,,
8516,4105,9,40,2.75,6/26/2026,,0,,FALSE,,,,
8517,4103,9,14,1.5,6/26/2026,,0,,FALSE,,,,
8518,1640,9,888,1,6/26/2026,梱包,0,,FALSE,,,,
8519,4101,9,12,2,6/27/2026,,0,,FALSE,,,,
8520,4102,9,13,2.5,6/27/2026,,0,,FALSE,,,,
8521,4099,9,14,3,6/27/2026,抜型用アルミベース,0,,FALSE,,,,
8522,1640,9,50,0.5,6/27/2026,,0,,FALSE,,,,
8523,4107,9,10,2,6/27/2026,,0,,FALSE,,,,
8524,1640,21,50,0.5,6/29/2026,,0,,FALSE,,,,
8525,4107,21,11,2,6/29/2026,,0,,FALSE,,,,
8527,4102,9,13,1,6/29/2026,,0,,FALSE,,,,
8528,1640,21,40,3,6/29/2026,,0,,FALSE,,,,
8529,4110,9,10,3,6/29/2026,,0,,FALSE,,,,
8530,4107,9,14,2,6/29/2026,サブプレート作成,0,,FALSE,,,,
8531,1640,9,51,0.75,6/29/2026,梱包、５S,0,,FALSE,,,,
8532,1640,9,42,0.5,6/29/2026,SHT-017プラグ修理,0,,FALSE,,,,
8533,4107,21,12,2,6/30/2026,,0,,FALSE,,,,
8534,4108,21,13,1.5,6/30/2026,,0,,FALSE,,,,
8535,1640,21,50,0.25,6/30/2026,,0,,FALSE,,,,
8536,4112,9,14,3.5,6/30/2026,金型改造・穴あけ・ミガキ,0,,FALSE,,,,
8537,4113,9,20,1.5,6/30/2026,,0,,FALSE,,,,
8538,1640,9,51,0.75,6/30/2026,,0,,FALSE,,,,
8539,4099,9,14,2.25,6/30/2026,抜型用アルミベース・プレート,0,,FALSE,,,,
8540,4115,9,14,3,7/1/2026,,0,,FALSE,,,,
8541,4110,9,10,1.5,7/1/2026,,0,,FALSE,,,,
8542,4107,9,14,1.5,7/2/2026,金型改造,0,,FALSE,,,,
8543,4116,9,42,2,7/1/2026,プラグ改造,0,,FALSE,,,,
8544,1640,9,888,2,7/1/2026,水冷ベース清掃,0,,FALSE,,,,
8545,1640,9,888,1.5,7/1/2026,金型のSACT登録実施,0,,FALSE,,,,
8546,4110,21,11,2,7/2/2026,,0,,FALSE,,,,
8547,4111,21,13,1,7/2/2026,,0,,FALSE,,,,
8548,1640,21,888,1,7/2/2026,ハオさんの通院対応,0,,FALSE,,,,
8549,4117,9,10,1.5,7/2/2026,,0,,FALSE,,,,
8550,4110,9,12,2,7/2/2026,,0,,FALSE,,,,
8551,4111,9,13,2.25,7/2/2026,,0,,FALSE,,,,
8552,4118,9,10,2.5,7/3/2026,,0,,FALSE,,,,
8553,4120,9,40,3,7/2/2026,,0,,FALSE,,,,
8554,1640,9,888,1,7/2/2026,梱包、５S、スタッキング修理,0,,FALSE,,,,
8555,1640,21,50,0.25,7/3/2026,,0,,FALSE,,,,
8556,4113,21,21,0.75,7/3/2026,,0,,FALSE,,,,
8557,4114,21,23,0.5,7/3/2026,,0,,FALSE,,,,
8558,4108,21,13,1,7/3/2026,,0,,FALSE,,,,
8559,4107,21,12,0.5,7/3/2026,,0,,FALSE,,,,
8560,1640,21,888,3,7/3/2026,銅板作成,0,,FALSE,,,,
8561,4123,9,10,3,7/4/2026,,0,,FALSE,,,,
8562,3937,9,10,2,7/3/2026,金型カット,0,,FALSE,,,,
8563,3938,9,10,2,7/3/2026,金型カット,0,,FALSE,,,,
8564,2570,9,10,1,7/3/2026,外周削り,0,,FALSE,,,,
8565,1640,9,42,0.75,7/3/2026,ZA 水冷ベース削り,0,,FALSE,,,,
8566,4132,9,41,0.5,7/3/2026,ZH タイプ,0,,FALSE,,,,
8567,4107,9,10,1.5,7/3/2026,金型改造・リブ付,0,,FALSE,,,,
8568,1640,9,50,1.5,7/3/2026,梱包・5S,0,,FALSE,,,,
8569,4118,9,10,1,7/4/2026,,0,,FALSE,,,,
8571,4129,9,10,3,7/4/2026,,0,,FALSE,,,,
8572,4133,9,14,3,7/4/2026,,0,,FALSE,,,,
8573,4113,9,22,0.25,7/4/2026,,0,,FALSE,,,,
8574,4140,9,42,4.5,7/5/2026,,0,,FALSE,,,,
8575,4134,9,10,3.5,7/5/2026,,0,,FALSE,,,,
8576,4136,9,10,3,7/5/2026,,0,,FALSE,,,,
8577,4123,9,10,0.5,7/5/2026,,0,,FALSE,,,,
8579,1640,21,50,0.25,7/6/2026,,0,,FALSE,,,,
8580,4123,21,11,3,7/6/2026,,0,,FALSE,,,,
8581,4118,21,11,3,7/6/2026,,0,,FALSE,,,,
8582,4140,9,42,7,7/6/2026,,0,,FALSE,,,,
8583,4136,9,10,1.5,7/6/2026,,0,,FALSE,,,,
8584,4129,9,10,3.5,7/6/2026,,0,,FALSE,,,,
8585,1640,9,888,0.75,7/6/2026,,0,,FALSE,,,,
8586,4119,21,13,3,7/7/2026,,0,,FALSE,,,,
8587,4136,21,11,2.5,7/7/2026,,0,,FALSE,,,,
8588,1640,21,50,0.5,7/7/2026,,0,,FALSE,,,,
8589,4126,9,10,3,7/7/2026,,0,,FALSE,,,,
8590,1640,9,41,0.5,7/7/2026,,0,,FALSE,,,,
8591,4141,9,10,3,7/7/2026,,0,,FALSE,,,,
8592,4136,9,10,0.75,7/7/2026,,0,,FALSE,,,,
8593,4134,9,10,0.75,7/7/2026,,0,,FALSE,,,,
8594,1640,9,888,1,7/7/2026,MTM-197、MTM-196カット・テフロン加工の手配,0,,FALSE,,,,
8595,1640,9,50,1,7/7/2026,,0,,FALSE,,,,
8596,1640,21,50,0.25,7/8/2026,,0,,FALSE,,,,
8597,4126,21,11,1,7/8/2026,,0,,FALSE,,,,
8598,4124,21,13,3,7/8/2026,,0,,FALSE,,,,
8599,4134,21,11,1.75,7/8/2026,,0,,FALSE,,,,
8601,4126,21,12,1,7/8/2026,,0,,FALSE,,,,
8602,4143,9,10,3,7/8/2026,,0,,FALSE,,,,
8603,4145,9,14,2.5,7/8/2026,,0,,FALSE,,,,
8604,4146,9,14,2,7/8/2026,,0,,FALSE,,,,
8605,1640,9,50,1.5,7/8/2026,,0,,FALSE,,,,
8606,1640,9,888,1,7/8/2026,金型整理・出荷,0,,FALSE,,,,
8607,1640,21,50,0.5,7/9/2026,,0,,FALSE,,,,
8608,4118,21,12,2.5,7/9/2026,,0,,FALSE,,,,
8609,4123,21,12,2,7/9/2026,,0,,FALSE,,,,
8610,4134,21,11,1.5,7/9/2026,,0,,FALSE,,,,
8611,1640,9,50,0.5,7/9/2026,,0,,FALSE,,,,
8612,1640,9,888,1,7/9/2026,金型確認・写真撮影,0,,FALSE,,,,
8613,4141,9,10,1,7/9/2026,,0,,FALSE,,,,
8614,1640,9,40,2.5,7/9/2026,,0,,FALSE,,,,
8615,4148,9,10,2,7/9/2026,金型改造,0,,FALSE,,,,
8616,4147,9,14,3,7/9/2026,,0,,FALSE,,,,
8617,4149,9,14,4,7/10/2026,,0,,FALSE,,,,
8618,4150,9,10,3,7/10/2026,,0,,FALSE,,,,
8619,4146,9,14,1,7/10/2026,,0,,FALSE,,,,
8620,4148,9,14,1,7/10/2026,,0,,FALSE,,,,
8621,1640,9,50,1.5,7/10/2026,キリコ回収の対応,0,,FALSE,,,,
8623,1640,9,41,0.5,7/10/2026,,0,,FALSE,,,,
8624,1640,21,50,0.5,7/10/2026,,0,,FALSE,,,,
8625,4129,21,11,2.5,7/11/2026,,0,,FALSE,,,,
8626,4136,21,11,1.5,7/10/2026,,0,,FALSE,,,,
8627,1640,21,50,0.5,7/11/2026,,0,,FALSE,,,,
8628,4134,21,12,2,7/10/2026,,0,,FALSE,,,,
8630,4135,21,13,3,7/10/2026,,0,,FALSE,,,,
8631,4136,21,12,2.5,7/11/2026,,0,,FALSE,,,,
8632,4137,21,13,1.5,7/11/2026,,0,,FALSE,,,,
8634,1640,9,50,1.5,7/11/2026,,0,,FALSE,,,,
8635,4155,9,14,3,7/11/2026,,0,,FALSE,,,,
8636,4156,9,14,2.5,7/11/2026,,0,,FALSE,,,,
8637,4157,9,20,1.5,7/11/2026,,0,,FALSE,,,,
8638,4129,9,11,1,7/11/2026,,0,,FALSE,,,,
8639,1640,9,888,3,7/12/2026,成形機フレーム作成(計算・ガバリ作成）,0,,FALSE,,,,
8640,1640,21,50,0.25,7/13/2026,,0,,FALSE,,,,
8641,4143,9,11,1.5,7/13/2026,,0,,FALSE,,,,
8642,4129,21,12,2.25,7/13/2026,,0,,FALSE,,,,
8643,4130,21,13,3.5,7/13/2026,,0,,FALSE,,,,
8644,4159,9,14,2.5,7/13/2026,,0,,FALSE,,,,
8645,4157,9,20,2,7/13/2026,アンダーカット加工,0,,FALSE,,,,
8646,1640,9,50,1.5,7/13/2026,梱包、５S,0,,FALSE,,,,
8648,1640,9,888,3.5,7/13/2026,成形機フレーム作成・穴あけ,0,,FALSE,,,,
8649,1640,21,50,0.25,7/14/2026,,0,,FALSE,,,,
8650,4157,21,21,0.5,7/14/2026,,0,,FALSE,,,,
8651,4157,21,22,0.5,7/14/2026,,0,,FALSE,,,,
8652,4158,21,23,0.5,7/14/2026,,0,,FALSE,,,,
8653,4143,21,11,1.25,7/14/2026,,0,,FALSE,,,,
8654,4144,21,13,3,7/14/2026,,0,,FALSE,,,,
8655,1640,9,50,1,7/14/2026,梱包・5S,0,,FALSE,,,,
8656,1640,9,888,3.5,7/14/2026,KSP金型改造・穴あけ,0,,FALSE,,,,
8657,4160,9,20,2.5,7/15/2026,,0,,FALSE,,,,
8658,4141,9,11,2,7/14/2026,,0,,FALSE,,,,
8659,4141,9,12,2.5,7/14/2026,,0,,FALSE,,,,
8660,4142,9,13,2.5,7/14/2026,,0,,FALSE,,,,
8661,4162,9,20,1.75,7/15/2026,,0,,FALSE,,,,
8662,4164,9,20,2,7/15/2026,,0,,FALSE,,,,
8663,1640,21,50,0.5,7/15/2026,,0,,FALSE,,,,
8664,1640,21,888,2.5,7/15/2026,KSP-214～218金型改造のミガキ・梱包,0,,FALSE,,,,
8665,4160,21,21,0.25,7/15/2026,,0,,FALSE,,,,
8666,4160,9,22,0.5,7/15/2026,,0,,FALSE,,,,
8667,1640,21,40,2.75,7/15/2026,,0,,FALSE,,,,
8668,4166,9,10,3,7/15/2026,,0,,FALSE,,,,
8669,1640,9,42,1.5,7/15/2026,"圧空ベース外周削り(590x300, 590x350)",0,,FALSE,,,,
8670,1640,9,888,0.5,7/15/2026,梱包,0,,FALSE,,,,
8671,1640,21,50,0.25,7/16/2026,,0,,FALSE,,,,
8672,4162,21,21,0.5,7/16/2026,,0,,FALSE,,,,
8673,4162,21,22,0.5,7/16/2026,,0,,FALSE,,,,
8674,4163,21,23,0.5,7/16/2026,,0,,FALSE,,,,
8675,4164,21,21,0.5,7/16/2026,,0,,FALSE,,,,
8676,1640,21,888,2,7/16/2026,切板,0,,FALSE,,,,
8677,1640,21,888,1.75,7/16/2026,スタッキング,0,,FALSE,,,,
8678,1640,9,620,1,7/16/2026,,0,,FALSE,,,,
8679,1640,9,50,1,7/16/2026,,0,,FALSE,,,,
8680,4168,9,14,5,7/16/2026,,0,,FALSE,,,,
8681,4161,9,23,2,7/16/2026,,0,,FALSE,,,,
8682,4169,9,42,2,7/16/2026,,0,,FALSE,,,,
8683,1640,9,888,0.75,7/16/2026,,0,,FALSE,,,,
8684,1640,21,50,0.5,7/17/2026,,0,,FALSE,,,,
8685,4166,21,11,3,7/17/2026,,0,,FALSE,,,,
8686,4167,21,12,2,7/17/2026,,0,,FALSE,,,,
8687,4164,21,22,0.5,7/17/2026,,0,,FALSE,,,,
8688,4170,9,14,4,7/17/2026,,0,,FALSE,,,,
8689,4171,9,10,2.5,7/17/2026,改造,0,,FALSE,,,,
8690,4166,9,10,1.5,7/17/2026,,0,,FALSE,,,,
8691,1640,9,888,1,7/17/2026,機械部品修理,0,,FALSE,,,,
8692,1640,9,51,1,7/17/2026,梱包・5S,0,,FALSE,,,,
8693,1640,9,888,11,7/19/2026,成形機フレーム作成,0,,FALSE,,,,
8694,1640,21,50,0.5,7/21/2026,,0,,FALSE,,,,
8695,4166,21,12,3,7/21/2026,,0,,FALSE,,,,
8696,4167,21,13,2,7/21/2026,,0,,FALSE,,,,
8697,4165,21,23,0.5,7/21/2026,,0,,FALSE,,,,
8698,1640,21,888,0.5,7/21/2026,切板,0,,FALSE,,,,
8699,4172,9,10,8,7/21/2026,,0,,FALSE,,,,
8700,4149,9,14,3,7/21/2026,,0,,FALSE,,,,
8701,1640,9,888,1,7/21/2026,梱包・5S,0,,FALSE,,,,
8702,1640,21,50,0.5,7/22/2026,,0,,FALSE,,,,
8703,4173,9,10,6,7/22/2026,金型修理,0,,FALSE,,,,
8704,4172,9,14,1,7/22/2026,金型修理,0,,FALSE,,,,
8705,4167,21,13,2,7/22/2026,,0,,FALSE,,,,
8706,4171,21,12,1,7/22/2026,,0,,FALSE,,,,
8707,4174,21,13,2.75,7/22/2026,,0,,FALSE,,,,
8708,4175,9,10,3,7/22/2026,,0,,FALSE,,,,
8709,1640,9,888,1.5,7/22/2026,,0,,FALSE,,,,
8710,1640,9,888,3,7/23/2026,整形機械ドア部品修理,0,,FALSE,,,,
8711,1640,9,888,7.5,7/23/2026,成形機フレーム作成,0,,FALSE,,,,
8712,1640,21,50,0.5,7/24/2026,,0,,FALSE,,,,
8713,1640,21,888,3,7/24/2026,スタッキング、切板,0,,FALSE,,,,
8714,4176,21,13,3,7/24/2026,ネル貼りの作り直し,0,,FALSE,,,,
8715,1640,9,888,12,7/24/2026,成形機フレーム作成,0,,FALSE,,,,
8716,1640,21,50,0.5,7/25/2026,,0,,FALSE,,,,
8717,4177,9,10,3,7/25/2026,,0,,FALSE,,,,
8718,1640,9,888,8,7/25/2026,成形機フレーム作成,0,,FALSE,,,,
8719,1640,21,50,0.5,7/27/2026,,0,,FALSE,,,,
8720,4175,21,11,1,7/27/2026,改造,0,,FALSE,,,,
8721,4175,21,22,1,7/27/2026,改造,0,,FALSE,,,,
8722,4171,21,11,1,7/27/2026,改造,0,,FALSE,,,,
8723,4171,21,12,1,7/27/2026,改造,0,,FALSE,,,,
8724,4177,21,11,2,7/27/2026,,0,,FALSE,,,,
8725,4179,9,14,3,7/27/2026,,0,,FALSE,,,,
8726,1640,9,888,8,7/27/2026,成形機フレーム作成,0,,FALSE,,,,
8727,1640,9,50,1,7/27/2026,,0,,FALSE,,,,
8728,1640,21,50,0.5,7/28/2026,,0,,FALSE,,,,
8729,1640,21,40,3.5,7/28/2026,590ｘ350,0,,FALSE,,,,
8730,1640,21,888,2,7/28/2026,成形機フレーム作成の応援,0,,FALSE,,,,
8731,1640,9,888,9,7/28/2026,成形機フレーム作成,0,,FALSE,,,,
8732,4180,9,14,3,7/28/2026,,0,,FALSE,,,,
8733,1640,9,888,4,7/26/2026,成形機フレーム作成,0,,FALSE,,,,
8734,1640,21,50,0.5,7/29/2026,,0,,FALSE,,,,
8735,4177,21,12,2,7/29/2026,,0,,FALSE,,,,
8736,4178,21,13,3,7/29/2026,,0,,FALSE,,,,
8737,1640,21,888,1,7/29/2026,スタッキング,0,,FALSE,,,,
8738,4181,9,40,2.5,7/29/2026,,0,,FALSE,,,,
8739,4179,9,14,2,7/29/2026,,0,,FALSE,,,,
8740,1640,9,888,6.75,7/29/2026,成形機フレーム作成,0,,FALSE,,,,
8741,4149,9,888,3,7/30/2026,仕上げ,0,,FALSE,,,,
8742,1640,9,888,3,7/30/2026,成形機フレーム作成,0,,FALSE,,,,
8743,4182,9,14,3,7/30/2026,,0,,FALSE,,,,
8744,1640,9,50,1,7/30/2026,5S・その他,0,,FALSE,,,,
8745,1640,21,50,0.5,7/31/2026,,0,,FALSE,,,,
8746,1640,21,888,4.5,7/31/2026,スタッキング,0,,FALSE,,,,
8747,4170,9,14,1,7/31/2026,,0,,FALSE,,,,
8748,4183,9,14,4,7/31/2026,,0,,FALSE,,,,
8749,1640,9,888,6.5,7/31/2026,モーター軸の取り外し・分解点検,0,,FALSE,,,,
8750,4184,9,40,2.5,8/2/2026,,0,,FALSE,,,,
8751,1640,9,888,7.75,8/2/2026,,0,,FALSE,,,,
8752,4186,9,20,2.5,8/3/2026,,0,,FALSE,,,,
8753,4188,9,14,2,8/3/2026,,0,,FALSE,,,,
8754,1640,9,50,2,8/3/2026,,0,,FALSE,,,,
8755,1640,9,888,1.5,8/3/2026,梱包・出荷対応,0,,FALSE,,,,
8756,4191,9,10,3,8/4/2026,,0,,FALSE,,,,
8757,4193,9,10,2.75,8/4/2026,,0,,FALSE,,,,
8758,4189,9,10,3,8/4/2026,,0,,FALSE,,,,
8759,1640,9,888,2,8/4/2026,,0,,FALSE,,,,
8760,4147,9,14,4,8/5/2026,,0,,FALSE,,,,
8761,4195,9,14,4,8/5/2026,,0,,FALSE,,,,
8762,4193,9,10,1.5,8/5/2026,,0,,FALSE,,,,
8763,4186,9,21,0.5,8/5/2026,,0,,FALSE,,,,
8764,4186,9,22,0.5,8/5/2026,,0,,FALSE,,,,
8765,1640,9,888,1,8/5/2026,梱包・５S・圧空ベースタップ追加工,0,,FALSE,,,,
8766,4196,9,14,3,8/6/2026,,0,,FALSE,,,,
8767,4197,9,14,2,8/6/2026,,0,,FALSE,,,,
8768,1640,9,42,3.5,8/6/2026,フレーム,0,,FALSE,,,,
8769,4187,9,23,0.5,8/6/2026,,0,,FALSE,,,,
8770,4189,9,10,1,8/6/2026,,0,,FALSE,,,,
8771,4191,9,10,1,8/6/2026,,0,,FALSE,,,,
8772,1640,9,50,0.5,8/6/2026,梱包、５S,0,,FALSE,,,,
8773,4198,9,10,3.5,8/7/2026,,0,,FALSE,,,,
8774,4200,9,20,4,8/7/2026,,0,,FALSE,,,,
8775,4193,9,10,0.5,8/7/2026,,0,,FALSE,,,,
8776,1640,9,40,2.25,8/7/2026,,0,,FALSE,,,,
8777,1640,9,50,1,8/7/2026,,0,,FALSE,,,,
8778,4182,9,14,3,8/8/2026,,0,,FALSE,,,,
8779,4195,9,14,4,8/8/2026,加工・組立,0,,FALSE,,,,
8780,4200,9,20,1,8/8/2026,,0,,FALSE,,,,
8781,4200,9,21,0.5,8/8/2026,,0,,FALSE,,,,
8782,4200,9,22,0.5,8/8/2026,,0,,FALSE,,,,
8783,1640,9,888,1.25,8/8/2026,,0,,FALSE,,,,
8784,4198,9,10,1,8/10/2026,,0,,FALSE,,,,
8785,4155,9,14,4,8/10/2026,,0,,FALSE,,,,
8786,1640,9,50,5,8/10/2026,,0,,FALSE,,,,
8787,1640,21,888,3,8/17/2026,ハオさんの通院対応,0,,FALSE,,,,
8788,4193,9,11,1,8/17/2026,,0,,FALSE,,,,
8789,4193,21,11,1,8/17/2026,,0,,FALSE,,,,
8790,1640,21,50,0.5,8/18/2026,,0,,FALSE,,,,
8791,4193,21,11,1.5,8/18/2026,,0,,FALSE,,,,
8792,4198,21,11,2,8/18/2026,,0,,FALSE,,,,
8794,1640,21,888,1,8/18/2026,,0,,FALSE,,,,
8795,4190,21,13,2,8/18/2026,,0,,FALSE,,,,
8796,4180,9,14,4,8/18/2026,,0,,FALSE,,,,
8797,4202,9,10,1.5,8/18/2026,,0,,FALSE,,,,
8798,4202,9,10,2,8/17/2026,,0,,FALSE,,,,
8799,4191,9,11,1.5,8/17/2026,,0,,FALSE,,,,
8800,4191,9,12,2,8/18/2026,,0,,FALSE,,,,
8801,4189,9,11,1.5,8/17/2026,,0,,FALSE,,,,
8802,1640,9,888,1,8/18/2026,５S・梱包,0,,FALSE,,,,
8803,1640,21,50,0.5,8/20/2026,,0,,FALSE,,,,
8804,4193,21,12,2.25,8/19/2026,,0,,FALSE,,,,
8806,4194,21,13,3.5,8/20/2026,,0,,FALSE,,,,
8807,4198,21,11,1,8/20/2026,,0,,FALSE,,,,
8808,4192,21,13,2,8/18/2026,,0,,FALSE,,,,
8809,4201,21,23,2,8/20/2026,,0,,FALSE,,,,
8810,4189,9,12,2,8/18/2026,,0,,FALSE,,,,
8811,1640,9,50,0.5,8/20/2026,,0,,FALSE,,,,
8812,4206,9,10,3,8/20/2026,,0,,FALSE,,,,
8813,4204,9,10,3,8/20/2026,,0,,FALSE,,,,
8814,4193,9,12,1,8/20/2026,,0,,FALSE,,,,
8815,1640,9,888,2,8/20/2026,,0,,FALSE,,,,
8816,1640,21,50,0.5,8/21/2026,,0,,FALSE,,,,
8817,4194,21,13,1.5,8/21/2026,,0,,FALSE,,,,
8818,4198,21,12,2.5,8/21/2026,,0,,FALSE,,,,
8819,4199,21,13,2.5,8/21/2026,,0,,FALSE,,,,
8820,4208,9,10,1,8/21/2026,,0,,FALSE,,,,
8821,4206,9,10,1.5,8/21/2026,,0,,FALSE,,,,
8822,1640,9,888,6,8/21/2026,立形マシニングセンタへのアングルヘッド装着および横穴加工検討,0,,FALSE,,,,
8823,1640,21,50,0.5,8/24/2026,,0,,FALSE,,,,
8824,4205,21,13,5,8/24/2026,,0,,FALSE,,,,
8825,4208,21,11,1.5,8/24/2026,,0,,FALSE,,,,
8826,1640,9,50,3,8/24/2026,,0,,FALSE,,,,
8827,4202,9,11,1.5,8/24/2026,,0,,FALSE,,,,
8828,4202,9,12,1.75,8/24/2026,,0,,FALSE,,,,
8829,1640,9,40,2,8/24/2026,中板,0,,FALSE,,,,
8830,4206,9,10,0.75,8/24/2026,面取・アンダースタック,0,,FALSE,,,,
8831,4204,9,10,1,8/24/2026,面取・アンダースタック,0,,FALSE,,,,
8832,1640,21,50,0.5,8/25/2026,,0,,FALSE,,,,
8833,4208,21,11,1,8/25/2026,,0,,FALSE,,,,
8834,4204,21,11,2.5,8/25/2026,,0,,FALSE,,,,
8835,4207,21,13,2,8/25/2026,,0,,FALSE,,,,
8836,4204,21,12,1,8/25/2026,,0,,FALSE,,,,
8837,4208,9,12,2,8/25/2026,,0,,FALSE,,,,
8838,4206,9,11,2.5,8/25/2026,,0,,FALSE,,,,
8839,4206,9,12,2,8/25/2026,,0,,FALSE,,,,
8840,4204,9,12,2,8/25/2026,,0,,FALSE,,,,
8841,1640,9,888,0.75,8/25/2026,,0,,FALSE,,,,
8843,4211,21,40,3,8/26/2026,,0,,FALSE,,,,
8844,4212,21,40,3.5,8/26/2026,,0,,FALSE,,,,
8845,1640,21,50,0.5,8/26/2026,,0,,FALSE,,,,
8846,4213,9,10,3,8/26/2026,,0,,FALSE,,,,
8847,4215,9,10,3,8/26/2026,,0,,FALSE,,,,
8848,3247,9,888,1,8/26/2026,サンドブラスト,0,,FALSE,,,,
8849,3250,9,888,1,8/26/2026,サンドブラスト,0,,FALSE,,,,
8850,2276,9,888,2.25,8/26/2026,金型写真・梱包,0,,FALSE,,,,
8851,1640,21,50,0.5,8/27/2026,,0,,FALSE,,,,
8853,1640,9,50,1.5,8/27/2026,金型写真・5S,0,,FALSE,,,,
8854,1640,21,40,3.5,8/27/2026,470x400,0,,FALSE,,,,
8855,4203,21,13,2.5,8/27/2026,,0,,FALSE,,,,
8856,4217,9,10,3.5,8/27/2026,,0,,FALSE,,,,
8857,4198,9,888,0.5,8/27/2026,サンドブラスト,0,,FALSE,,,,
8858,3247,9,888,1.5,8/27/2026,改造・穴追加工,0,,FALSE,,,,
8859,3250,9,888,1.5,8/27/2026,改造・穴追加工,0,,FALSE,,,,
